engine,elapsed_s,txn_index,success,latency_ms,error_message
spanner,0.00,1,1,49.731,
spanner,0.05,2,1,9.776,
spanner,0.06,3,1,7.778,
spanner,0.07,4,1,7.635,
spanner,0.08,5,1,7.947,
spanner,0.08,6,1,7.883,
spanner,0.09,7,1,7.931,
spanner,0.10,8,1,7.733,
spanner,0.11,9,1,8.085,
spanner,0.11,10,1,7.619,
spanner,0.12,11,1,9.162,
spanner,0.13,12,1,10.663,
spanner,0.14,13,1,13.151,
spanner,0.16,14,1,11.039,
spanner,0.17,15,1,13.550,
spanner,0.18,16,1,11.222,
spanner,0.19,17,1,8.703,
spanner,0.20,18,1,8.138,
spanner,0.21,19,1,8.230,
spanner,0.22,20,1,7.910,
spanner,0.22,21,1,8.330,
spanner,0.23,22,1,9.358,
spanner,0.24,23,1,8.793,
spanner,0.25,24,1,7.562,
spanner,0.26,25,1,8.738,
spanner,0.27,26,1,8.936,
spanner,0.28,27,1,9.104,
spanner,0.29,28,1,11.091,
spanner,0.30,29,1,11.064,
spanner,0.31,30,1,9.624,
spanner,0.32,31,1,8.033,
spanner,0.33,32,1,8.928,
spanner,0.33,33,1,9.919,
spanner,0.34,34,1,9.293,
spanner,0.35,35,1,8.812,
spanner,0.36,36,1,10.594,
spanner,0.37,37,1,10.556,
spanner,0.38,38,1,10.839,
spanner,0.39,39,1,11.671,
spanner,0.41,40,1,10.800,
spanner,0.42,41,1,9.056,
spanner,0.43,42,1,11.498,
spanner,0.44,43,1,13.616,
spanner,0.45,44,1,11.650,
spanner,0.46,45,1,10.201,
spanner,0.47,46,1,8.626,
spanner,0.48,47,1,8.511,
spanner,0.49,48,1,10.114,
spanner,0.50,49,1,8.602,
spanner,0.51,50,1,8.751,
spanner,0.52,51,1,9.433,
spanner,0.53,52,1,9.186,
spanner,0.54,53,1,10.967,
spanner,0.55,54,1,10.405,
spanner,0.56,55,1,10.286,
spanner,0.57,56,1,9.663,
spanner,0.58,57,1,10.876,
spanner,0.59,58,1,13.320,
spanner,0.60,59,1,8.591,
spanner,0.61,60,1,8.283,
spanner,0.62,61,1,8.951,
spanner,0.63,62,1,10.347,
spanner,0.64,63,1,9.134,
spanner,0.65,64,1,8.654,
spanner,0.66,65,1,8.709,
spanner,0.67,66,1,8.410,
spanner,0.67,67,1,10.971,
spanner,0.69,68,1,11.105,
spanner,0.70,69,1,11.262,
spanner,0.71,70,1,10.732,
spanner,0.72,71,1,8.949,
spanner,0.73,72,1,12.283,
spanner,0.74,73,1,12.411,
spanner,0.75,74,1,10.859,
spanner,0.76,75,1,9.309,
spanner,0.77,76,1,8.451,
spanner,0.78,77,1,8.611,
spanner,0.79,78,1,12.266,
spanner,0.80,79,1,8.502,
spanner,0.81,80,1,8.519,
spanner,0.82,81,1,9.289,
spanner,0.83,82,1,9.702,
spanner,0.84,83,1,8.045,
spanner,0.85,84,1,9.461,
spanner,0.86,85,1,10.144,
spanner,0.87,86,1,11.306,
spanner,0.88,87,1,11.581,
spanner,0.89,88,1,12.603,
spanner,0.90,89,1,14.169,
spanner,0.92,90,1,12.256,
spanner,0.93,91,1,12.471,
spanner,0.94,92,1,13.180,
spanner,0.95,93,1,10.620,
spanner,0.96,94,1,9.130,
spanner,0.97,95,1,9.034,
spanner,0.98,96,1,8.939,
spanner,0.99,97,1,12.438,
spanner,1.00,98,1,10.290,
spanner,1.01,99,1,9.264,
spanner,1.02,100,1,10.324,
spanner,1.03,101,1,12.975,
spanner,1.05,102,1,12.188,
spanner,1.06,103,1,13.409,
spanner,1.07,104,1,15.153,
spanner,1.09,105,1,14.059,
spanner,1.10,106,1,13.745,
spanner,1.12,107,1,11.828,
spanner,1.13,108,1,7.473,
spanner,1.14,109,1,8.106,
spanner,1.14,110,1,8.591,
spanner,1.15,111,1,8.934,
spanner,1.16,112,1,8.107,
spanner,1.17,113,1,10.580,
spanner,1.18,114,1,8.156,
spanner,1.19,115,1,7.116,
spanner,1.19,116,1,7.394,
spanner,1.20,117,1,8.276,
spanner,1.21,118,1,6.761,
spanner,1.22,119,1,6.112,
spanner,1.22,120,1,6.006,
spanner,1.23,121,1,7.365,
spanner,1.24,122,1,9.091,
spanner,1.25,123,1,8.828,
spanner,1.25,124,1,7.780,
spanner,1.26,125,1,7.083,
spanner,1.27,126,1,8.830,
spanner,1.28,127,1,8.365,
spanner,1.29,128,1,7.232,
spanner,1.29,129,1,8.655,
spanner,1.30,130,1,6.785,
spanner,1.31,131,1,6.909,
spanner,1.32,132,1,7.216,
spanner,1.32,133,1,6.518,
spanner,1.33,134,1,6.032,
spanner,1.34,135,1,5.996,
spanner,1.34,136,1,6.860,
spanner,1.35,137,1,5.787,
spanner,1.36,138,1,6.145,
spanner,1.36,139,1,6.129,
spanner,1.37,140,1,6.811,
spanner,1.37,141,1,7.215,
spanner,1.38,142,1,8.616,
spanner,1.39,143,1,7.072,
spanner,1.40,144,1,7.451,
spanner,1.41,145,1,8.473,
spanner,1.41,146,1,7.838,
spanner,1.42,147,1,6.735,
spanner,1.43,148,1,6.618,
spanner,1.43,149,1,6.114,
spanner,1.44,150,1,6.992,
spanner,1.45,151,1,7.571,
spanner,1.46,152,1,6.384,
spanner,1.46,153,1,6.722,
spanner,1.47,154,1,10.640,
spanner,1.48,155,1,6.841,
spanner,1.49,156,1,6.668,
spanner,1.49,157,1,7.040,
spanner,1.50,158,1,6.242,
spanner,1.51,159,1,6.297,
spanner,1.51,160,1,6.715,
spanner,1.52,161,1,6.434,
spanner,1.53,162,1,7.618,
spanner,1.53,163,1,7.202,
spanner,1.54,164,1,8.842,
spanner,1.55,165,1,8.895,
spanner,1.56,166,1,11.360,
spanner,1.57,167,1,11.134,
spanner,1.58,168,1,9.183,
spanner,1.59,169,1,6.950,
spanner,1.60,170,1,7.961,
spanner,1.61,171,1,6.478,
spanner,1.61,172,1,6.648,
spanner,1.62,173,1,6.132,
spanner,1.62,174,1,5.990,
spanner,1.63,175,1,7.125,
spanner,1.64,176,1,6.817,
spanner,1.64,177,1,7.266,
spanner,1.65,178,1,7.630,
spanner,1.66,179,1,9.845,
spanner,1.67,180,1,9.611,
spanner,1.68,181,1,7.972,
spanner,1.69,182,1,7.574,
spanner,1.69,183,1,6.547,
spanner,1.70,184,1,12.241,
spanner,1.71,185,1,8.033,
spanner,1.72,186,1,7.719,
spanner,1.73,187,1,7.297,
spanner,1.74,188,1,7.929,
spanner,1.74,189,1,7.495,
spanner,1.75,190,1,7.077,
spanner,1.76,191,1,7.179,
spanner,1.77,192,1,6.700,
spanner,1.77,193,1,6.082,
spanner,1.78,194,1,6.034,
spanner,1.79,195,1,6.798,
spanner,1.79,196,1,8.215,
spanner,1.80,197,1,7.637,
spanner,1.81,198,1,6.804,
spanner,1.81,199,1,6.971,
spanner,1.82,200,1,6.393,
spanner,1.83,201,1,6.390,
spanner,1.83,202,1,6.951,
spanner,1.84,203,1,7.886,
spanner,1.85,204,1,6.616,
spanner,1.86,205,1,7.317,
spanner,1.86,206,1,7.508,
spanner,1.87,207,1,7.024,
spanner,1.88,208,1,7.132,
spanner,1.89,209,1,6.865,
spanner,1.89,210,1,8.013,
spanner,1.90,211,1,7.025,
spanner,1.91,212,1,7.137,
spanner,1.91,213,1,7.124,
spanner,1.92,214,1,7.567,
spanner,1.93,215,1,8.332,
spanner,1.94,216,1,9.437,
spanner,1.95,217,1,10.800,
spanner,1.96,218,1,9.461,
spanner,1.97,219,1,7.459,
spanner,1.97,220,1,6.606,
spanner,1.98,221,1,8.293,
spanner,1.99,222,1,11.483,
spanner,2.00,223,1,10.201,
spanner,2.01,224,1,9.060,
spanner,2.02,225,1,9.523,
spanner,2.03,226,1,7.759,
spanner,2.04,227,1,7.817,
spanner,2.05,228,1,7.913,
spanner,2.05,229,1,7.413,
spanner,2.06,230,1,6.829,
spanner,2.07,231,1,7.033,
spanner,2.08,232,1,8.345,
spanner,2.08,233,1,10.504,
spanner,2.09,234,1,11.166,
spanner,2.11,235,1,11.705,
spanner,2.12,236,1,11.801,
spanner,2.13,237,1,13.237,
spanner,2.14,238,1,10.586,
spanner,2.15,239,1,11.497,
spanner,2.16,240,1,12.738,
spanner,2.18,241,1,10.223,
spanner,2.19,242,1,9.703,
spanner,2.20,243,1,8.755,
spanner,2.21,244,1,8.268,
spanner,2.21,245,1,7.141,
spanner,2.22,246,1,7.859,
spanner,2.23,247,1,9.367,
spanner,2.24,248,1,8.507,
spanner,2.25,249,1,7.931,
spanner,2.26,250,1,7.862,
spanner,2.26,251,1,8.689,
spanner,2.27,252,1,8.398,
spanner,2.28,253,1,9.944,
spanner,2.29,254,1,9.843,
spanner,2.30,255,1,9.319,
spanner,2.31,256,1,11.763,
spanner,2.32,257,1,12.100,
spanner,2.33,258,1,12.510,
spanner,2.35,259,1,11.925,
spanner,2.36,260,1,12.156,
spanner,2.37,261,1,11.680,
spanner,2.38,262,1,11.933,
spanner,2.39,263,1,13.439,
spanner,2.41,264,1,12.074,
spanner,2.42,265,1,13.137,
spanner,2.43,266,1,12.719,
spanner,2.45,267,1,10.078,
spanner,2.46,268,1,12.367,
spanner,2.47,269,1,13.083,
spanner,2.48,270,1,11.918,
spanner,2.49,271,1,11.711,
spanner,2.50,272,1,10.730,
spanner,2.52,273,1,9.850,
spanner,2.53,274,1,13.050,
spanner,2.54,275,1,13.993,
spanner,2.55,276,1,13.163,
spanner,2.57,277,1,13.600,
spanner,2.58,278,1,13.069,
spanner,2.59,279,1,14.719,
spanner,2.61,280,1,12.974,
spanner,2.62,281,1,13.285,
spanner,2.63,282,1,12.019,
spanner,2.65,283,1,9.690,
spanner,2.66,284,1,8.833,
spanner,2.66,285,1,8.795,
spanner,2.67,286,1,10.241,
spanner,2.68,287,1,14.846,
spanner,2.70,288,1,17.733,
spanner,2.72,289,1,8.714,
spanner,2.73,290,1,8.651,
spanner,2.73,291,1,9.612,
spanner,2.74,292,1,16.023,
spanner,2.76,293,1,16.608,
spanner,2.78,294,1,8.565,
spanner,2.78,295,1,7.882,
spanner,2.79,296,1,8.153,
spanner,2.80,297,1,9.114,
spanner,2.81,298,1,8.799,
spanner,2.82,299,1,8.106,
spanner,2.83,300,1,8.149,
spanner,2.84,301,1,8.216,
spanner,2.84,302,1,11.882,
spanner,2.86,303,1,13.896,
spanner,2.87,304,1,9.378,
spanner,2.88,305,1,9.364,
spanner,2.89,306,1,8.598,
spanner,2.90,307,1,8.961,
spanner,2.91,308,1,9.370,
spanner,2.92,309,1,9.082,
spanner,2.92,310,1,9.199,
spanner,2.93,311,1,9.142,
spanner,2.94,312,1,9.019,
spanner,2.95,313,1,11.216,
spanner,2.96,314,1,9.789,
spanner,2.97,315,1,9.989,
spanner,2.98,316,1,10.299,
spanner,2.99,317,1,9.759,
spanner,3.00,318,1,21.096,
spanner,3.02,319,1,13.688,
spanner,3.04,320,1,11.461,
spanner,3.05,321,1,10.185,
spanner,3.06,322,1,12.220,
spanner,3.07,323,1,14.969,
spanner,3.09,324,1,13.830,
spanner,3.10,325,1,14.247,
spanner,3.11,326,1,10.160,
spanner,3.13,327,1,9.232,
spanner,3.13,328,1,9.529,
spanner,3.14,329,1,7.837,
spanner,3.15,330,1,7.153,
spanner,3.16,331,1,7.281,
spanner,3.17,332,1,6.226,
spanner,3.17,333,1,6.219,
spanner,3.18,334,1,8.002,
spanner,3.19,335,1,8.679,
spanner,3.20,336,1,7.411,
spanner,3.20,337,1,7.312,
spanner,3.21,338,1,7.452,
spanner,3.22,339,1,8.687,
spanner,3.23,340,1,10.544,
spanner,3.24,341,1,9.954,
spanner,3.25,342,1,11.459,
spanner,3.26,343,1,13.059,
spanner,3.27,344,1,11.950,
spanner,3.28,345,1,9.730,
spanner,3.29,346,1,6.971,
spanner,3.30,347,1,6.792,
spanner,3.31,348,1,6.243,
spanner,3.31,349,1,6.080,
spanner,3.32,350,1,8.586,
spanner,3.33,351,1,10.595,
spanner,3.34,352,1,10.291,
spanner,3.35,353,1,10.143,
spanner,3.36,354,1,9.452,
spanner,3.37,355,1,8.054,
spanner,3.38,356,1,7.238,
spanner,3.38,357,1,6.774,
spanner,3.39,358,1,9.686,
spanner,3.40,359,1,8.183,
spanner,3.41,360,1,6.526,
spanner,3.42,361,1,6.576,
spanner,3.42,362,1,6.511,
spanner,3.43,363,1,7.297,
spanner,3.44,364,1,5.963,
spanner,3.44,365,1,5.914,
spanner,3.45,366,1,6.276,
spanner,3.45,367,1,6.290,
spanner,3.46,368,1,5.809,
spanner,3.47,369,1,5.989,
spanner,3.47,370,1,6.399,
spanner,3.48,371,1,6.626,
spanner,3.49,372,1,6.362,
spanner,3.49,373,1,6.710,
spanner,3.50,374,1,6.828,
spanner,3.51,375,1,6.139,
spanner,3.51,376,1,6.853,
spanner,3.52,377,1,6.970,
spanner,3.53,378,1,9.036,
spanner,3.53,379,1,8.212,
spanner,3.54,380,1,7.079,
spanner,3.55,381,1,6.481,
spanner,3.56,382,1,7.352,
spanner,3.56,383,1,8.915,
spanner,3.57,384,1,7.004,
spanner,3.58,385,1,6.476,
spanner,3.59,386,1,6.068,
spanner,3.59,387,1,7.210,
spanner,3.60,388,1,8.017,
spanner,3.61,389,1,7.620,
spanner,3.62,390,1,8.289,
spanner,3.62,391,1,6.745,
spanner,3.63,392,1,6.991,
spanner,3.64,393,1,7.015,
spanner,3.64,394,1,7.038,
spanner,3.65,395,1,6.238,
spanner,3.66,396,1,6.345,
spanner,3.66,397,1,6.122,
spanner,3.67,398,1,6.834,
spanner,3.68,399,1,6.962,
spanner,3.68,400,1,6.131,
spanner,3.69,401,1,6.191,
spanner,3.70,402,1,6.521,
spanner,3.70,403,1,8.057,
spanner,3.71,404,1,6.873,
spanner,3.72,405,1,7.335,
spanner,3.73,406,1,7.350,
spanner,3.73,407,1,8.949,
spanner,3.74,408,1,7.167,
spanner,3.75,409,1,6.743,
spanner,3.76,410,1,6.283,
spanner,3.76,411,1,6.857,
spanner,3.77,412,1,7.296,
spanner,3.78,413,1,7.628,
spanner,3.78,414,1,8.812,
spanner,3.79,415,1,9.492,
spanner,3.80,416,1,11.942,
spanner,3.81,417,1,10.879,
spanner,3.83,418,1,9.169,
spanner,3.83,419,1,7.971,
spanner,3.84,420,1,7.775,
spanner,3.85,421,1,7.875,
spanner,3.86,422,1,8.855,
spanner,3.87,423,1,11.194,
spanner,3.88,424,1,6.946,
spanner,3.89,425,1,6.792,
spanner,3.89,426,1,7.062,
spanner,3.90,427,1,8.401,
spanner,3.91,428,1,7.614,
spanner,3.92,429,1,9.994,
spanner,3.93,430,1,11.982,
spanner,3.94,431,1,7.239,
spanner,3.94,432,1,7.249,
spanner,3.95,433,1,7.378,
spanner,3.96,434,1,8.187,
spanner,3.97,435,1,9.811,
spanner,3.98,436,1,10.240,
spanner,3.99,437,1,7.996,
spanner,4.00,438,1,9.723,
spanner,4.01,439,1,9.945,
spanner,4.02,440,1,8.477,
spanner,4.02,441,1,7.474,
spanner,4.03,442,1,7.334,
spanner,4.04,443,1,8.646,
spanner,4.05,444,1,9.593,
spanner,4.06,445,1,10.895,
spanner,4.07,446,1,11.889,
spanner,4.08,447,1,9.392,
spanner,4.09,448,1,10.140,
spanner,4.10,449,1,10.396,
spanner,4.11,450,1,10.592,
spanner,4.12,451,1,10.500,
spanner,4.13,452,1,8.986,
spanner,4.14,453,1,8.444,
spanner,4.15,454,1,9.133,
spanner,4.16,455,1,9.035,
spanner,4.17,456,1,8.277,
spanner,4.18,457,1,7.697,
spanner,4.18,458,1,10.218,
spanner,4.19,459,1,9.353,
spanner,4.20,460,1,8.718,
spanner,4.21,461,1,7.939,
spanner,4.22,462,1,8.566,
spanner,4.23,463,1,8.204,
spanner,4.24,464,1,8.425,
spanner,4.24,465,1,9.972,
spanner,4.25,466,1,11.059,
spanner,4.27,467,1,11.166,
spanner,4.28,468,1,12.247,
spanner,4.29,469,1,9.363,
spanner,4.30,470,1,7.899,
spanner,4.31,471,1,7.617,
spanner,4.31,472,1,7.644,
spanner,4.32,473,1,7.550,
spanner,4.33,474,1,8.113,
spanner,4.34,475,1,8.077,
spanner,4.35,476,1,8.397,
spanner,4.35,477,1,10.705,
spanner,4.36,478,1,10.356,
spanner,4.38,479,1,10.853,
spanner,4.39,480,1,11.385,
spanner,4.40,481,1,11.420,
spanner,4.41,482,1,15.937,
spanner,4.43,483,1,13.424,
spanner,4.44,484,1,12.630,
spanner,4.45,485,1,9.654,
spanner,4.46,486,1,8.229,
spanner,4.47,487,1,9.276,
spanner,4.48,488,1,8.890,
spanner,4.49,489,1,10.189,
spanner,4.50,490,1,9.064,
spanner,4.51,491,1,9.379,
spanner,4.52,492,1,12.051,
spanner,4.53,493,1,12.072,
spanner,4.54,494,1,11.051,
spanner,4.55,495,1,10.318,
spanner,4.56,496,1,9.919,
spanner,4.57,497,1,9.407,
spanner,4.58,498,1,9.464,
spanner,4.59,499,1,9.411,
spanner,4.60,500,1,9.269,
spanner,4.61,501,1,8.647,
spanner,4.62,502,1,12.768,
spanner,4.63,503,1,8.701,
spanner,4.64,504,1,9.040,
spanner,4.65,505,1,8.904,
spanner,4.66,506,1,8.847,
spanner,4.67,507,1,9.323,
spanner,4.68,508,1,8.264,
spanner,4.68,509,1,8.227,
spanner,4.69,510,1,9.199,
spanner,4.70,511,1,10.106,
spanner,4.71,512,1,9.658,
spanner,4.72,513,1,10.355,
spanner,4.73,514,1,11.573,
spanner,4.74,515,1,10.501,
spanner,4.75,516,1,12.012,
spanner,4.77,517,1,13.263,
spanner,4.78,518,1,12.220,
spanner,4.79,519,1,13.520,
spanner,4.81,520,1,12.907,
spanner,4.82,521,1,10.451,
spanner,4.83,522,1,11.935,
spanner,4.84,523,1,11.913,
spanner,4.85,524,1,12.451,
spanner,4.87,525,1,10.583,
spanner,4.88,526,1,8.603,
spanner,4.88,527,1,8.345,
spanner,4.89,528,1,8.806,
spanner,4.90,529,1,8.403,
spanner,4.91,530,1,8.408,
spanner,4.92,531,1,8.512,
spanner,4.93,532,1,8.835,
spanner,4.94,533,1,10.661,
spanner,4.95,534,1,11.118,
spanner,4.96,535,1,13.377,
spanner,4.97,536,1,14.078,
spanner,4.99,537,1,12.438,
spanner,5.00,538,1,11.998,
spanner,5.01,539,1,10.089,
spanner,5.02,540,1,9.798,
spanner,5.03,541,1,9.622,
spanner,5.04,542,1,12.021,
spanner,5.05,543,1,12.151,
spanner,5.06,544,1,12.979,
spanner,5.08,545,1,13.552,
spanner,5.09,546,1,14.422,
spanner,5.10,547,1,15.482,
spanner,5.12,548,1,13.829,
spanner,5.13,549,1,15.254,
spanner,5.15,550,1,14.269,
spanner,5.16,551,1,10.970,
spanner,5.17,552,1,12.655,
spanner,5.19,553,1,8.173,
spanner,5.20,554,1,7.291,
spanner,5.20,555,1,7.348,
spanner,5.21,556,1,6.877,
spanner,5.22,557,1,6.471,
spanner,5.22,558,1,6.651,
spanner,5.23,559,1,6.435,
spanner,5.24,560,1,6.999,
spanner,5.24,561,1,7.209,
spanner,5.25,562,1,6.888,
spanner,5.26,563,1,7.404,
spanner,5.27,564,1,6.424,
spanner,5.27,565,1,6.438,
spanner,5.28,566,1,6.053,
spanner,5.28,567,1,6.178,
spanner,5.29,568,1,6.575,
spanner,5.30,569,1,6.539,
spanner,5.30,570,1,6.350,
spanner,5.31,571,1,5.967,
spanner,5.32,572,1,5.836,
spanner,5.32,573,1,7.178,
spanner,5.33,574,1,7.817,
spanner,5.34,575,1,11.163,
spanner,5.35,576,1,6.781,
spanner,5.36,577,1,7.021,
spanner,5.36,578,1,6.928,
spanner,5.37,579,1,8.693,
spanner,5.38,580,1,8.709,
spanner,5.39,581,1,9.328,
spanner,5.40,582,1,10.682,
spanner,5.41,583,1,8.394,
spanner,5.42,584,1,7.847,
spanner,5.42,585,1,9.336,
spanner,5.43,586,1,10.134,
spanner,5.44,587,1,10.332,
spanner,5.45,588,1,10.535,
spanner,5.46,589,1,11.065,
spanner,5.47,590,1,8.020,
spanner,5.48,591,1,6.158,
spanner,5.49,592,1,6.380,
spanner,5.50,593,1,5.998,
spanner,5.50,594,1,6.988,
spanner,5.51,595,1,7.334,
spanner,5.52,596,1,7.398,
spanner,5.52,597,1,7.646,
spanner,5.53,598,1,7.778,
spanner,5.54,599,1,7.422,
spanner,5.55,600,1,8.749,
spanner,5.55,601,1,10.159,
spanner,5.57,602,1,10.512,
spanner,5.58,603,1,10.637,
spanner,5.59,604,1,9.277,
spanner,5.60,605,1,8.196,
spanner,5.60,606,1,7.328,
spanner,5.61,607,1,8.541,
spanner,5.62,608,1,8.371,
spanner,5.63,609,1,11.428,
spanner,5.64,610,1,10.962,
spanner,5.65,611,1,11.649,
spanner,5.66,612,1,12.499,
spanner,5.67,613,1,10.325,
spanner,5.69,614,1,10.526,
spanner,5.70,615,1,10.890,
spanner,5.71,616,1,10.004,
spanner,5.72,617,1,7.397,
spanner,5.72,618,1,6.573,
spanner,5.73,619,1,6.312,
spanner,5.74,620,1,6.975,
spanner,5.74,621,1,6.761,
spanner,5.75,622,1,7.370,
spanner,5.76,623,1,6.381,
spanner,5.76,624,1,7.652,
spanner,5.77,625,1,6.758,
spanner,5.78,626,1,6.926,
spanner,5.79,627,1,7.284,
spanner,5.79,628,1,7.752,
spanner,5.80,629,1,7.585,
spanner,5.81,630,1,7.052,
spanner,5.82,631,1,8.198,
spanner,5.82,632,1,8.230,
spanner,5.83,633,1,9.855,
spanner,5.84,634,1,11.315,
spanner,5.85,635,1,11.680,
spanner,5.87,636,1,11.008,
spanner,5.88,637,1,11.245,
spanner,5.89,638,1,10.756,
spanner,5.90,639,1,10.905,
spanner,5.91,640,1,11.596,
spanner,5.92,641,1,11.240,
spanner,5.93,642,1,10.251,
spanner,5.94,643,1,7.929,
spanner,5.95,644,1,7.331,
spanner,5.96,645,1,8.086,
spanner,5.97,646,1,9.078,
spanner,5.98,647,1,11.010,
spanner,5.99,648,1,8.515,
spanner,5.99,649,1,8.826,
spanner,6.00,650,1,7.833,
spanner,6.01,651,1,7.043,
spanner,6.02,652,1,6.986,
spanner,6.03,653,1,9.026,
spanner,6.03,654,1,9.092,
spanner,6.04,655,1,9.738,
spanner,6.05,656,1,9.970,
spanner,6.06,657,1,9.895,
spanner,6.07,658,1,12.151,
spanner,6.09,659,1,11.719,
spanner,6.10,660,1,10.022,
spanner,6.11,661,1,11.636,
spanner,6.12,662,1,11.888,
spanner,6.13,663,1,7.722,
spanner,6.14,664,1,7.660,
spanner,6.15,665,1,7.340,
spanner,6.15,666,1,7.316,
spanner,6.16,667,1,7.282,
spanner,6.17,668,1,7.209,
spanner,6.18,669,1,8.479,
spanner,6.18,670,1,7.346,
spanner,6.19,671,1,7.622,
spanner,6.20,672,1,8.760,
spanner,6.21,673,1,10.846,
spanner,6.22,674,1,9.099,
spanner,6.23,675,1,11.179,
spanner,6.24,676,1,12.333,
spanner,6.25,677,1,11.801,
spanner,6.26,678,1,9.459,
spanner,6.27,679,1,7.683,
spanner,6.28,680,1,7.403,
spanner,6.29,681,1,7.139,
spanner,6.30,682,1,8.809,
spanner,6.30,683,1,9.798,
spanner,6.31,684,1,10.584,
spanner,6.32,685,1,11.938,
spanner,6.34,686,1,12.198,
spanner,6.35,687,1,11.303,
spanner,6.36,688,1,12.721,
spanner,6.37,689,1,12.439,
spanner,6.39,690,1,11.443,
spanner,6.40,691,1,11.417,
spanner,6.41,692,1,10.855,
spanner,6.42,693,1,11.475,
spanner,6.43,694,1,11.642,
spanner,6.44,695,1,11.425,
spanner,6.45,696,1,12.705,
spanner,6.47,697,1,12.227,
spanner,6.48,698,1,10.643,
spanner,6.49,699,1,9.160,
spanner,6.50,700,1,8.121,
spanner,6.51,701,1,9.339,
spanner,6.52,702,1,11.008,
spanner,6.53,703,1,8.825,
spanner,6.54,704,1,8.537,
spanner,6.55,705,1,8.232,
spanner,6.55,706,1,8.730,
spanner,6.56,707,1,7.458,
spanner,6.57,708,1,9.630,
spanner,6.58,709,1,10.460,
spanner,6.59,710,1,9.862,
spanner,6.60,711,1,10.712,
spanner,6.61,712,1,11.246,
spanner,6.62,713,1,10.855,
spanner,6.63,714,1,11.319,
spanner,6.64,715,1,11.802,
spanner,6.66,716,1,9.845,
spanner,6.67,717,1,10.171,
spanner,6.68,718,1,10.772,
spanner,6.69,719,1,12.038,
spanner,6.70,720,1,9.943,
spanner,6.71,721,1,8.791,
spanner,6.72,722,1,10.273,
spanner,6.73,723,1,9.996,
spanner,6.74,724,1,9.820,
spanner,6.75,725,1,8.337,
spanner,6.76,726,1,8.218,
spanner,6.76,727,1,8.071,
spanner,6.77,728,1,8.121,
spanner,6.78,729,1,8.220,
spanner,6.79,730,1,8.293,
spanner,6.80,731,1,8.544,
spanner,6.81,732,1,8.897,
spanner,6.81,733,1,8.505,
spanner,6.82,734,1,8.102,
spanner,6.83,735,1,8.034,
spanner,6.84,736,1,7.826,
spanner,6.85,737,1,8.108,
spanner,6.86,738,1,8.229,
spanner,6.86,739,1,8.334,
spanner,6.87,740,1,8.198,
spanner,6.88,741,1,8.572,
spanner,6.89,742,1,9.740,
spanner,6.90,743,1,8.612,
spanner,6.91,744,1,8.695,
spanner,6.92,745,1,7.920,
spanner,6.92,746,1,10.263,
spanner,6.93,747,1,10.599,
spanner,6.94,748,1,12.656,
spanner,6.96,749,1,14.110,
spanner,6.97,750,1,12.989,
spanner,6.98,751,1,13.679,
spanner,7.00,752,1,11.961,
spanner,7.01,753,1,11.572,
spanner,7.02,754,1,9.325,
spanner,7.03,755,1,10.978,
spanner,7.04,756,1,13.466,
spanner,7.06,757,1,12.004,
spanner,7.07,758,1,12.978,
spanner,7.08,759,1,12.468,
spanner,7.09,760,1,12.320,
spanner,7.11,761,1,11.396,
spanner,7.12,762,1,10.701,
spanner,7.13,763,1,10.488,
spanner,7.14,764,1,14.836,
spanner,7.15,765,1,10.469,
spanner,7.16,766,1,8.798,
spanner,7.17,767,1,8.699,
spanner,7.18,768,1,8.794,
spanner,7.19,769,1,8.762,
spanner,7.20,770,1,9.409,
spanner,7.21,771,1,8.852,
spanner,7.22,772,1,9.152,
spanner,7.23,773,1,11.385,
spanner,7.24,774,1,10.357,
spanner,7.25,775,1,12.145,
spanner,7.26,776,1,8.408,
spanner,7.27,777,1,7.152,
spanner,7.28,778,1,7.935,
spanner,7.28,779,1,7.355,
spanner,7.29,780,1,9.092,
spanner,7.30,781,1,13.381,
spanner,7.31,782,1,10.080,
spanner,7.32,783,1,7.408,
spanner,7.33,784,1,9.451,
spanner,7.34,785,1,7.275,
spanner,7.35,786,1,6.462,
spanner,7.36,787,1,7.107,
spanner,7.36,788,1,8.436,
spanner,7.37,789,1,8.756,
spanner,7.38,790,1,12.001,
spanner,7.39,791,1,9.843,
spanner,7.40,792,1,10.239,
spanner,7.41,793,1,11.319,
spanner,7.42,794,1,9.923,
spanner,7.43,795,1,8.194,
spanner,7.44,796,1,6.978,
spanner,7.45,797,1,7.211,
spanner,7.46,798,1,9.730,
spanner,7.47,799,1,10.112,
spanner,7.48,800,1,9.113,
spanner,7.48,801,1,9.547,
spanner,7.49,802,1,7.812,
spanner,7.50,803,1,6.287,
spanner,7.51,804,1,6.761,
spanner,7.52,805,1,7.440,
spanner,7.52,806,1,5.672,
spanner,7.53,807,1,6.157,
spanner,7.53,808,1,7.146,
spanner,7.54,809,1,6.168,
spanner,7.55,810,1,5.663,
spanner,7.55,811,1,6.653,
spanner,7.56,812,1,7.190,
spanner,7.57,813,1,7.054,
spanner,7.57,814,1,7.487,
spanner,7.58,815,1,6.821,
spanner,7.59,816,1,6.449,
spanner,7.60,817,1,7.709,
spanner,7.60,818,1,9.385,
spanner,7.61,819,1,10.124,
spanner,7.62,820,1,8.757,
spanner,7.63,821,1,7.801,
spanner,7.64,822,1,9.035,
spanner,7.65,823,1,8.619,
spanner,7.66,824,1,8.288,
spanner,7.67,825,1,6.417,
spanner,7.67,826,1,6.274,
spanner,7.68,827,1,7.022,
spanner,7.69,828,1,8.162,
spanner,7.69,829,1,8.959,
spanner,7.70,830,1,11.395,
spanner,7.71,831,1,7.908,
spanner,7.72,832,1,7.549,
spanner,7.73,833,1,8.792,
spanner,7.74,834,1,7.821,
spanner,7.75,835,1,6.794,
spanner,7.75,836,1,6.355,
spanner,7.76,837,1,7.058,
spanner,7.77,838,1,7.202,
spanner,7.77,839,1,6.266,
spanner,7.78,840,1,6.349,
spanner,7.79,841,1,6.208,
spanner,7.79,842,1,6.149,
spanner,7.80,843,1,8.079,
spanner,7.81,844,1,7.999,
spanner,7.81,845,1,10.146,
spanner,7.82,846,1,8.623,
spanner,7.83,847,1,6.436,
spanner,7.84,848,1,7.066,
spanner,7.85,849,1,8.046,
spanner,7.86,850,1,7.773,
spanner,7.86,851,1,7.239,
spanner,7.87,852,1,7.431,
spanner,7.88,853,1,8.771,
spanner,7.89,854,1,7.891,
spanner,7.89,855,1,7.894,
spanner,7.90,856,1,7.897,
spanner,7.91,857,1,8.129,
spanner,7.92,858,1,9.303,
spanner,7.93,859,1,9.550,
spanner,7.94,860,1,7.934,
spanner,7.95,861,1,7.487,
spanner,7.95,862,1,7.834,
spanner,7.96,863,1,7.096,
spanner,7.97,864,1,7.959,
spanner,7.98,865,1,10.375,
spanner,7.99,866,1,10.169,
spanner,8.00,867,1,10.316,
spanner,8.01,868,1,7.533,
spanner,8.01,869,1,7.084,
spanner,8.02,870,1,7.129,
spanner,8.03,871,1,6.851,
spanner,8.04,872,1,7.235,
spanner,8.04,873,1,7.510,
spanner,8.05,874,1,7.247,
spanner,8.06,875,1,7.653,
spanner,8.07,876,1,7.661,
spanner,8.07,877,1,9.944,
spanner,8.08,878,1,9.480,
spanner,8.09,879,1,9.187,
spanner,8.10,880,1,10.973,
spanner,8.11,881,1,11.833,
spanner,8.12,882,1,9.257,
spanner,8.13,883,1,7.740,
spanner,8.14,884,1,7.413,
spanner,8.15,885,1,7.395,
spanner,8.16,886,1,7.624,
spanner,8.16,887,1,7.495,
spanner,8.17,888,1,6.782,
spanner,8.18,889,1,6.643,
spanner,8.19,890,1,6.635,
spanner,8.19,891,1,7.219,
spanner,8.20,892,1,7.414,
spanner,8.21,893,1,7.630,
spanner,8.21,894,1,7.788,
spanner,8.22,895,1,7.703,
spanner,8.23,896,1,6.709,
spanner,8.24,897,1,6.979,
spanner,8.24,898,1,7.439,
spanner,8.25,899,1,6.767,
spanner,8.26,900,1,7.709,
spanner,8.27,901,1,8.520,
spanner,8.27,902,1,8.668,
spanner,8.28,903,1,8.943,
spanner,8.29,904,1,7.686,
spanner,8.30,905,1,8.923,
spanner,8.31,906,1,12.596,
spanner,8.32,907,1,11.043,
spanner,8.33,908,1,11.906,
spanner,8.34,909,1,21.675,
spanner,8.37,910,1,14.086,
spanner,8.38,911,1,10.464,
spanner,8.39,912,1,11.397,
spanner,8.40,913,1,11.287,
spanner,8.41,914,1,11.454,
spanner,8.42,915,1,11.067,
spanner,8.44,916,1,9.657,
spanner,8.45,917,1,12.079,
spanner,8.46,918,1,11.975,
spanner,8.47,919,1,12.245,
spanner,8.48,920,1,11.481,
spanner,8.49,921,1,12.556,
spanner,8.51,922,1,12.604,
spanner,8.52,923,1,10.218,
spanner,8.53,924,1,13.125,
spanner,8.54,925,1,10.347,
spanner,8.55,926,1,11.837,
spanner,8.56,927,1,13.086,
spanner,8.58,928,1,11.979,
spanner,8.59,929,1,11.451,
spanner,8.60,930,1,10.797,
spanner,8.61,931,1,11.660,
spanner,8.62,932,1,11.108,
spanner,8.63,933,1,9.914,
spanner,8.64,934,1,8.739,
spanner,8.65,935,1,9.536,
spanner,8.66,936,1,10.752,
spanner,8.67,937,1,12.226,
spanner,8.69,938,1,12.295,
spanner,8.70,939,1,11.163,
spanner,8.71,940,1,10.852,
spanner,8.72,941,1,7.147,
spanner,8.73,942,1,7.806,
spanner,8.74,943,1,7.440,
spanner,8.74,944,1,7.476,
spanner,8.75,945,1,7.685,
spanner,8.76,946,1,11.706,
spanner,8.77,947,1,10.788,
spanner,8.78,948,1,8.647,
spanner,8.79,949,1,8.122,
spanner,8.80,950,1,7.865,
spanner,8.81,951,1,7.922,
spanner,8.81,952,1,8.455,
spanner,8.82,953,1,7.898,
spanner,8.83,954,1,7.332,
spanner,8.84,955,1,8.170,
spanner,8.85,956,1,8.169,
spanner,8.85,957,1,7.972,
spanner,8.86,958,1,8.398,
spanner,8.87,959,1,10.188,
spanner,8.88,960,1,10.627,
spanner,8.89,961,1,9.721,
spanner,8.90,962,1,9.088,
spanner,8.91,963,1,7.919,
spanner,8.92,964,1,9.056,
spanner,8.93,965,1,9.979,
spanner,8.94,966,1,10.724,
spanner,8.95,967,1,12.249,
spanner,8.96,968,1,10.130,
spanner,8.97,969,1,8.410,
spanner,8.98,970,1,11.905,
spanner,8.99,971,1,12.048,
spanner,9.00,972,1,9.222,
spanner,9.01,973,1,12.934,
spanner,9.02,974,1,14.944,
spanner,9.04,975,1,10.370,
spanner,9.05,976,1,13.453,
spanner,9.06,977,1,13.606,
spanner,9.08,978,1,12.312,
spanner,9.09,979,1,13.661,
spanner,9.10,980,1,12.235,
spanner,9.12,981,1,12.720,
spanner,9.13,982,1,14.792,
spanner,9.14,983,1,12.117,
spanner,9.16,984,1,13.059,
spanner,9.17,985,1,11.410,
spanner,9.18,986,1,12.493,
spanner,9.19,987,1,11.037,
spanner,9.20,988,1,9.898,
spanner,9.21,989,1,8.998,
spanner,9.22,990,1,8.912,
spanner,9.23,991,1,8.907,
spanner,9.24,992,1,9.778,
spanner,9.25,993,1,10.240,
spanner,9.26,994,1,8.989,
spanner,9.27,995,1,8.370,
spanner,9.28,996,1,10.494,
spanner,9.29,997,1,10.169,
spanner,9.30,998,1,8.842,
spanner,9.31,999,1,10.394,
spanner,9.32,1000,1,11.765,
spanner,9.33,1001,1,6.839,
spanner,9.34,1002,1,6.642,
spanner,9.34,1003,1,6.676,
spanner,9.35,1004,1,6.705,
spanner,9.36,1005,1,8.369,
spanner,9.37,1006,1,6.031,
spanner,9.37,1007,1,5.780,
spanner,9.38,1008,1,5.972,
spanner,9.38,1009,1,5.826,
spanner,9.39,1010,1,6.206,
spanner,9.39,1011,1,6.623,
spanner,9.40,1012,1,6.146,
spanner,9.41,1013,1,5.938,
spanner,9.41,1014,1,5.713,
spanner,9.42,1015,1,5.692,
spanner,9.43,1016,1,6.083,
spanner,9.43,1017,1,6.396,
spanner,9.44,1018,1,7.074,
spanner,9.44,1019,1,6.592,
spanner,9.45,1020,1,6.303,
spanner,9.46,1021,1,6.690,
spanner,9.46,1022,1,7.171,
spanner,9.47,1023,1,7.383,
spanner,9.48,1024,1,6.571,
spanner,9.49,1025,1,5.947,
spanner,9.49,1026,1,5.968,
spanner,9.50,1027,1,5.574,
spanner,9.50,1028,1,6.018,
spanner,9.51,1029,1,7.085,
spanner,9.52,1030,1,9.307,
spanner,9.53,1031,1,9.135,
spanner,9.53,1032,1,8.477,
spanner,9.54,1033,1,8.333,
spanner,9.55,1034,1,8.388,
spanner,9.56,1035,1,7.637,
spanner,9.57,1036,1,9.642,
spanner,9.58,1037,1,10.462,
spanner,9.59,1038,1,8.647,
spanner,9.60,1039,1,9.694,
spanner,9.61,1040,1,9.250,
spanner,9.62,1041,1,10.847,
spanner,9.63,1042,1,12.093,
spanner,9.64,1043,1,9.961,
spanner,9.65,1044,1,7.945,
spanner,9.66,1045,1,7.641,
spanner,9.66,1046,1,7.448,
spanner,9.67,1047,1,6.918,
spanner,9.68,1048,1,6.011,
spanner,9.68,1049,1,6.603,
spanner,9.69,1050,1,7.463,
spanner,9.70,1051,1,11.298,
spanner,9.71,1052,1,7.647,
spanner,9.72,1053,1,7.846,
spanner,9.73,1054,1,7.437,
spanner,9.73,1055,1,7.136,
spanner,9.74,1056,1,6.622,
spanner,9.75,1057,1,6.999,
spanner,9.75,1058,1,6.629,
spanner,9.76,1059,1,6.208,
spanner,9.77,1060,1,6.392,
spanner,9.77,1061,1,6.397,
spanner,9.78,1062,1,7.192,
spanner,9.79,1063,1,7.683,
spanner,9.79,1064,1,7.258,
spanner,9.80,1065,1,6.784,
spanner,9.81,1066,1,6.509,
spanner,9.82,1067,1,6.634,
spanner,9.82,1068,1,7.905,
spanner,9.83,1069,1,8.657,
spanner,9.84,1070,1,9.886,
spanner,9.85,1071,1,8.717,
spanner,9.86,1072,1,8.295,
spanner,9.87,1073,1,8.108,
spanner,9.87,1074,1,8.482,
spanner,9.88,1075,1,8.509,
spanner,9.89,1076,1,7.598,
spanner,9.90,1077,1,7.462,
spanner,9.91,1078,1,9.703,
spanner,9.92,1079,1,9.372,
spanner,9.93,1080,1,10.071,
spanner,9.94,1081,1,10.243,
spanner,9.95,1082,1,12.756,
spanner,9.96,1083,1,11.257,
spanner,9.97,1084,1,9.422,
spanner,9.98,1085,1,9.649,
spanner,9.99,1086,1,9.933,
spanner,10.00,1087,1,9.262,
spanner,10.01,1088,1,10.902,
spanner,10.02,1089,1,10.976,
spanner,10.03,1090,1,9.518,
spanner,10.04,1091,1,12.251,
spanner,10.05,1092,1,10.865,
spanner,10.06,1093,1,11.430,
spanner,10.07,1094,1,11.535,
spanner,10.09,1095,1,10.567,
spanner,10.10,1096,1,10.195,
spanner,10.11,1097,1,11.328,
spanner,10.12,1098,1,12.152,
spanner,10.13,1099,1,12.462,
spanner,10.14,1100,1,8.756,
spanner,10.15,1101,1,6.891,
spanner,10.16,1102,1,8.267,
spanner,10.17,1103,1,9.040,
spanner,10.18,1104,1,10.684,
spanner,10.19,1105,1,10.199,
spanner,10.20,1106,1,8.721,
spanner,10.21,1107,1,8.243,
spanner,10.21,1108,1,9.646,
spanner,10.22,1109,1,9.114,
spanner,10.23,1110,1,7.564,
spanner,10.24,1111,1,7.248,
spanner,10.25,1112,1,7.260,
spanner,10.25,1113,1,8.950,
spanner,10.26,1114,1,8.829,
spanner,10.27,1115,1,9.658,
spanner,10.28,1116,1,11.558,
spanner,10.29,1117,1,10.645,
spanner,10.30,1118,1,12.839,
spanner,10.32,1119,1,11.961,
spanner,10.33,1120,1,11.766,
spanner,10.34,1121,1,11.928,
spanner,10.35,1122,1,11.759,
spanner,10.37,1123,1,12.397,
spanner,10.38,1124,1,10.160,
spanner,10.39,1125,1,10.507,
spanner,10.40,1126,1,8.486,
spanner,10.41,1127,1,8.698,
spanner,10.42,1128,1,9.652,
spanner,10.43,1129,1,11.491,
spanner,10.44,1130,1,10.971,
spanner,10.45,1131,1,10.197,
spanner,10.46,1132,1,11.482,
spanner,10.47,1133,1,13.109,
spanner,10.48,1134,1,11.747,
spanner,10.49,1135,1,9.266,
spanner,10.50,1136,1,9.192,
spanner,10.51,1137,1,8.118,
spanner,10.52,1138,1,9.390,
spanner,10.53,1139,1,10.743,
spanner,10.54,1140,1,8.617,
spanner,10.55,1141,1,8.629,
spanner,10.56,1142,1,11.408,
spanner,10.57,1143,1,12.952,
spanner,10.58,1144,1,10.368,
spanner,10.59,1145,1,12.794,
spanner,10.61,1146,1,12.674,
spanner,10.62,1147,1,11.176,
spanner,10.63,1148,1,11.284,
spanner,10.64,1149,1,10.321,
spanner,10.65,1150,1,9.169,
spanner,10.66,1151,1,10.527,
spanner,10.67,1152,1,10.145,
spanner,10.68,1153,1,11.868,
spanner,10.69,1154,1,12.405,
spanner,10.71,1155,1,11.534,
spanner,10.72,1156,1,10.016,
spanner,10.73,1157,1,11.731,
spanner,10.74,1158,1,10.333,
spanner,10.75,1159,1,11.264,
spanner,10.76,1160,1,10.155,
spanner,10.77,1161,1,12.021,
spanner,10.78,1162,1,12.608,
spanner,10.80,1163,1,11.121,
spanner,10.81,1164,1,9.590,
spanner,10.82,1165,1,9.434,
spanner,10.83,1166,1,8.848,
spanner,10.84,1167,1,8.272,
spanner,10.84,1168,1,8.212,
spanner,10.85,1169,1,9.109,
spanner,10.86,1170,1,10.100,
spanner,10.87,1171,1,11.777,
spanner,10.88,1172,1,13.260,
spanner,10.90,1173,1,12.190,
spanner,10.91,1174,1,11.333,
spanner,10.92,1175,1,13.609,
spanner,10.93,1176,1,19.609,
spanner,10.95,1177,1,92.666,
spanner,11.05,1178,1,12.720,
spanner,11.06,1179,1,12.242,
spanner,11.07,1180,1,13.396,
spanner,11.08,1181,1,14.809,
spanner,11.10,1182,1,42.162,
spanner,11.14,1183,1,15.320,
spanner,11.16,1184,1,14.497,
spanner,11.17,1185,1,12.200,
spanner,11.18,1186,1,9.665,
spanner,11.19,1187,1,9.279,
spanner,11.20,1188,1,9.540,
spanner,11.21,1189,1,9.210,
spanner,11.22,1190,1,10.791,
spanner,11.23,1191,1,11.742,
spanner,11.24,1192,1,9.720,
spanner,11.25,1193,1,11.189,
spanner,11.27,1194,1,11.614,
spanner,11.28,1195,1,10.375,
spanner,11.29,1196,1,12.140,
spanner,11.30,1197,1,14.018,
spanner,11.31,1198,1,13.613,
spanner,11.33,1199,1,14.391,
spanner,11.34,1200,1,12.032,
spanner,11.35,1201,1,13.412,
spanner,11.37,1202,1,11.064,
spanner,11.38,1203,1,11.065,
spanner,11.39,1204,1,10.159,
spanner,11.40,1205,1,9.658,
spanner,11.41,1206,1,9.145,
spanner,11.42,1207,1,11.869,
spanner,11.43,1208,1,10.778,
spanner,11.44,1209,1,9.733,
spanner,11.45,1210,1,10.263,
spanner,11.46,1211,1,9.484,
spanner,11.47,1212,1,9.861,
spanner,11.48,1213,1,9.558,
spanner,11.49,1214,1,9.426,
spanner,11.50,1215,1,8.321,
spanner,11.51,1216,1,8.263,
spanner,11.52,1217,1,10.635,
spanner,11.53,1218,1,10.792,
spanner,11.54,1219,1,9.269,
spanner,11.55,1220,1,6.680,
spanner,11.55,1221,1,10.345,
spanner,11.56,1222,1,14.115,
spanner,11.58,1223,1,10.089,
spanner,11.59,1224,1,7.143,
spanner,11.60,1225,1,5.905,
spanner,11.60,1226,1,6.794,
spanner,11.61,1227,1,6.428,
spanner,11.61,1228,1,6.974,
spanner,11.62,1229,1,7.731,
spanner,11.63,1230,1,9.135,
spanner,11.64,1231,1,8.921,
spanner,11.65,1232,1,7.941,
spanner,11.66,1233,1,7.665,
spanner,11.66,1234,1,8.134,
spanner,11.67,1235,1,9.329,
spanner,11.68,1236,1,7.672,
spanner,11.69,1237,1,7.107,
spanner,11.70,1238,1,7.396,
spanner,11.70,1239,1,7.846,
spanner,11.71,1240,1,6.990,
spanner,11.72,1241,1,6.248,
spanner,11.72,1242,1,7.955,
spanner,11.73,1243,1,6.651,
spanner,11.74,1244,1,7.214,
spanner,11.75,1245,1,7.914,
spanner,11.75,1246,1,7.481,
spanner,11.76,1247,1,6.435,
spanner,11.77,1248,1,5.838,
spanner,11.77,1249,1,6.146,
spanner,11.78,1250,1,6.042,
spanner,11.79,1251,1,7.416,
spanner,11.79,1252,1,10.682,
spanner,11.80,1253,1,9.090,
spanner,11.81,1254,1,8.044,
spanner,11.82,1255,1,8.451,
spanner,11.83,1256,1,7.159,
spanner,11.84,1257,1,6.663,
spanner,11.84,1258,1,6.738,
spanner,11.85,1259,1,6.969,
spanner,11.86,1260,1,8.472,
spanner,11.87,1261,1,9.631,
spanner,11.88,1262,1,9.498,
spanner,11.89,1263,1,7.855,
spanner,11.89,1264,1,10.198,
spanner,11.90,1265,1,9.081,
spanner,11.91,1266,1,7.783,
spanner,11.92,1267,1,7.129,
spanner,11.93,1268,1,6.809,
spanner,11.93,1269,1,8.761,
spanner,11.94,1270,1,9.835,
spanner,11.95,1271,1,8.856,
spanner,11.96,1272,1,9.134,
spanner,11.97,1273,1,11.190,
spanner,11.98,1274,1,9.028,
spanner,11.99,1275,1,7.767,
spanner,12.00,1276,1,8.677,
spanner,12.01,1277,1,8.858,
spanner,12.02,1278,1,8.273,
spanner,12.03,1279,1,7.344,
spanner,12.03,1280,1,7.900,
spanner,12.04,1281,1,9.362,
spanner,12.05,1282,1,9.440,
spanner,12.06,1283,1,8.599,
spanner,12.07,1284,1,7.654,
spanner,12.08,1285,1,11.316,
spanner,12.09,1286,1,10.734,
spanner,12.10,1287,1,11.241,
spanner,12.11,1288,1,9.267,
spanner,12.12,1289,1,7.511,
spanner,12.13,1290,1,7.435,
spanner,12.13,1291,1,7.213,
spanner,12.14,1292,1,9.498,
spanner,12.15,1293,1,8.514,
spanner,12.16,1294,1,7.630,
spanner,12.17,1295,1,7.033,
spanner,12.17,1296,1,8.796,
spanner,12.18,1297,1,8.990,
spanner,12.19,1298,1,7.671,
spanner,12.20,1299,1,9.680,
spanner,12.21,1300,1,8.550,
spanner,12.22,1301,1,8.956,
spanner,12.23,1302,1,10.787,
spanner,12.24,1303,1,9.459,
spanner,12.25,1304,1,9.822,
spanner,12.26,1305,1,8.192,
spanner,12.26,1306,1,7.672,
spanner,12.27,1307,1,7.853,
spanner,12.28,1308,1,6.985,
spanner,12.29,1309,1,6.447,
spanner,12.29,1310,1,6.743,
spanner,12.30,1311,1,6.603,
spanner,12.31,1312,1,7.032,
spanner,12.31,1313,1,7.454,
spanner,12.32,1314,1,9.090,
spanner,12.33,1315,1,12.171,
spanner,12.34,1316,1,11.844,
spanner,12.36,1317,1,10.771,
spanner,12.37,1318,1,11.137,
spanner,12.38,1319,1,11.923,
spanner,12.39,1320,1,11.059,
spanner,12.40,1321,1,11.907,
spanner,12.41,1322,1,10.695,
spanner,12.42,1323,1,11.592,
spanner,12.43,1324,1,11.841,
spanner,12.45,1325,1,11.360,
spanner,12.46,1326,1,12.204,
spanner,12.47,1327,1,12.291,
spanner,12.48,1328,1,12.752,
spanner,12.50,1329,1,12.860,
spanner,12.51,1330,1,11.821,
spanner,12.52,1331,1,10.198,
spanner,12.53,1332,1,9.350,
spanner,12.54,1333,1,9.684,
spanner,12.55,1334,1,8.057,
spanner,12.56,1335,1,8.231,
spanner,12.57,1336,1,9.461,
spanner,12.58,1337,1,11.948,
spanner,12.59,1338,1,11.152,
spanner,12.60,1339,1,10.943,
spanner,12.61,1340,1,11.223,
spanner,12.62,1341,1,11.882,
spanner,12.63,1342,1,13.472,
spanner,12.65,1343,1,9.485,
spanner,12.66,1344,1,7.952,
spanner,12.66,1345,1,7.349,
spanner,12.67,1346,1,8.578,
spanner,12.68,1347,1,10.592,
spanner,12.69,1348,1,12.411,
spanner,12.70,1349,1,12.653,
spanner,12.72,1350,1,8.695,
spanner,12.72,1351,1,8.174,
spanner,12.73,1352,1,8.209,
spanner,12.74,1353,1,7.120,
spanner,12.75,1354,1,7.549,
spanner,12.76,1355,1,8.258,
spanner,12.76,1356,1,7.586,
spanner,12.77,1357,1,7.462,
spanner,12.78,1358,1,7.606,
spanner,12.79,1359,1,7.173,
spanner,12.79,1360,1,7.439,
spanner,12.80,1361,1,8.360,
spanner,12.81,1362,1,9.695,
spanner,12.82,1363,1,8.098,
spanner,12.83,1364,1,8.347,
spanner,12.84,1365,1,8.438,
spanner,12.84,1366,1,7.955,
spanner,12.85,1367,1,7.757,
spanner,12.86,1368,1,8.360,
spanner,12.87,1369,1,8.060,
spanner,12.88,1370,1,8.229,
spanner,12.88,1371,1,7.825,
spanner,12.89,1372,1,7.998,
spanner,12.90,1373,1,9.253,
spanner,12.91,1374,1,9.607,
spanner,12.92,1375,1,10.804,
spanner,12.93,1376,1,12.030,
spanner,12.94,1377,1,12.168,
spanner,12.95,1378,1,12.178,
spanner,12.97,1379,1,12.556,
spanner,12.98,1380,1,10.727,
spanner,12.99,1381,1,9.424,
spanner,13.00,1382,1,11.526,
spanner,13.01,1383,1,9.227,
spanner,13.02,1384,1,9.080,
spanner,13.03,1385,1,9.073,
spanner,13.04,1386,1,8.711,
spanner,13.05,1387,1,10.813,
spanner,13.06,1388,1,13.203,
spanner,13.07,1389,1,13.340,
spanner,13.08,1390,1,12.167,
spanner,13.10,1391,1,12.505,
spanner,13.11,1392,1,12.467,
spanner,13.12,1393,1,14.099,
spanner,13.14,1394,1,13.889,
spanner,13.15,1395,1,12.480,
spanner,13.16,1396,1,12.666,
spanner,13.18,1397,1,14.302,
spanner,13.19,1398,1,16.028,
spanner,13.21,1399,1,15.843,
spanner,13.22,1400,1,8.201,
spanner,13.23,1401,1,7.047,
spanner,13.24,1402,1,8.071,
spanner,13.25,1403,1,7.813,
spanner,13.25,1404,1,7.387,
spanner,13.26,1405,1,8.406,
spanner,13.27,1406,1,8.494,
spanner,13.28,1407,1,8.054,
spanner,13.29,1408,1,7.588,
spanner,13.29,1409,1,10.219,
spanner,13.30,1410,1,9.035,
spanner,13.31,1411,1,8.991,
spanner,13.32,1412,1,8.296,
spanner,13.33,1413,1,9.796,
spanner,13.34,1414,1,9.629,
spanner,13.35,1415,1,7.007,
spanner,13.36,1416,1,6.455,
spanner,13.36,1417,1,6.222,
spanner,13.37,1418,1,7.616,
spanner,13.38,1419,1,8.312,
spanner,13.39,1420,1,8.829,
spanner,13.39,1421,1,10.245,
spanner,13.40,1422,1,11.983,
spanner,13.42,1423,1,7.531,
spanner,13.42,1424,1,7.887,
spanner,13.43,1425,1,8.135,
spanner,13.44,1426,1,10.022,
spanner,13.45,1427,1,10.912,
spanner,13.46,1428,1,10.552,
spanner,13.47,1429,1,9.614,
spanner,13.48,1430,1,10.525,
spanner,13.49,1431,1,12.451,
spanner,13.50,1432,1,11.901,
spanner,13.52,1433,1,10.168,
spanner,13.53,1434,1,9.615,
spanner,13.54,1435,1,10.717,
spanner,13.55,1436,1,10.440,
spanner,13.56,1437,1,8.789,
spanner,13.57,1438,1,9.157,
spanner,13.58,1439,1,10.133,
spanner,13.59,1440,1,7.447,
spanner,13.59,1441,1,9.211,
spanner,13.60,1442,1,8.523,
spanner,13.61,1443,1,7.710,
spanner,13.62,1444,1,8.485,
spanner,13.63,1445,1,9.273,
spanner,13.64,1446,1,10.483,
spanner,13.65,1447,1,7.858,
spanner,13.65,1448,1,6.027,
spanner,13.66,1449,1,5.923,
spanner,13.67,1450,1,6.513,
spanner,13.67,1451,1,8.190,
spanner,13.68,1452,1,8.303,
spanner,13.69,1453,1,9.262,
spanner,13.70,1454,1,8.813,
spanner,13.71,1455,1,7.611,
spanner,13.72,1456,1,6.539,
spanner,13.72,1457,1,6.376,
spanner,13.73,1458,1,6.592,
spanner,13.74,1459,1,6.889,
spanner,13.74,1460,1,7.591,
spanner,13.75,1461,1,7.145,
spanner,13.76,1462,1,7.146,
spanner,13.76,1463,1,7.839,
spanner,13.77,1464,1,7.349,
spanner,13.78,1465,1,8.721,
spanner,13.79,1466,1,8.284,
spanner,13.80,1467,1,9.376,
spanner,13.81,1468,1,8.722,
spanner,13.81,1469,1,7.423,
spanner,13.82,1470,1,7.391,
spanner,13.83,1471,1,7.237,
spanner,13.84,1472,1,9.644,
spanner,13.85,1473,1,10.447,
spanner,13.86,1474,1,9.370,
spanner,13.87,1475,1,10.203,
spanner,13.88,1476,1,10.087,
spanner,13.89,1477,1,11.611,
spanner,13.90,1478,1,11.675,
spanner,13.91,1479,1,9.803,
spanner,13.92,1480,1,10.414,
spanner,13.93,1481,1,10.262,
spanner,13.94,1482,1,10.750,
spanner,13.95,1483,1,11.623,
spanner,13.96,1484,1,10.592,
spanner,13.97,1485,1,10.094,
spanner,13.98,1486,1,11.032,
spanner,13.99,1487,1,12.096,
spanner,14.01,1488,1,9.744,
spanner,14.02,1489,1,8.372,
spanner,14.03,1490,1,6.874,
spanner,14.03,1491,1,7.279,
spanner,14.04,1492,1,8.542,
spanner,14.05,1493,1,8.411,
spanner,14.06,1494,1,9.922,
spanner,14.07,1495,1,9.430,
spanner,14.08,1496,1,9.999,
spanner,14.09,1497,1,9.584,
spanner,14.10,1498,1,11.001,
spanner,14.11,1499,1,9.848,
spanner,14.12,1500,1,8.640,
spanner,14.13,1501,1,8.412,
spanner,14.13,1502,1,12.588,
spanner,14.15,1503,1,12.781,
spanner,14.16,1504,1,9.794,
spanner,14.17,1505,1,9.779,
spanner,14.18,1506,1,10.080,
spanner,14.19,1507,1,8.916,
spanner,14.20,1508,1,7.797,
spanner,14.21,1509,1,8.074,
spanner,14.21,1510,1,9.464,
spanner,14.22,1511,1,8.725,
spanner,14.23,1512,1,7.822,
spanner,14.24,1513,1,6.747,
spanner,14.25,1514,1,7.430,
spanner,14.25,1515,1,7.486,
spanner,14.26,1516,1,7.341,
spanner,14.27,1517,1,8.561,
spanner,14.28,1518,1,7.627,
spanner,14.29,1519,1,8.409,
spanner,14.29,1520,1,7.868,
spanner,14.30,1521,1,7.520,
spanner,14.31,1522,1,7.457,
spanner,14.32,1523,1,7.657,
spanner,14.32,1524,1,7.402,
spanner,14.33,1525,1,7.401,
spanner,14.34,1526,1,7.405,
spanner,14.35,1527,1,7.775,
spanner,14.35,1528,1,8.390,
spanner,14.36,1529,1,8.888,
spanner,14.37,1530,1,12.320,
spanner,14.38,1531,1,9.617,
spanner,14.39,1532,1,7.991,
spanner,14.40,1533,1,7.402,
spanner,14.41,1534,1,8.454,
spanner,14.42,1535,1,10.178,
spanner,14.43,1536,1,8.176,
spanner,14.44,1537,1,7.414,
spanner,14.44,1538,1,8.878,
spanner,14.45,1539,1,9.071,
spanner,14.46,1540,1,8.477,
spanner,14.47,1541,1,7.996,
spanner,14.48,1542,1,8.626,
spanner,14.49,1543,1,11.320,
spanner,14.50,1544,1,11.235,
spanner,14.51,1545,1,12.223,
spanner,14.52,1546,1,10.624,
spanner,14.53,1547,1,11.286,
spanner,14.54,1548,1,12.275,
spanner,14.56,1549,1,9.226,
spanner,14.57,1550,1,7.775,
spanner,14.57,1551,1,7.305,
spanner,14.58,1552,1,9.361,
spanner,14.59,1553,1,10.132,
spanner,14.60,1554,1,9.682,
spanner,14.61,1555,1,10.346,
spanner,14.62,1556,1,12.299,
spanner,14.63,1557,1,12.683,
spanner,14.64,1558,1,11.951,
spanner,14.66,1559,1,11.649,
spanner,14.67,1560,1,11.896,
spanner,14.68,1561,1,11.377,
spanner,14.69,1562,1,10.631,
spanner,14.70,1563,1,13.160,
spanner,14.72,1564,1,10.109,
spanner,14.73,1565,1,10.319,
spanner,14.74,1566,1,13.853,
spanner,14.75,1567,1,10.155,
spanner,14.76,1568,1,10.547,
spanner,14.77,1569,1,10.465,
spanner,14.78,1570,1,8.466,
spanner,14.79,1571,1,8.303,
spanner,14.80,1572,1,8.028,
spanner,14.81,1573,1,7.904,
spanner,14.81,1574,1,7.289,
spanner,14.82,1575,1,7.409,
spanner,14.83,1576,1,7.554,
spanner,14.84,1577,1,8.508,
spanner,14.85,1578,1,8.402,
spanner,14.85,1579,1,8.684,
spanner,14.86,1580,1,8.068,
spanner,14.87,1581,1,7.584,
spanner,14.88,1582,1,8.389,
spanner,14.89,1583,1,7.978,
spanner,14.89,1584,1,7.827,
spanner,14.90,1585,1,7.934,
spanner,14.91,1586,1,8.151,
spanner,14.92,1587,1,9.260,
spanner,14.93,1588,1,9.387,
spanner,14.94,1589,1,11.382,
spanner,14.95,1590,1,12.524,
spanner,14.96,1591,1,10.911,
spanner,14.97,1592,1,13.567,
spanner,14.99,1593,1,12.884,
spanner,15.00,1594,1,11.891,
spanner,15.01,1595,1,13.622,
spanner,15.02,1596,1,13.828,
spanner,15.04,1597,1,13.555,
spanner,15.05,1598,1,12.814,
spanner,15.06,1599,1,12.383,
spanner,15.08,1600,1,12.266,
spanner,15.09,1601,1,10.676,
spanner,15.10,1602,1,11.192,
spanner,15.11,1603,1,13.887,
spanner,15.13,1604,1,12.971,
spanner,15.14,1605,1,12.232,
spanner,15.15,1606,1,12.808,
spanner,15.16,1607,1,13.861,
spanner,15.18,1608,1,13.303,
spanner,15.19,1609,1,12.846,
spanner,15.20,1610,1,12.338,
spanner,15.22,1611,1,12.420,
spanner,15.23,1612,1,12.236,
spanner,15.24,1613,1,13.818,
spanner,15.25,1614,1,14.257,
spanner,15.27,1615,1,13.153,
spanner,15.28,1616,1,14.685,
spanner,15.30,1617,1,12.803,
spanner,15.31,1618,1,11.519,
spanner,15.32,1619,1,12.096,
spanner,15.33,1620,1,14.844,
spanner,15.35,1621,1,14.970,
spanner,15.36,1622,1,13.901,
spanner,15.38,1623,1,9.737,
spanner,15.39,1624,1,10.647,
spanner,15.40,1625,1,8.071,
spanner,15.41,1626,1,10.560,
spanner,15.42,1627,1,10.757,
spanner,15.43,1628,1,7.092,
spanner,15.43,1629,1,6.441,
spanner,15.44,1630,1,6.595,
spanner,15.45,1631,1,6.019,
spanner,15.45,1632,1,5.943,
spanner,15.46,1633,1,6.355,
spanner,15.47,1634,1,7.838,
spanner,15.47,1635,1,8.570,
spanner,15.48,1636,1,9.380,
spanner,15.49,1637,1,10.245,
spanner,15.50,1638,1,9.906,
spanner,15.51,1639,1,10.300,
spanner,15.52,1640,1,10.614,
spanner,15.53,1641,1,10.126,
spanner,15.54,1642,1,11.593,
spanner,15.55,1643,1,10.243,
spanner,15.57,1644,1,9.657,
spanner,15.57,1645,1,8.024,
spanner,15.58,1646,1,9.116,
spanner,15.59,1647,1,9.655,
spanner,15.60,1648,1,10.677,
spanner,15.61,1649,1,9.535,
spanner,15.62,1650,1,9.400,
spanner,15.63,1651,1,9.792,
spanner,15.64,1652,1,7.945,
spanner,15.65,1653,1,6.406,
spanner,15.66,1654,1,5.903,
spanner,15.66,1655,1,6.047,
spanner,15.67,1656,1,7.021,
spanner,15.67,1657,1,9.000,
spanner,15.68,1658,1,9.298,
spanner,15.69,1659,1,10.247,
spanner,15.70,1660,1,10.245,
spanner,15.71,1661,1,8.027,
spanner,15.72,1662,1,9.647,
spanner,15.73,1663,1,9.174,
spanner,15.74,1664,1,10.558,
spanner,15.75,1665,1,10.814,
spanner,15.76,1666,1,10.757,
spanner,15.77,1667,1,12.060,
spanner,15.78,1668,1,12.723,
spanner,15.80,1669,1,9.210,
spanner,15.81,1670,1,8.471,
spanner,15.82,1671,1,9.500,
spanner,15.82,1672,1,11.376,
spanner,15.84,1673,1,10.957,
spanner,15.85,1674,1,12.582,
spanner,15.86,1675,1,8.856,
spanner,15.87,1676,1,10.846,
spanner,15.88,1677,1,11.731,
spanner,15.89,1678,1,9.831,
spanner,15.90,1679,1,11.334,
spanner,15.91,1680,1,9.486,
spanner,15.92,1681,1,10.337,
spanner,15.93,1682,1,11.545,
spanner,15.94,1683,1,10.448,
spanner,15.95,1684,1,8.192,
spanner,15.96,1685,1,9.799,
spanner,15.97,1686,1,10.989,
spanner,15.98,1687,1,9.826,
spanner,15.99,1688,1,10.357,
spanner,16.00,1689,1,9.409,
spanner,16.01,1690,1,11.630,
spanner,16.03,1691,1,11.106,
spanner,16.04,1692,1,11.599,
spanner,16.05,1693,1,8.038,
spanner,16.06,1694,1,6.932,
spanner,16.06,1695,1,6.929,
spanner,16.07,1696,1,6.821,
spanner,16.08,1697,1,6.997,
spanner,16.08,1698,1,7.167,
spanner,16.09,1699,1,7.268,
spanner,16.10,1700,1,6.934,
spanner,16.11,1701,1,7.035,
spanner,16.11,1702,1,7.753,
spanner,16.12,1703,1,7.942,
spanner,16.13,1704,1,8.835,
spanner,16.14,1705,1,9.012,
spanner,16.15,1706,1,8.079,
spanner,16.15,1707,1,6.590,
spanner,16.16,1708,1,6.407,
spanner,16.17,1709,1,6.658,
spanner,16.17,1710,1,7.022,
spanner,16.18,1711,1,7.941,
spanner,16.19,1712,1,8.261,
spanner,16.20,1713,1,8.420,
spanner,16.21,1714,1,7.534,
spanner,16.21,1715,1,8.223,
spanner,16.22,1716,1,9.126,
spanner,16.23,1717,1,7.481,
spanner,16.24,1718,1,7.421,
spanner,16.25,1719,1,6.497,
spanner,16.25,1720,1,7.198,
spanner,16.26,1721,1,8.885,
spanner,16.27,1722,1,10.956,
spanner,16.28,1723,1,10.052,
spanner,16.29,1724,1,11.698,
spanner,16.30,1725,1,9.068,
spanner,16.31,1726,1,9.219,
spanner,16.32,1727,1,8.491,
spanner,16.33,1728,1,8.085,
spanner,16.34,1729,1,12.477,
spanner,16.35,1730,1,12.277,
spanner,16.36,1731,1,11.644,
spanner,16.37,1732,1,11.005,
spanner,16.38,1733,1,11.276,
spanner,16.40,1734,1,10.767,
spanner,16.41,1735,1,12.312,
spanner,16.42,1736,1,12.234,
spanner,16.43,1737,1,10.876,
spanner,16.44,1738,1,8.705,
spanner,16.45,1739,1,7.504,
spanner,16.46,1740,1,7.658,
spanner,16.47,1741,1,7.702,
spanner,16.47,1742,1,8.702,
spanner,16.48,1743,1,8.139,
spanner,16.49,1744,1,8.194,
spanner,16.50,1745,1,7.380,
spanner,16.51,1746,1,8.595,
spanner,16.51,1747,1,11.753,
spanner,16.53,1748,1,11.682,
spanner,16.54,1749,1,13.137,
spanner,16.55,1750,1,11.418,
spanner,16.56,1751,1,9.824,
spanner,16.57,1752,1,8.063,
spanner,16.58,1753,1,7.810,
spanner,16.59,1754,1,8.533,
spanner,16.60,1755,1,12.201,
spanner,16.61,1756,1,12.642,
spanner,16.62,1757,1,11.962,
spanner,16.63,1758,1,10.753,
spanner,16.64,1759,1,10.202,
spanner,16.65,1760,1,9.032,
spanner,16.66,1761,1,8.869,
spanner,16.67,1762,1,13.033,
spanner,16.69,1763,1,11.544,
spanner,16.70,1764,1,13.689,
spanner,16.71,1765,1,10.983,
spanner,16.72,1766,1,11.094,
spanner,16.73,1767,1,11.326,
spanner,16.74,1768,1,10.090,
spanner,16.75,1769,1,13.232,
spanner,16.77,1770,1,12.440,
spanner,16.78,1771,1,11.409,
spanner,16.79,1772,1,13.038,
spanner,16.81,1773,1,14.163,
spanner,16.82,1774,1,7.692,
spanner,16.83,1775,1,8.846,
spanner,16.84,1776,1,9.596,
spanner,16.85,1777,1,8.889,
spanner,16.85,1778,1,8.338,
spanner,16.86,1779,1,8.689,
spanner,16.87,1780,1,10.132,
spanner,16.88,1781,1,11.349,
spanner,16.89,1782,1,10.171,
spanner,16.90,1783,1,8.303,
spanner,16.91,1784,1,8.345,
spanner,16.92,1785,1,7.631,
spanner,16.93,1786,1,8.348,
spanner,16.94,1787,1,11.136,
spanner,16.95,1788,1,14.307,
spanner,16.96,1789,1,11.895,
spanner,16.97,1790,1,10.899,
spanner,16.98,1791,1,9.430,
spanner,16.99,1792,1,14.040,
spanner,17.01,1793,1,12.759,
spanner,17.02,1794,1,12.316,
spanner,17.03,1795,1,12.924,
spanner,17.05,1796,1,14.203,
spanner,17.06,1797,1,14.335,
spanner,17.07,1798,1,13.600,
spanner,17.09,1799,1,13.568,
spanner,17.10,1800,1,11.972,
spanner,17.11,1801,1,10.640,
spanner,17.12,1802,1,13.014,
spanner,17.14,1803,1,12.517,
spanner,17.15,1804,1,13.177,
spanner,17.16,1805,1,11.922,
spanner,17.18,1806,1,13.541,
spanner,17.19,1807,1,10.116,
spanner,17.20,1808,1,12.187,
spanner,17.21,1809,1,10.962,
spanner,17.22,1810,1,10.460,
spanner,17.23,1811,1,10.009,
spanner,17.24,1812,1,13.515,
spanner,17.26,1813,1,13.341,
spanner,17.27,1814,1,13.864,
spanner,17.28,1815,1,12.983,
spanner,17.30,1816,1,13.021,
spanner,17.31,1817,1,12.830,
spanner,17.32,1818,1,8.220,
spanner,17.33,1819,1,6.917,
spanner,17.34,1820,1,7.399,
spanner,17.35,1821,1,10.435,
spanner,17.36,1822,1,10.875,
spanner,17.37,1823,1,8.394,
spanner,17.38,1824,1,9.046,
spanner,17.38,1825,1,10.478,
spanner,17.40,1826,1,11.030,
spanner,17.41,1827,1,11.320,
spanner,17.42,1828,1,10.360,
spanner,17.43,1829,1,11.319,
spanner,17.44,1830,1,11.671,
spanner,17.45,1831,1,10.376,
spanner,17.46,1832,1,11.435,
spanner,17.47,1833,1,10.157,
spanner,17.48,1834,1,10.828,
spanner,17.49,1835,1,11.842,
spanner,17.51,1836,1,11.892,
spanner,17.52,1837,1,12.541,
spanner,17.53,1838,1,12.116,
spanner,17.54,1839,1,13.123,
spanner,17.56,1840,1,12.118,
spanner,17.57,1841,1,10.969,
spanner,17.58,1842,1,14.276,
spanner,17.59,1843,1,10.193,
spanner,17.60,1844,1,9.041,
spanner,17.61,1845,1,9.608,
spanner,17.62,1846,1,8.777,
spanner,17.63,1847,1,9.432,
spanner,17.64,1848,1,10.376,
spanner,17.65,1849,1,11.108,
spanner,17.66,1850,1,11.658,
spanner,17.67,1851,1,10.806,
spanner,17.68,1852,1,9.134,
spanner,17.69,1853,1,12.166,
spanner,17.71,1854,1,11.116,
spanner,17.72,1855,1,6.411,
spanner,17.72,1856,1,7.065,
spanner,17.73,1857,1,7.735,
spanner,17.74,1858,1,7.053,
spanner,17.75,1859,1,6.839,
spanner,17.75,1860,1,6.929,
spanner,17.76,1861,1,7.092,
spanner,17.77,1862,1,8.156,
spanner,17.77,1863,1,7.241,
spanner,17.78,1864,1,6.118,
spanner,17.79,1865,1,7.107,
spanner,17.80,1866,1,8.314,
spanner,17.80,1867,1,7.208,
spanner,17.81,1868,1,10.355,
spanner,17.82,1869,1,10.698,
spanner,17.83,1870,1,9.719,
spanner,17.84,1871,1,8.256,
spanner,17.85,1872,1,7.580,
spanner,17.86,1873,1,6.966,
spanner,17.86,1874,1,6.748,
spanner,17.87,1875,1,6.499,
spanner,17.88,1876,1,6.808,
spanner,17.88,1877,1,8.913,
spanner,17.89,1878,1,9.592,
spanner,17.90,1879,1,6.993,
spanner,17.91,1880,1,6.405,
spanner,17.92,1881,1,6.703,
spanner,17.92,1882,1,9.092,
spanner,17.93,1883,1,10.435,
spanner,17.94,1884,1,10.110,
spanner,17.95,1885,1,10.004,
spanner,17.96,1886,1,9.736,
spanner,17.97,1887,1,11.471,
spanner,17.98,1888,1,9.986,
spanner,17.99,1889,1,14.169,
spanner,18.01,1890,1,10.992,
spanner,18.02,1891,1,9.895,
spanner,18.03,1892,1,9.454,
spanner,18.04,1893,1,9.221,
spanner,18.05,1894,1,10.796,
spanner,18.06,1895,1,8.231,
spanner,18.07,1896,1,6.972,
spanner,18.07,1897,1,7.050,
spanner,18.08,1898,1,7.228,
spanner,18.09,1899,1,7.821,
spanner,18.10,1900,1,7.655,
spanner,18.10,1901,1,7.493,
spanner,18.11,1902,1,7.557,
spanner,18.12,1903,1,7.747,
spanner,18.13,1904,1,7.608,
spanner,18.14,1905,1,6.956,
spanner,18.14,1906,1,8.245,
spanner,18.15,1907,1,7.071,
spanner,18.16,1908,1,7.078,
spanner,18.16,1909,1,9.005,
spanner,18.17,1910,1,11.554,
spanner,18.19,1911,1,9.681,
spanner,18.19,1912,1,8.551,
spanner,18.20,1913,1,8.579,
spanner,18.21,1914,1,10.231,
spanner,18.22,1915,1,11.215,
spanner,18.23,1916,1,12.481,
spanner,18.25,1917,1,12.419,
spanner,18.26,1918,1,11.246,
spanner,18.27,1919,1,11.845,
spanner,18.28,1920,1,12.211,
spanner,18.29,1921,1,12.207,
spanner,18.31,1922,1,9.689,
spanner,18.32,1923,1,10.508,
spanner,18.33,1924,1,12.222,
spanner,18.34,1925,1,10.011,
spanner,18.35,1926,1,10.601,
spanner,18.36,1927,1,10.661,
spanner,18.37,1928,1,10.561,
spanner,18.38,1929,1,11.757,
spanner,18.39,1930,1,13.051,
spanner,18.41,1931,1,11.910,
spanner,18.42,1932,1,9.206,
spanner,18.43,1933,1,10.630,
spanner,18.44,1934,1,9.681,
spanner,18.45,1935,1,7.900,
spanner,18.46,1936,1,7.412,
spanner,18.46,1937,1,7.714,
spanner,18.47,1938,1,7.344,
spanner,18.48,1939,1,7.289,
spanner,18.49,1940,1,7.648,
spanner,18.49,1941,1,8.913,
spanner,18.50,1942,1,10.987,
spanner,18.51,1943,1,12.160,
spanner,18.53,1944,1,12.880,
spanner,18.54,1945,1,10.798,
spanner,18.55,1946,1,11.410,
spanner,18.56,1947,1,10.707,
spanner,18.57,1948,1,11.967,
spanner,18.58,1949,1,10.732,
spanner,18.59,1950,1,13.378,
spanner,18.61,1951,1,13.404,
spanner,18.62,1952,1,10.619,
spanner,18.63,1953,1,9.417,
spanner,18.64,1954,1,10.047,
spanner,18.65,1955,1,8.175,
spanner,18.66,1956,1,7.650,
spanner,18.67,1957,1,9.641,
spanner,18.68,1958,1,8.918,
spanner,18.69,1959,1,8.093,
spanner,18.69,1960,1,7.979,
spanner,18.70,1961,1,9.124,
spanner,18.71,1962,1,9.082,
spanner,18.72,1963,1,8.523,
spanner,18.73,1964,1,7.747,
spanner,18.74,1965,1,7.907,
spanner,18.74,1966,1,7.448,
spanner,18.75,1967,1,7.544,
spanner,18.76,1968,1,7.378,
spanner,18.77,1969,1,8.519,
spanner,18.78,1970,1,11.232,
spanner,18.79,1971,1,11.176,
spanner,18.80,1972,1,12.402,
spanner,18.81,1973,1,13.405,
spanner,18.82,1974,1,12.247,
spanner,18.84,1975,1,14.283,
spanner,18.85,1976,1,12.852,
spanner,18.86,1977,1,12.252,
spanner,18.88,1978,1,12.919,
spanner,18.89,1979,1,12.353,
spanner,18.90,1980,1,9.523,
spanner,18.91,1981,1,9.028,
spanner,18.92,1982,1,11.418,
spanner,18.93,1983,1,10.133,
spanner,18.94,1984,1,8.666,
spanner,18.95,1985,1,8.087,
spanner,18.96,1986,1,8.294,
spanner,18.97,1987,1,8.320,
spanner,18.97,1988,1,8.197,
spanner,18.98,1989,1,9.588,
spanner,18.99,1990,1,9.767,
spanner,19.00,1991,1,11.690,
spanner,19.01,1992,1,9.591,
spanner,19.02,1993,1,10.807,
spanner,19.03,1994,1,8.682,
spanner,19.04,1995,1,8.491,
spanner,19.05,1996,1,8.270,
spanner,19.06,1997,1,8.459,
spanner,19.07,1998,1,8.329,
spanner,19.08,1999,1,8.237,
spanner,19.08,2000,1,7.975,
spanner,19.09,2001,1,9.575,
spanner,19.10,2002,1,10.178,
spanner,19.11,2003,1,12.331,
spanner,19.13,2004,1,14.028,
spanner,19.14,2005,1,12.013,
spanner,19.15,2006,1,13.950,
spanner,19.17,2007,1,13.168,
spanner,19.18,2008,1,12.029,
spanner,19.19,2009,1,10.999,
spanner,19.20,2010,1,11.589,
spanner,19.21,2011,1,10.724,
spanner,19.22,2012,1,10.790,
spanner,19.23,2013,1,9.687,
spanner,19.24,2014,1,8.427,
spanner,19.25,2015,1,6.898,
spanner,19.26,2016,1,7.736,
spanner,19.27,2017,1,7.379,
spanner,19.28,2018,1,6.438,
spanner,19.28,2019,1,6.627,
spanner,19.29,2020,1,7.305,
spanner,19.30,2021,1,7.159,
spanner,19.30,2022,1,7.769,
spanner,19.31,2023,1,9.325,
spanner,19.32,2024,1,7.475,
spanner,19.33,2025,1,6.810,
spanner,19.33,2026,1,5.923,
spanner,19.34,2027,1,6.287,
spanner,19.35,2028,1,6.270,
spanner,19.35,2029,1,6.993,
spanner,19.36,2030,1,7.711,
spanner,19.37,2031,1,6.875,
spanner,19.37,2032,1,6.437,
spanner,19.38,2033,1,7.852,
spanner,19.39,2034,1,8.012,
spanner,19.40,2035,1,10.597,
spanner,19.41,2036,1,8.791,
spanner,19.42,2037,1,8.443,
spanner,19.42,2038,1,7.712,
spanner,19.43,2039,1,7.244,
spanner,19.44,2040,1,8.622,
spanner,19.45,2041,1,6.151,
spanner,19.45,2042,1,6.076,
spanner,19.46,2043,1,7.498,
spanner,19.47,2044,1,6.153,
spanner,19.47,2045,1,5.813,
spanner,19.48,2046,1,6.069,
spanner,19.49,2047,1,5.884,
spanner,19.49,2048,1,7.126,
spanner,19.50,2049,1,6.553,
spanner,19.51,2050,1,5.633,
spanner,19.51,2051,1,5.716,
spanner,19.52,2052,1,5.645,
spanner,19.52,2053,1,6.279,
spanner,19.53,2054,1,5.927,
spanner,19.54,2055,1,6.259,
spanner,19.54,2056,1,6.066,
spanner,19.55,2057,1,9.146,
spanner,19.56,2058,1,10.991,
spanner,19.57,2059,1,10.703,
spanner,19.58,2060,1,9.192,
spanner,19.59,2061,1,8.434,
spanner,19.60,2062,1,9.217,
spanner,19.61,2063,1,6.562,
spanner,19.61,2064,1,6.254,
spanner,19.62,2065,1,6.214,
spanner,19.62,2066,1,7.976,
spanner,19.63,2067,1,9.811,
spanner,19.64,2068,1,10.611,
spanner,19.65,2069,1,7.630,
spanner,19.66,2070,1,6.852,
spanner,19.67,2071,1,6.297,
spanner,19.67,2072,1,6.566,
spanner,19.68,2073,1,7.350,
spanner,19.69,2074,1,6.615,
spanner,19.69,2075,1,7.073,
spanner,19.70,2076,1,7.912,
spanner,19.71,2077,1,7.382,
spanner,19.72,2078,1,7.495,
spanner,19.72,2079,1,7.575,
spanner,19.73,2080,1,6.997,
spanner,19.74,2081,1,6.951,
spanner,19.75,2082,1,6.772,
spanner,19.75,2083,1,7.311,
spanner,19.76,2084,1,6.739,
spanner,19.77,2085,1,7.267,
spanner,19.77,2086,1,8.507,
spanner,19.78,2087,1,8.115,
spanner,19.79,2088,1,8.827,
spanner,19.80,2089,1,9.365,
spanner,19.81,2090,1,10.655,
spanner,19.82,2091,1,11.175,
spanner,19.83,2092,1,11.297,
spanner,19.84,2093,1,10.717,
spanner,19.85,2094,1,11.197,
spanner,19.86,2095,1,9.804,
spanner,19.87,2096,1,9.363,
spanner,19.88,2097,1,10.287,
spanner,19.89,2098,1,11.707,
spanner,19.91,2099,1,9.040,
spanner,19.92,2100,1,9.278,
spanner,19.92,2101,1,10.419,
spanner,19.93,2102,1,11.037,
spanner,19.95,2103,1,10.806,
spanner,19.96,2104,1,10.932,
spanner,19.97,2105,1,9.582,
spanner,19.98,2106,1,10.549,
spanner,19.99,2107,1,8.550,
spanner,20.00,2108,1,8.041,
spanner,20.00,2109,1,7.033,
spanner,20.01,2110,1,7.492,
spanner,20.02,2111,1,7.021,
spanner,20.03,2112,1,6.681,
spanner,20.03,2113,1,6.610,
spanner,20.04,2114,1,8.320,
spanner,20.05,2115,1,9.471,
spanner,20.06,2116,1,9.302,
spanner,20.07,2117,1,9.958,
spanner,20.08,2118,1,10.450,
spanner,20.09,2119,1,12.300,
spanner,20.10,2120,1,13.165,
spanner,20.11,2121,1,11.198,
spanner,20.12,2122,1,10.265,
spanner,20.13,2123,1,12.038,
spanner,20.15,2124,1,12.547,
spanner,20.16,2125,1,11.316,
spanner,20.17,2126,1,11.340,
spanner,20.18,2127,1,12.706,
spanner,20.19,2128,1,11.402,
spanner,20.21,2129,1,10.359,
spanner,20.22,2130,1,11.912,
spanner,20.23,2131,1,12.577,
spanner,20.24,2132,1,11.491,
spanner,20.25,2133,1,12.147,
spanner,20.26,2134,1,10.108,
spanner,20.27,2135,1,11.676,
spanner,20.29,2136,1,11.696,
spanner,20.30,2137,1,8.348,
spanner,20.31,2138,1,7.425,
spanner,20.31,2139,1,7.340,
spanner,20.32,2140,1,7.904,
spanner,20.33,2141,1,9.818,
spanner,20.34,2142,1,10.156,
spanner,20.35,2143,1,9.944,
spanner,20.36,2144,1,8.929,
spanner,20.37,2145,1,8.131,
spanner,20.38,2146,1,8.245,
spanner,20.38,2147,1,7.767,
spanner,20.39,2148,1,9.980,
spanner,20.40,2149,1,12.703,
spanner,20.42,2150,1,10.288,
spanner,20.43,2151,1,10.415,
spanner,20.44,2152,1,11.626,
spanner,20.45,2153,1,10.484,
spanner,20.46,2154,1,9.155,
spanner,20.47,2155,1,8.822,
spanner,20.48,2156,1,11.379,
spanner,20.49,2157,1,9.640,
spanner,20.50,2158,1,10.390,
spanner,20.51,2159,1,8.300,
spanner,20.52,2160,1,8.190,
spanner,20.52,2161,1,8.436,
spanner,20.53,2162,1,9.094,
spanner,20.54,2163,1,8.127,
spanner,20.55,2164,1,8.721,
spanner,20.56,2165,1,7.291,
spanner,20.57,2166,1,7.483,
spanner,20.57,2167,1,8.224,
spanner,20.58,2168,1,8.535,
spanner,20.59,2169,1,10.677,
spanner,20.60,2170,1,10.907,
spanner,20.61,2171,1,10.490,
spanner,20.62,2172,1,11.667,
spanner,20.63,2173,1,11.529,
spanner,20.65,2174,1,11.267,
spanner,20.66,2175,1,11.378,
spanner,20.67,2176,1,12.272,
spanner,20.68,2177,1,10.829,
spanner,20.69,2178,1,9.440,
spanner,20.70,2179,1,9.110,
spanner,20.71,2180,1,8.860,
spanner,20.72,2181,1,8.561,
spanner,20.73,2182,1,8.440,
spanner,20.74,2183,1,8.959,
spanner,20.75,2184,1,8.823,
spanner,20.75,2185,1,9.163,
spanner,20.76,2186,1,7.848,
spanner,20.77,2187,1,9.052,
spanner,20.78,2188,1,10.145,
spanner,20.79,2189,1,11.875,
spanner,20.80,2190,1,8.864,
spanner,20.81,2191,1,7.587,
spanner,20.82,2192,1,9.832,
spanner,20.83,2193,1,13.200,
spanner,20.84,2194,1,11.341,
spanner,20.85,2195,1,9.967,
spanner,20.86,2196,1,9.988,
spanner,20.87,2197,1,12.710,
spanner,20.89,2198,1,13.260,
spanner,20.90,2199,1,13.370,
spanner,20.91,2200,1,12.464,
spanner,20.93,2201,1,12.280,
spanner,20.94,2202,1,14.184,
spanner,20.95,2203,1,12.915,
spanner,20.97,2204,1,10.613,
spanner,20.98,2205,1,11.232,
spanner,20.99,2206,1,11.739,
spanner,21.00,2207,1,11.816,
spanner,21.01,2208,1,23.328,
spanner,21.03,2209,1,12.572,
spanner,21.05,2210,1,12.086,
spanner,21.06,2211,1,11.170,
spanner,21.07,2212,1,10.768,
spanner,21.08,2213,1,10.972,
spanner,21.09,2214,1,11.349,
spanner,21.10,2215,1,12.824,
spanner,21.12,2216,1,9.552,
spanner,21.13,2217,1,6.975,
spanner,21.13,2218,1,6.106,
spanner,21.14,2219,1,7.225,
spanner,21.15,2220,1,6.692,
spanner,21.15,2221,1,6.832,
spanner,21.16,2222,1,7.527,
spanner,21.17,2223,1,7.788,
spanner,21.18,2224,1,8.268,
spanner,21.18,2225,1,7.790,
spanner,21.19,2226,1,7.398,
spanner,21.20,2227,1,9.307,
spanner,21.21,2228,1,8.664,
spanner,21.22,2229,1,7.383,
spanner,21.22,2230,1,6.886,
spanner,21.23,2231,1,5.846,
spanner,21.24,2232,1,7.066,
spanner,21.24,2233,1,9.840,
spanner,21.25,2234,1,12.067,
spanner,21.27,2235,1,10.982,
spanner,21.28,2236,1,7.907,
spanner,21.29,2237,1,7.146,
spanner,21.29,2238,1,7.283,
spanner,21.30,2239,1,7.769,
spanner,21.31,2240,1,7.923,
spanner,21.32,2241,1,7.442,
spanner,21.32,2242,1,11.018,
spanner,21.33,2243,1,10.849,
spanner,21.34,2244,1,10.025,
spanner,21.35,2245,1,9.822,
spanner,21.36,2246,1,8.454,
spanner,21.37,2247,1,7.039,
spanner,21.38,2248,1,6.327,
spanner,21.39,2249,1,7.747,
spanner,21.39,2250,1,9.942,
spanner,21.40,2251,1,9.179,
spanner,21.41,2252,1,9.565,
spanner,21.42,2253,1,8.503,
spanner,21.43,2254,1,6.858,
spanner,21.44,2255,1,6.339,
spanner,21.44,2256,1,6.440,
spanner,21.45,2257,1,6.904,
spanner,21.46,2258,1,6.374,
spanner,21.46,2259,1,6.898,
spanner,21.47,2260,1,6.971,
spanner,21.48,2261,1,8.189,
spanner,21.49,2262,1,8.180,
spanner,21.50,2263,1,6.566,
spanner,21.50,2264,1,6.902,
spanner,21.51,2265,1,6.326,
spanner,21.52,2266,1,6.092,
spanner,21.52,2267,1,6.211,
spanner,21.53,2268,1,6.094,
spanner,21.53,2269,1,6.310,
spanner,21.54,2270,1,7.230,
spanner,21.55,2271,1,7.982,
spanner,21.56,2272,1,8.840,
spanner,21.56,2273,1,7.229,
spanner,21.57,2274,1,6.041,
spanner,21.58,2275,1,6.164,
spanner,21.58,2276,1,6.699,
spanner,21.59,2277,1,6.081,
spanner,21.60,2278,1,6.228,
spanner,21.60,2279,1,6.468,
spanner,21.61,2280,1,7.016,
spanner,21.62,2281,1,7.306,
spanner,21.62,2282,1,17.359,
spanner,21.64,2283,1,13.053,
spanner,21.65,2284,1,9.638,
spanner,21.66,2285,1,8.520,
spanner,21.67,2286,1,7.829,
spanner,21.68,2287,1,7.155,
spanner,21.69,2288,1,6.404,
spanner,21.69,2289,1,7.478,
spanner,21.70,2290,1,10.591,
spanner,21.71,2291,1,8.300,
spanner,21.72,2292,1,7.111,
spanner,21.73,2293,1,6.814,
spanner,21.73,2294,1,7.098,
spanner,21.74,2295,1,7.322,
spanner,21.75,2296,1,7.374,
spanner,21.76,2297,1,10.010,
spanner,21.77,2298,1,8.993,
spanner,21.77,2299,1,8.399,
spanner,21.78,2300,1,8.059,
spanner,21.79,2301,1,9.743,
spanner,21.80,2302,1,10.346,
spanner,21.81,2303,1,9.677,
spanner,21.82,2304,1,11.558,
spanner,21.83,2305,1,10.302,
spanner,21.84,2306,1,9.756,
spanner,21.85,2307,1,9.844,
spanner,21.86,2308,1,7.916,
spanner,21.87,2309,1,8.591,
spanner,21.88,2310,1,8.449,
spanner,21.89,2311,1,7.823,
spanner,21.90,2312,1,7.008,
spanner,21.90,2313,1,6.948,
spanner,21.91,2314,1,7.699,
spanner,21.92,2315,1,9.400,
spanner,21.93,2316,1,10.595,
spanner,21.94,2317,1,9.893,
spanner,21.95,2318,1,11.802,
spanner,21.96,2319,1,11.458,
spanner,21.97,2320,1,10.145,
spanner,21.98,2321,1,12.273,
spanner,21.99,2322,1,11.792,
spanner,22.01,2323,1,11.481,
spanner,22.02,2324,1,10.878,
spanner,22.03,2325,1,9.124,
spanner,22.04,2326,1,10.407,
spanner,22.05,2327,1,9.924,
spanner,22.06,2328,1,10.281,
spanner,22.07,2329,1,11.329,
spanner,22.08,2330,1,10.068,
spanner,22.09,2331,1,12.451,
spanner,22.10,2332,1,11.921,
spanner,22.11,2333,1,11.454,
spanner,22.13,2334,1,8.686,
spanner,22.13,2335,1,9.318,
spanner,22.14,2336,1,12.367,
spanner,22.16,2337,1,10.763,
spanner,22.17,2338,1,12.845,
spanner,22.18,2339,1,12.457,
spanner,22.19,2340,1,11.786,
spanner,22.20,2341,1,11.013,
spanner,22.21,2342,1,11.799,
spanner,22.23,2343,1,11.194,
spanner,22.24,2344,1,8.553,
spanner,22.25,2345,1,8.132,
spanner,22.25,2346,1,8.455,
spanner,22.26,2347,1,7.861,
spanner,22.27,2348,1,8.482,
spanner,22.28,2349,1,9.049,
spanner,22.29,2350,1,8.772,
spanner,22.30,2351,1,8.855,
spanner,22.31,2352,1,9.127,
spanner,22.32,2353,1,8.420,
spanner,22.32,2354,1,8.480,
spanner,22.33,2355,1,8.262,
spanner,22.34,2356,1,8.009,
spanner,22.35,2357,1,8.010,
spanner,22.36,2358,1,8.716,
spanner,22.37,2359,1,11.354,
spanner,22.38,2360,1,12.551,
spanner,22.39,2361,1,12.040,
spanner,22.40,2362,1,13.179,
spanner,22.41,2363,1,12.728,
spanner,22.43,2364,1,12.606,
spanner,22.44,2365,1,12.668,
spanner,22.45,2366,1,12.572,
spanner,22.47,2367,1,12.541,
spanner,22.48,2368,1,11.301,
spanner,22.49,2369,1,9.615,
spanner,22.50,2370,1,8.050,
spanner,22.51,2371,1,8.223,
spanner,22.52,2372,1,7.621,
spanner,22.52,2373,1,8.211,
spanner,22.53,2374,1,10.395,
spanner,22.54,2375,1,12.400,
spanner,22.55,2376,1,13.255,
spanner,22.57,2377,1,12.638,
spanner,22.58,2378,1,9.319,
spanner,22.59,2379,1,10.479,
spanner,22.60,2380,1,10.486,
spanner,22.61,2381,1,11.084,
spanner,22.62,2382,1,10.467,
spanner,22.63,2383,1,9.031,
spanner,22.64,2384,1,9.353,
spanner,22.65,2385,1,10.607,
spanner,22.66,2386,1,14.178,
spanner,22.68,2387,1,14.514,
spanner,22.69,2388,1,12.973,
spanner,22.70,2389,1,13.622,
spanner,22.72,2390,1,11.240,
spanner,22.73,2391,1,13.508,
spanner,22.74,2392,1,11.087,
spanner,22.75,2393,1,9.790,
spanner,22.76,2394,1,12.349,
spanner,22.78,2395,1,11.859,
spanner,22.79,2396,1,10.533,
spanner,22.80,2397,1,9.019,
spanner,22.81,2398,1,9.109,
spanner,22.82,2399,1,8.509,
spanner,22.82,2400,1,8.316,
spanner,22.83,2401,1,8.638,
spanner,22.84,2402,1,9.368,
spanner,22.85,2403,1,8.620,
spanner,22.86,2404,1,8.884,
spanner,22.87,2405,1,8.286,
spanner,22.88,2406,1,9.961,
spanner,22.89,2407,1,8.924,
spanner,22.90,2408,1,8.887,
spanner,22.90,2409,1,12.427,
spanner,22.92,2410,1,11.443,
spanner,22.93,2411,1,10.554,
spanner,22.94,2412,1,10.618,
spanner,22.95,2413,1,10.986,
spanner,22.96,2414,1,12.305,
spanner,22.97,2415,1,17.721,
spanner,22.99,2416,1,23.486,
spanner,23.01,2417,1,10.184,
spanner,23.02,2418,1,9.720,
spanner,23.03,2419,1,12.260,
spanner,23.05,2420,1,20.210,
spanner,23.07,2421,1,10.493,
spanner,23.08,2422,1,8.513,
spanner,23.09,2423,1,6.276,
spanner,23.09,2424,1,6.304,
spanner,23.10,2425,1,7.459,
spanner,23.11,2426,1,35.950,
spanner,23.14,2427,1,15.934,
spanner,23.16,2428,1,11.737,
spanner,23.17,2429,1,7.112,
spanner,23.18,2430,1,7.182,
spanner,23.18,2431,1,6.300,
spanner,23.19,2432,1,6.558,
spanner,23.20,2433,1,6.195,
spanner,23.20,2434,1,6.692,
spanner,23.21,2435,1,7.629,
spanner,23.22,2436,1,6.922,
spanner,23.22,2437,1,10.209,
spanner,23.24,2438,1,11.040,
spanner,23.25,2439,1,19.346,
spanner,23.27,2440,1,8.338,
spanner,23.27,2441,1,7.456,
spanner,23.28,2442,1,7.540,
spanner,23.29,2443,1,7.891,
spanner,23.30,2444,1,6.501,
spanner,23.30,2445,1,6.568,
spanner,23.31,2446,1,6.905,
spanner,23.32,2447,1,7.036,
spanner,23.32,2448,1,6.677,
spanner,23.33,2449,1,6.634,
spanner,23.34,2450,1,6.042,
spanner,23.34,2451,1,8.799,
spanner,23.35,2452,1,11.730,
spanner,23.36,2453,1,7.545,
spanner,23.37,2454,1,7.983,
spanner,23.38,2455,1,8.150,
spanner,23.39,2456,1,7.813,
spanner,23.40,2457,1,6.847,
spanner,23.40,2458,1,7.377,
spanner,23.41,2459,1,7.102,
spanner,23.42,2460,1,6.406,
spanner,23.42,2461,1,6.864,
spanner,23.43,2462,1,7.260,
spanner,23.44,2463,1,7.540,
spanner,23.45,2464,1,6.080,
spanner,23.45,2465,1,6.631,
spanner,23.46,2466,1,6.477,
spanner,23.46,2467,1,6.440,
spanner,23.47,2468,1,6.166,
spanner,23.48,2469,1,8.054,
spanner,23.49,2470,1,9.474,
spanner,23.49,2471,1,7.912,
spanner,23.50,2472,1,6.899,
spanner,23.51,2473,1,6.176,
spanner,23.52,2474,1,6.479,
spanner,23.52,2475,1,6.690,
spanner,23.53,2476,1,8.647,
spanner,23.54,2477,1,9.008,
spanner,23.55,2478,1,10.734,
spanner,23.56,2479,1,11.674,
spanner,23.57,2480,1,8.446,
spanner,23.58,2481,1,7.838,
spanner,23.59,2482,1,8.701,
spanner,23.59,2483,1,9.064,
spanner,23.60,2484,1,17.971,
spanner,23.62,2485,1,9.459,
spanner,23.63,2486,1,11.714,
spanner,23.64,2487,1,10.653,
spanner,23.65,2488,1,9.033,
spanner,23.66,2489,1,7.372,
spanner,23.67,2490,1,7.784,
spanner,23.68,2491,1,8.921,
spanner,23.69,2492,1,9.072,
spanner,23.70,2493,1,7.943,
spanner,23.70,2494,1,7.182,
spanner,23.71,2495,1,7.059,
spanner,23.72,2496,1,7.187,
spanner,23.73,2497,1,7.831,
spanner,23.73,2498,1,7.404,
spanner,23.74,2499,1,6.888,
spanner,23.75,2500,1,7.297,
spanner,23.75,2501,1,9.327,
spanner,23.76,2502,1,10.858,
spanner,23.78,2503,1,9.564,
spanner,23.78,2504,1,10.061,
spanner,23.79,2505,1,10.065,
spanner,23.80,2506,1,8.905,
spanner,23.81,2507,1,8.374,
spanner,23.82,2508,1,9.743,
spanner,23.83,2509,1,12.943,
spanner,23.85,2510,1,9.994,
spanner,23.86,2511,1,9.609,
spanner,23.86,2512,1,8.563,
spanner,23.87,2513,1,6.775,
spanner,23.88,2514,1,7.399,
spanner,23.89,2515,1,6.936,
spanner,23.89,2516,1,7.768,
spanner,23.90,2517,1,7.379,
spanner,23.91,2518,1,7.125,
spanner,23.92,2519,1,7.573,
spanner,23.92,2520,1,8.097,
spanner,23.93,2521,1,10.398,
spanner,23.94,2522,1,12.546,
spanner,23.96,2523,1,9.693,
spanner,23.97,2524,1,11.454,
spanner,23.98,2525,1,10.134,
spanner,23.99,2526,1,8.625,
spanner,24.00,2527,1,9.578,
spanner,24.01,2528,1,10.210,
spanner,24.02,2529,1,8.586,
spanner,24.02,2530,1,8.041,
spanner,24.03,2531,1,8.233,
spanner,24.04,2532,1,9.014,
spanner,24.05,2533,1,8.319,
spanner,24.06,2534,1,7.717,
spanner,24.07,2535,1,7.883,
spanner,24.07,2536,1,7.715,
spanner,24.08,2537,1,7.570,
spanner,24.09,2538,1,7.604,
spanner,24.10,2539,1,7.006,
spanner,24.10,2540,1,6.899,
spanner,24.11,2541,1,8.888,
spanner,24.12,2542,1,13.421,
spanner,24.13,2543,1,12.451,
spanner,24.15,2544,1,10.803,
spanner,24.16,2545,1,9.834,
spanner,24.17,2546,1,11.685,
spanner,24.18,2547,1,12.115,
spanner,24.19,2548,1,12.649,
spanner,24.20,2549,1,12.654,
spanner,24.22,2550,1,12.579,
spanner,24.23,2551,1,10.087,
spanner,24.24,2552,1,10.571,
spanner,24.25,2553,1,11.464,
spanner,24.26,2554,1,9.147,
spanner,24.27,2555,1,10.769,
spanner,24.28,2556,1,11.589,
spanner,24.29,2557,1,11.862,
spanner,24.30,2558,1,11.219,
spanner,24.32,2559,1,12.927,
spanner,24.33,2560,1,11.108,
spanner,24.34,2561,1,12.217,
spanner,24.35,2562,1,12.023,
spanner,24.36,2563,1,8.991,
spanner,24.37,2564,1,7.933,
spanner,24.38,2565,1,7.667,
spanner,24.39,2566,1,8.239,
spanner,24.40,2567,1,9.160,
spanner,24.41,2568,1,7.717,
spanner,24.41,2569,1,7.440,
spanner,24.42,2570,1,8.445,
spanner,24.43,2571,1,7.992,
spanner,24.44,2572,1,7.941,
spanner,24.45,2573,1,10.454,
spanner,24.46,2574,1,12.013,
spanner,24.47,2575,1,9.600,
spanner,24.48,2576,1,10.922,
spanner,24.49,2577,1,11.456,
spanner,24.50,2578,1,12.619,
spanner,24.51,2579,1,12.747,
spanner,24.53,2580,1,10.387,
spanner,24.54,2581,1,10.484,
spanner,24.55,2582,1,10.766,
spanner,24.56,2583,1,11.990,
spanner,24.57,2584,1,12.481,
spanner,24.58,2585,1,9.886,
spanner,24.59,2586,1,10.271,
spanner,24.60,2587,1,10.939,
spanner,24.61,2588,1,11.021,
spanner,24.62,2589,1,10.344,
spanner,24.63,2590,1,12.302,
spanner,24.65,2591,1,13.817,
spanner,24.66,2592,1,14.364,
spanner,24.68,2593,1,12.645,
spanner,24.69,2594,1,11.877,
spanner,24.70,2595,1,13.864,
spanner,24.71,2596,1,11.435,
spanner,24.73,2597,1,12.270,
spanner,24.74,2598,1,10.402,
spanner,24.75,2599,1,9.579,
spanner,24.76,2600,1,11.587,
spanner,24.77,2601,1,13.076,
spanner,24.78,2602,1,13.988,
spanner,24.80,2603,1,14.125,
spanner,24.81,2604,1,14.321,
spanner,24.82,2605,1,14.120,
spanner,24.84,2606,1,12.919,
spanner,24.85,2607,1,14.181,
spanner,24.87,2608,1,14.548,
spanner,24.88,2609,1,11.391,
spanner,24.89,2610,1,12.854,
spanner,24.91,2611,1,11.334,
spanner,24.92,2612,1,7.898,
spanner,24.92,2613,1,9.705,
spanner,24.93,2614,1,11.327,
spanner,24.95,2615,1,10.332,
spanner,24.96,2616,1,9.114,
spanner,24.97,2617,1,8.077,
spanner,24.97,2618,1,6.916,
spanner,24.98,2619,1,6.738,
spanner,24.99,2620,1,7.067,
spanner,24.99,2621,1,6.527,
spanner,25.00,2622,1,6.894,
spanner,25.01,2623,1,8.305,
spanner,25.02,2624,1,8.052,
spanner,25.02,2625,1,8.582,
spanner,25.03,2626,1,7.470,
spanner,25.04,2627,1,9.067,
spanner,25.05,2628,1,10.637,
spanner,25.06,2629,1,10.667,
spanner,25.07,2630,1,10.178,
spanner,25.08,2631,1,9.554,
spanner,25.09,2632,1,9.507,
spanner,25.10,2633,1,10.794,
spanner,25.11,2634,1,11.179,
spanner,25.12,2635,1,10.313,
spanner,25.13,2636,1,11.119,
spanner,25.14,2637,1,10.734,
spanner,25.15,2638,1,9.869,
spanner,25.16,2639,1,7.365,
spanner,25.17,2640,1,7.120,
spanner,25.18,2641,1,7.694,
spanner,25.19,2642,1,9.006,
spanner,25.20,2643,1,7.103,
spanner,25.20,2644,1,7.152,
spanner,25.21,2645,1,7.336,
spanner,25.22,2646,1,6.534,
spanner,25.22,2647,1,6.496,
spanner,25.23,2648,1,6.468,
spanner,25.24,2649,1,8.260,
spanner,25.24,2650,1,10.356,
spanner,25.26,2651,1,7.367,
spanner,25.26,2652,1,8.671,
spanner,25.27,2653,1,10.485,
spanner,25.28,2654,1,8.997,
spanner,25.29,2655,1,10.205,
spanner,25.30,2656,1,12.699,
spanner,25.31,2657,1,11.884,
spanner,25.33,2658,1,11.619,
spanner,25.34,2659,1,11.741,
spanner,25.35,2660,1,10.659,
spanner,25.36,2661,1,10.614,
spanner,25.37,2662,1,11.832,
spanner,25.38,2663,1,10.673,
spanner,25.39,2664,1,9.138,
spanner,25.40,2665,1,9.476,
spanner,25.41,2666,1,9.992,
spanner,25.42,2667,1,10.398,
spanner,25.43,2668,1,10.819,
spanner,25.44,2669,1,7.845,
spanner,25.45,2670,1,6.878,
spanner,25.46,2671,1,8.349,
spanner,25.47,2672,1,10.327,
spanner,25.48,2673,1,8.881,
spanner,25.49,2674,1,7.296,
spanner,25.49,2675,1,6.763,
spanner,25.50,2676,1,6.925,
spanner,25.51,2677,1,8.773,
spanner,25.52,2678,1,10.764,
spanner,25.53,2679,1,9.143,
spanner,25.54,2680,1,7.107,
spanner,25.54,2681,1,6.890,
spanner,25.55,2682,1,7.122,
spanner,25.56,2683,1,7.350,
spanner,25.56,2684,1,7.130,
spanner,25.57,2685,1,6.963,
spanner,25.58,2686,1,6.832,
spanner,25.59,2687,1,6.949,
spanner,25.59,2688,1,7.075,
spanner,25.60,2689,1,7.084,
spanner,25.61,2690,1,7.245,
spanner,25.61,2691,1,8.902,
spanner,25.62,2692,1,7.303,
spanner,25.63,2693,1,7.131,
spanner,25.64,2694,1,8.572,
spanner,25.65,2695,1,8.166,
spanner,25.65,2696,1,7.291,
spanner,25.66,2697,1,6.798,
spanner,25.67,2698,1,6.966,
spanner,25.68,2699,1,7.009,
spanner,25.68,2700,1,7.037,
spanner,25.69,2701,1,6.751,
spanner,25.70,2702,1,6.893,
spanner,25.70,2703,1,9.865,
spanner,25.71,2704,1,7.744,
spanner,25.72,2705,1,7.823,
spanner,25.73,2706,1,8.739,
spanner,25.74,2707,1,7.942,
spanner,25.75,2708,1,7.981,
spanner,25.75,2709,1,8.236,
spanner,25.76,2710,1,9.928,
spanner,25.77,2711,1,9.594,
spanner,25.78,2712,1,10.626,
spanner,25.79,2713,1,8.544,
spanner,25.80,2714,1,7.243,
spanner,25.81,2715,1,7.803,
spanner,25.82,2716,1,7.268,
spanner,25.82,2717,1,7.277,
spanner,25.83,2718,1,7.240,
spanner,25.84,2719,1,7.162,
spanner,25.84,2720,1,6.704,
spanner,25.85,2721,1,6.886,
spanner,25.86,2722,1,8.574,
spanner,25.87,2723,1,7.677,
spanner,25.87,2724,1,7.136,
spanner,25.88,2725,1,10.139,
spanner,25.89,2726,1,10.034,
spanner,25.90,2727,1,12.530,
spanner,25.91,2728,1,11.311,
spanner,25.93,2729,1,9.061,
spanner,25.93,2730,1,8.864,
spanner,25.94,2731,1,10.427,
spanner,25.95,2732,1,10.593,
spanner,25.96,2733,1,11.012,
spanner,25.98,2734,1,10.832,
spanner,25.99,2735,1,9.296,
spanner,26.00,2736,1,8.931,
spanner,26.01,2737,1,8.898,
spanner,26.01,2738,1,10.554,
spanner,26.02,2739,1,12.195,
spanner,26.04,2740,1,10.853,
spanner,26.05,2741,1,9.088,
spanner,26.06,2742,1,9.527,
spanner,26.07,2743,1,8.466,
spanner,26.08,2744,1,7.742,
spanner,26.08,2745,1,9.006,
spanner,26.09,2746,1,11.896,
spanner,26.10,2747,1,12.101,
spanner,26.12,2748,1,11.015,
spanner,26.13,2749,1,9.764,
spanner,26.14,2750,1,10.439,
spanner,26.15,2751,1,12.373,
spanner,26.16,2752,1,12.945,
spanner,26.17,2753,1,12.202,
spanner,26.18,2754,1,13.552,
spanner,26.20,2755,1,14.163,
spanner,26.21,2756,1,14.072,
spanner,26.23,2757,1,11.691,
spanner,26.24,2758,1,10.970,
spanner,26.25,2759,1,10.348,
spanner,26.26,2760,1,10.895,
spanner,26.27,2761,1,12.693,
spanner,26.28,2762,1,11.459,
spanner,26.30,2763,1,10.328,
spanner,26.31,2764,1,9.881,
spanner,26.32,2765,1,9.939,
spanner,26.33,2766,1,9.658,
spanner,26.34,2767,1,8.750,
spanner,26.34,2768,1,9.396,
spanner,26.35,2769,1,8.106,
spanner,26.36,2770,1,8.158,
spanner,26.37,2771,1,8.029,
spanner,26.38,2772,1,7.739,
spanner,26.39,2773,1,7.892,
spanner,26.39,2774,1,8.469,
spanner,26.40,2775,1,8.299,
spanner,26.41,2776,1,8.999,
spanner,26.42,2777,1,10.216,
spanner,26.43,2778,1,10.054,
spanner,26.44,2779,1,9.690,
spanner,26.45,2780,1,8.773,
spanner,26.46,2781,1,9.514,
spanner,26.47,2782,1,10.096,
spanner,26.48,2783,1,9.780,
spanner,26.49,2784,1,10.603,
spanner,26.50,2785,1,12.131,
spanner,26.51,2786,1,13.545,
spanner,26.52,2787,1,14.109,
spanner,26.54,2788,1,12.384,
spanner,26.55,2789,1,14.531,
spanner,26.57,2790,1,10.837,
spanner,26.58,2791,1,11.823,
spanner,26.59,2792,1,11.870,
spanner,26.60,2793,1,9.184,
spanner,26.61,2794,1,8.992,
spanner,26.62,2795,1,8.505,
spanner,26.63,2796,1,11.504,
spanner,26.64,2797,1,11.230,
spanner,26.65,2798,1,10.441,
spanner,26.66,2799,1,12.289,
spanner,26.67,2800,1,10.403,
spanner,26.68,2801,1,9.715,
spanner,26.69,2802,1,12.556,
spanner,26.71,2803,1,10.536,
spanner,26.72,2804,1,10.212,
spanner,26.73,2805,1,9.131,
spanner,26.74,2806,1,7.150,
spanner,26.74,2807,1,7.439,
spanner,26.75,2808,1,9.241,
spanner,26.76,2809,1,8.458,
spanner,26.77,2810,1,7.677,
spanner,26.78,2811,1,10.757,
spanner,26.79,2812,1,10.840,
spanner,26.80,2813,1,9.735,
spanner,26.81,2814,1,11.550,
spanner,26.82,2815,1,7.949,
spanner,26.83,2816,1,8.118,
spanner,26.83,2817,1,8.306,
spanner,26.84,2818,1,9.315,
spanner,26.85,2819,1,10.333,
spanner,26.86,2820,1,7.354,
spanner,26.87,2821,1,7.334,
spanner,26.88,2822,1,8.641,
spanner,26.89,2823,1,9.700,
spanner,26.90,2824,1,9.616,
spanner,26.91,2825,1,9.363,
spanner,26.91,2826,1,7.977,
spanner,26.92,2827,1,9.028,
spanner,26.93,2828,1,8.379,
spanner,26.94,2829,1,10.903,
spanner,26.95,2830,1,11.942,
spanner,26.96,2831,1,12.333,
spanner,26.98,2832,1,13.337,
spanner,26.99,2833,1,12.091,
spanner,27.00,2834,1,11.950,
spanner,27.01,2835,1,10.482,
spanner,27.02,2836,1,7.950,
spanner,27.03,2837,1,7.100,
spanner,27.04,2838,1,6.669,
spanner,27.05,2839,1,5.936,
spanner,27.05,2840,1,7.144,
spanner,27.06,2841,1,7.892,
spanner,27.07,2842,1,8.861,
spanner,27.08,2843,1,8.321,
spanner,27.08,2844,1,9.322,
spanner,27.09,2845,1,10.494,
spanner,27.10,2846,1,10.993,
spanner,27.11,2847,1,8.531,
spanner,27.12,2848,1,8.930,
spanner,27.13,2849,1,9.594,
spanner,27.14,2850,1,8.934,
spanner,27.15,2851,1,10.584,
spanner,27.16,2852,1,7.739,
spanner,27.17,2853,1,6.878,
spanner,27.18,2854,1,6.430,
spanner,27.18,2855,1,6.339,
spanner,27.19,2856,1,7.101,
spanner,27.20,2857,1,7.023,
spanner,27.20,2858,1,7.037,
spanner,27.21,2859,1,7.020,
spanner,27.22,2860,1,6.931,
spanner,27.22,2861,1,6.455,
spanner,27.23,2862,1,7.179,
spanner,27.24,2863,1,7.054,
spanner,27.24,2864,1,6.468,
spanner,27.25,2865,1,6.408,
spanner,27.26,2866,1,6.579,
spanner,27.26,2867,1,6.401,
spanner,27.27,2868,1,6.918,
spanner,27.28,2869,1,6.635,
spanner,27.28,2870,1,6.577,
spanner,27.29,2871,1,6.671,
spanner,27.30,2872,1,6.678,
spanner,27.30,2873,1,6.664,
spanner,27.31,2874,1,7.381,
spanner,27.32,2875,1,6.750,
spanner,27.33,2876,1,6.845,
spanner,27.33,2877,1,7.271,
spanner,27.34,2878,1,6.831,
spanner,27.35,2879,1,7.013,
spanner,27.35,2880,1,6.923,
spanner,27.36,2881,1,6.865,
spanner,27.37,2882,1,7.440,
spanner,27.37,2883,1,7.619,
spanner,27.38,2884,1,6.124,
spanner,27.39,2885,1,6.189,
spanner,27.39,2886,1,8.015,
spanner,27.40,2887,1,8.342,
spanner,27.41,2888,1,9.826,
spanner,27.42,2889,1,10.544,
spanner,27.43,2890,1,12.155,
spanner,27.44,2891,1,8.843,
spanner,27.45,2892,1,7.901,
spanner,27.46,2893,1,8.562,
spanner,27.47,2894,1,9.160,
spanner,27.48,2895,1,7.967,
spanner,27.49,2896,1,8.067,
spanner,27.49,2897,1,8.722,
spanner,27.50,2898,1,7.404,
spanner,27.51,2899,1,6.858,
spanner,27.52,2900,1,7.548,
spanner,27.53,2901,1,7.669,
spanner,27.53,2902,1,7.364,
spanner,27.54,2903,1,7.873,
spanner,27.55,2904,1,6.797,
spanner,27.55,2905,1,6.504,
spanner,27.56,2906,1,6.988,
spanner,27.57,2907,1,6.800,
spanner,27.58,2908,1,7.956,
spanner,27.58,2909,1,9.988,
spanner,27.59,2910,1,11.116,
spanner,27.60,2911,1,10.388,
spanner,27.61,2912,1,12.819,
spanner,27.63,2913,1,11.346,
spanner,27.64,2914,1,13.174,
spanner,27.65,2915,1,11.409,
spanner,27.66,2916,1,10.330,
spanner,27.67,2917,1,9.257,
spanner,27.68,2918,1,9.926,
spanner,27.69,2919,1,8.754,
spanner,27.70,2920,1,8.726,
spanner,27.71,2921,1,7.427,
spanner,27.72,2922,1,8.167,
spanner,27.73,2923,1,8.926,
spanner,27.74,2924,1,10.123,
spanner,27.75,2925,1,10.053,
spanner,27.76,2926,1,8.438,
spanner,27.76,2927,1,9.568,
spanner,27.77,2928,1,10.737,
spanner,27.78,2929,1,10.914,
spanner,27.80,2930,1,13.164,
spanner,27.81,2931,1,13.226,
spanner,27.82,2932,1,10.514,
spanner,27.83,2933,1,8.909,
spanner,27.84,2934,1,9.838,
spanner,27.85,2935,1,8.996,
spanner,27.86,2936,1,9.587,
spanner,27.87,2937,1,11.625,
spanner,27.88,2938,1,11.583,
spanner,27.89,2939,1,11.399,
spanner,27.90,2940,1,12.255,
spanner,27.92,2941,1,11.275,
spanner,27.93,2942,1,12.822,
spanner,27.94,2943,1,12.774,
spanner,27.95,2944,1,11.408,
spanner,27.97,2945,1,11.100,
spanner,27.98,2946,1,13.366,
spanner,27.99,2947,1,12.016,
spanner,28.00,2948,1,10.248,
spanner,28.01,2949,1,9.049,
spanner,28.02,2950,1,12.575,
spanner,28.03,2951,1,11.424,
spanner,28.05,2952,1,9.665,
spanner,28.06,2953,1,10.217,
spanner,28.07,2954,1,12.374,
spanner,28.08,2955,1,13.150,
spanner,28.09,2956,1,11.388,
spanner,28.10,2957,1,10.943,
spanner,28.11,2958,1,11.153,
spanner,28.12,2959,1,12.033,
spanner,28.14,2960,1,13.008,
spanner,28.15,2961,1,10.516,
spanner,28.16,2962,1,11.357,
spanner,28.17,2963,1,11.170,
spanner,28.18,2964,1,9.786,
spanner,28.19,2965,1,8.388,
spanner,28.20,2966,1,8.434,
spanner,28.21,2967,1,8.762,
spanner,28.22,2968,1,9.083,
spanner,28.23,2969,1,8.937,
spanner,28.24,2970,1,8.180,
spanner,28.24,2971,1,11.218,
spanner,28.26,2972,1,10.240,
spanner,28.27,2973,1,12.236,
spanner,28.28,2974,1,14.169,
spanner,28.29,2975,1,13.642,
spanner,28.31,2976,1,11.906,
spanner,28.32,2977,1,11.970,
spanner,28.33,2978,1,10.898,
spanner,28.34,2979,1,10.370,
spanner,28.35,2980,1,14.403,
spanner,28.37,2981,1,8.638,
spanner,28.38,2982,1,10.581,
spanner,28.39,2983,1,10.720,
spanner,28.40,2984,1,10.058,
spanner,28.41,2985,1,12.709,
spanner,28.42,2986,1,9.134,
spanner,28.43,2987,1,12.969,
spanner,28.44,2988,1,15.474,
spanner,28.46,2989,1,12.917,
spanner,28.47,2990,1,13.237,
spanner,28.48,2991,1,12.820,
spanner,28.50,2992,1,11.184,
spanner,28.51,2993,1,13.853,
spanner,28.52,2994,1,14.998,
spanner,28.54,2995,1,13.418,
spanner,28.55,2996,1,10.464,
spanner,28.56,2997,1,9.847,
spanner,28.57,2998,1,9.756,
spanner,28.58,2999,1,10.275,
spanner,28.59,3000,1,10.940,
spanner,28.60,3001,1,9.340,
spanner,28.61,3002,1,9.642,
spanner,28.62,3003,1,10.753,
spanner,28.63,3004,1,13.407,
spanner,28.64,3005,1,13.423,
spanner,28.66,3006,1,14.720,
spanner,28.67,3007,1,13.708,
spanner,28.69,3008,1,11.760,
spanner,28.70,3009,1,11.935,
spanner,28.71,3010,1,12.131,
spanner,28.72,3011,1,11.137,
spanner,28.73,3012,1,10.863,
spanner,28.74,3013,1,10.286,
spanner,28.75,3014,1,9.302,
spanner,28.76,3015,1,10.212,
spanner,28.77,3016,1,9.617,
spanner,28.78,3017,1,9.350,
spanner,28.79,3018,1,9.232,
spanner,28.80,3019,1,9.570,
spanner,28.81,3020,1,12.806,
spanner,28.83,3021,1,11.800,
spanner,28.84,3022,1,11.869,
spanner,28.85,3023,1,13.678,
spanner,28.86,3024,1,12.657,
spanner,28.88,3025,1,15.465,
spanner,28.89,3026,1,13.239,
spanner,28.90,3027,1,13.507,
spanner,28.92,3028,1,14.102,
spanner,28.93,3029,1,10.191,
spanner,28.94,3030,1,7.716,
spanner,28.95,3031,1,8.147,
spanner,28.96,3032,1,7.869,
spanner,28.97,3033,1,7.595,
spanner,28.97,3034,1,7.003,
spanner,28.98,3035,1,7.037,
spanner,28.99,3036,1,7.391,
spanner,29.00,3037,1,8.175,
spanner,29.00,3038,1,9.455,
spanner,29.01,3039,1,8.685,
spanner,29.02,3040,1,8.498,
spanner,29.03,3041,1,9.163,
spanner,29.04,3042,1,7.841,
spanner,29.05,3043,1,6.920,
spanner,29.05,3044,1,6.516,
spanner,29.06,3045,1,6.144,
spanner,29.07,3046,1,6.146,
spanner,29.07,3047,1,5.953,
spanner,29.08,3048,1,6.323,
spanner,29.09,3049,1,6.162,
spanner,29.09,3050,1,5.834,
spanner,29.10,3051,1,6.240,
spanner,29.10,3052,1,8.401,
spanner,29.11,3053,1,9.373,
spanner,29.12,3054,1,10.364,
spanner,29.13,3055,1,11.594,
spanner,29.14,3056,1,10.421,
spanner,29.15,3057,1,9.392,
spanner,29.16,3058,1,10.074,
spanner,29.17,3059,1,11.028,
spanner,29.18,3060,1,11.780,
spanner,29.20,3061,1,11.032,
spanner,29.21,3062,1,9.088,
spanner,29.22,3063,1,7.377,
spanner,29.22,3064,1,6.376,
spanner,29.23,3065,1,8.092,
spanner,29.24,3066,1,6.883,
spanner,29.25,3067,1,5.798,
spanner,29.25,3068,1,6.146,
spanner,29.26,3069,1,6.401,
spanner,29.26,3070,1,8.765,
spanner,29.27,3071,1,13.631,
spanner,29.29,3072,1,8.230,
spanner,29.29,3073,1,7.919,
spanner,29.30,3074,1,6.757,
spanner,29.31,3075,1,6.895,
spanner,29.32,3076,1,7.520,
spanner,29.32,3077,1,7.433,
spanner,29.33,3078,1,7.325,
spanner,29.34,3079,1,8.494,
spanner,29.35,3080,1,7.733,
spanner,29.35,3081,1,6.946,
spanner,29.36,3082,1,6.792,
spanner,29.37,3083,1,7.189,
spanner,29.38,3084,1,7.374,
spanner,29.38,3085,1,6.660,
spanner,29.39,3086,1,6.528,
spanner,29.40,3087,1,6.949,
spanner,29.40,3088,1,9.528,
spanner,29.41,3089,1,10.811,
spanner,29.42,3090,1,11.003,
spanner,29.44,3091,1,10.675,
spanner,29.45,3092,1,9.655,
spanner,29.46,3093,1,11.962,
spanner,29.47,3094,1,9.081,
spanner,29.48,3095,1,7.266,
spanner,29.48,3096,1,8.437,
spanner,29.49,3097,1,10.036,
spanner,29.50,3098,1,8.578,
spanner,29.51,3099,1,7.867,
spanner,29.52,3100,1,8.067,
spanner,29.53,3101,1,9.396,
spanner,29.54,3102,1,10.936,
spanner,29.55,3103,1,10.639,
spanner,29.56,3104,1,9.975,
spanner,29.57,3105,1,10.470,
spanner,29.58,3106,1,8.821,
spanner,29.59,3107,1,7.842,
spanner,29.60,3108,1,6.879,
spanner,29.60,3109,1,6.864,
spanner,29.61,3110,1,6.493,
spanner,29.62,3111,1,6.472,
spanner,29.62,3112,1,6.992,
spanner,29.63,3113,1,7.063,
spanner,29.64,3114,1,7.787,
spanner,29.64,3115,1,8.393,
spanner,29.65,3116,1,9.416,
spanner,29.66,3117,1,11.910,
spanner,29.67,3118,1,10.272,
spanner,29.68,3119,1,10.743,
spanner,29.69,3120,1,9.035,
spanner,29.70,3121,1,12.144,
spanner,29.72,3122,1,10.499,
spanner,29.73,3123,1,9.489,
spanner,29.74,3124,1,8.472,
spanner,29.74,3125,1,7.859,
spanner,29.75,3126,1,7.892,
spanner,29.76,3127,1,6.923,
spanner,29.77,3128,1,7.229,
spanner,29.77,3129,1,8.788,
spanner,29.78,3130,1,8.448,
spanner,29.79,3131,1,7.144,
spanner,29.80,3132,1,7.015,
spanner,29.81,3133,1,7.077,
spanner,29.81,3134,1,7.129,
spanner,29.82,3135,1,8.096,
spanner,29.83,3136,1,10.084,
spanner,29.84,3137,1,11.687,
spanner,29.85,3138,1,9.525,
spanner,29.86,3139,1,9.118,
spanner,29.87,3140,1,7.249,
spanner,29.88,3141,1,9.115,
spanner,29.89,3142,1,7.968,
spanner,29.89,3143,1,7.085,
spanner,29.90,3144,1,7.805,
spanner,29.91,3145,1,7.617,
spanner,29.92,3146,1,6.887,
spanner,29.92,3147,1,7.523,
spanner,29.93,3148,1,8.187,
spanner,29.94,3149,1,8.799,
spanner,29.95,3150,1,8.324,
spanner,29.96,3151,1,9.096,
spanner,29.97,3152,1,9.474,
spanner,29.97,3153,1,10.411,
spanner,29.99,3154,1,8.231,
spanner,29.99,3155,1,9.259,
spanner,30.00,3156,1,12.244,
spanner,30.02,3157,1,10.306,
spanner,30.03,3158,1,10.283,
spanner,30.04,3159,1,11.437,
spanner,30.05,3160,1,10.577,
spanner,30.06,3161,1,10.023,
spanner,30.07,3162,1,9.516,
spanner,30.08,3163,1,9.840,
spanner,30.09,3164,1,9.777,
spanner,30.10,3165,1,8.239,
spanner,30.11,3166,1,8.136,
spanner,30.11,3167,1,7.875,
spanner,30.12,3168,1,9.498,
spanner,30.13,3169,1,8.206,
spanner,30.14,3170,1,8.005,
spanner,30.15,3171,1,7.709,
spanner,30.15,3172,1,9.908,
spanner,30.16,3173,1,9.922,
spanner,30.17,3174,1,11.820,
spanner,30.19,3175,1,14.762,
spanner,30.20,3176,1,9.247,
spanner,30.21,3177,1,7.941,
spanner,30.22,3178,1,8.304,
spanner,30.23,3179,1,8.309,
spanner,30.24,3180,1,7.489,
spanner,30.24,3181,1,8.085,
spanner,30.25,3182,1,9.107,
spanner,30.26,3183,1,8.469,
spanner,30.27,3184,1,7.948,
spanner,30.28,3185,1,7.765,
spanner,30.28,3186,1,7.452,
spanner,30.29,3187,1,7.064,
spanner,30.30,3188,1,7.332,
spanner,30.31,3189,1,7.362,
spanner,30.31,3190,1,9.283,
spanner,30.32,3191,1,8.095,
spanner,30.33,3192,1,7.835,
spanner,30.34,3193,1,8.294,
spanner,30.35,3194,1,8.847,
spanner,30.36,3195,1,9.573,
spanner,30.37,3196,1,8.975,
spanner,30.37,3197,1,10.442,
spanner,30.39,3198,1,11.337,
spanner,30.40,3199,1,10.256,
spanner,30.41,3200,1,8.860,
spanner,30.42,3201,1,10.153,
spanner,30.43,3202,1,11.382,
spanner,30.44,3203,1,8.870,
spanner,30.45,3204,1,9.548,
spanner,30.46,3205,1,10.825,
spanner,30.47,3206,1,12.297,
spanner,30.48,3207,1,13.670,
spanner,30.49,3208,1,11.516,
spanner,30.50,3209,1,11.618,
spanner,30.52,3210,1,10.797,
spanner,30.53,3211,1,17.351,
spanner,30.54,3212,1,9.219,
spanner,30.55,3213,1,8.571,
spanner,30.56,3214,1,8.730,
spanner,30.57,3215,1,9.137,
spanner,30.58,3216,1,9.952,
spanner,30.59,3217,1,11.316,
spanner,30.60,3218,1,9.334,
spanner,30.61,3219,1,9.335,
spanner,30.62,3220,1,9.273,
spanner,30.63,3221,1,9.583,
spanner,30.64,3222,1,11.117,
spanner,30.65,3223,1,9.606,
spanner,30.66,3224,1,9.898,
spanner,30.67,3225,1,10.357,
spanner,30.68,3226,1,10.446,
spanner,30.69,3227,1,11.782,
spanner,30.70,3228,1,14.888,
spanner,30.72,3229,1,11.523,
spanner,30.73,3230,1,8.896,
spanner,30.74,3231,1,8.788,
spanner,30.75,3232,1,9.657,
spanner,30.76,3233,1,10.269,
spanner,30.77,3234,1,10.623,
spanner,30.78,3235,1,10.434,
spanner,30.79,3236,1,11.443,
spanner,30.80,3237,1,9.169,
spanner,30.81,3238,1,8.237,
spanner,30.82,3239,1,9.890,
spanner,30.83,3240,1,10.467,
spanner,30.84,3241,1,10.216,
spanner,30.85,3242,1,13.103,
spanner,30.86,3243,1,14.676,
spanner,30.88,3244,1,14.636,
spanner,30.89,3245,1,10.377,
spanner,30.90,3246,1,10.801,
spanner,30.91,3247,1,12.788,
spanner,30.92,3248,1,13.480,
spanner,30.94,3249,1,14.202,
spanner,30.95,3250,1,10.695,
spanner,30.96,3251,1,10.473,
spanner,30.97,3252,1,10.331,
spanner,30.98,3253,1,11.692,
spanner,31.00,3254,1,10.431,
spanner,31.01,3255,1,9.089,
spanner,31.01,3256,1,22.779,
spanner,31.04,3257,1,14.429,
spanner,31.05,3258,1,10.482,
spanner,31.06,3259,1,11.449,
spanner,31.07,3260,1,11.685,
spanner,31.09,3261,1,12.082,
spanner,31.10,3262,1,11.560,
spanner,31.11,3263,1,10.222,
spanner,31.12,3264,1,8.941,
spanner,31.13,3265,1,7.758,
spanner,31.14,3266,1,7.001,
spanner,31.14,3267,1,6.900,
spanner,31.15,3268,1,8.333,
spanner,31.16,3269,1,7.335,
spanner,31.17,3270,1,7.848,
spanner,31.17,3271,1,6.495,
spanner,31.18,3272,1,7.518,
spanner,31.19,3273,1,8.003,
spanner,31.20,3274,1,7.260,
spanner,31.20,3275,1,6.972,
spanner,31.21,3276,1,6.549,
spanner,31.22,3277,1,6.484,
spanner,31.22,3278,1,7.154,
spanner,31.23,3279,1,8.020,
spanner,31.24,3280,1,9.038,
spanner,31.25,3281,1,7.230,
spanner,31.26,3282,1,7.171,
spanner,31.26,3283,1,7.455,
spanner,31.27,3284,1,7.931,
spanner,31.28,3285,1,6.580,
spanner,31.28,3286,1,6.107,
spanner,31.29,3287,1,6.200,
spanner,31.30,3288,1,6.528,
spanner,31.30,3289,1,8.138,
spanner,31.31,3290,1,8.392,
spanner,31.32,3291,1,8.666,
spanner,31.33,3292,1,9.159,
spanner,31.34,3293,1,8.062,
spanner,31.35,3294,1,12.252,
spanner,31.36,3295,1,8.122,
spanner,31.37,3296,1,6.831,
spanner,31.37,3297,1,7.875,
spanner,31.38,3298,1,8.666,
spanner,31.39,3299,1,7.353,
spanner,31.40,3300,1,6.972,
spanner,31.40,3301,1,6.890,
spanner,31.41,3302,1,7.707,
spanner,31.42,3303,1,6.870,
spanner,31.43,3304,1,6.788,
spanner,31.43,3305,1,7.722,
spanner,31.44,3306,1,7.379,
spanner,31.45,3307,1,6.291,
spanner,31.45,3308,1,6.013,
spanner,31.46,3309,1,6.626,
spanner,31.47,3310,1,7.641,
spanner,31.47,3311,1,7.900,
spanner,31.48,3312,1,6.955,
spanner,31.49,3313,1,7.396,
spanner,31.50,3314,1,6.802,
spanner,31.50,3315,1,6.297,
spanner,31.51,3316,1,7.821,
spanner,31.52,3317,1,8.678,
spanner,31.53,3318,1,9.539,
spanner,31.54,3319,1,9.430,
spanner,31.55,3320,1,8.726,
spanner,31.55,3321,1,8.576,
spanner,31.56,3322,1,8.318,
spanner,31.57,3323,1,7.254,
spanner,31.58,3324,1,7.409,
spanner,31.59,3325,1,7.354,
spanner,31.59,3326,1,6.906,
spanner,31.60,3327,1,6.685,
spanner,31.61,3328,1,7.093,
spanner,31.61,3329,1,6.610,
spanner,31.62,3330,1,6.702,
spanner,31.63,3331,1,6.844,
spanner,31.63,3332,1,6.847,
spanner,31.64,3333,1,7.813,
spanner,31.65,3334,1,8.153,
spanner,31.66,3335,1,7.174,
spanner,31.66,3336,1,6.974,
spanner,31.67,3337,1,7.614,
spanner,31.68,3338,1,7.866,
spanner,31.69,3339,1,7.792,
spanner,31.69,3340,1,7.568,
spanner,31.70,3341,1,10.320,
spanner,31.71,3342,1,8.917,
spanner,31.72,3343,1,7.196,
spanner,31.73,3344,1,8.315,
spanner,31.74,3345,1,8.446,
spanner,31.75,3346,1,7.624,
spanner,31.75,3347,1,6.996,
spanner,31.76,3348,1,6.591,
spanner,31.77,3349,1,7.112,
spanner,31.77,3350,1,8.171,
spanner,31.78,3351,1,9.772,
spanner,31.79,3352,1,9.078,
spanner,31.80,3353,1,7.502,
spanner,31.81,3354,1,8.126,
spanner,31.82,3355,1,7.288,
spanner,31.82,3356,1,7.152,
spanner,31.83,3357,1,7.145,
spanner,31.84,3358,1,7.313,
spanner,31.85,3359,1,7.359,
spanner,31.85,3360,1,8.215,
spanner,31.86,3361,1,7.757,
spanner,31.87,3362,1,7.687,
spanner,31.88,3363,1,8.247,
spanner,31.89,3364,1,7.501,
spanner,31.89,3365,1,10.554,
spanner,31.90,3366,1,9.986,
spanner,31.91,3367,1,8.362,
spanner,31.92,3368,1,7.247,
spanner,31.93,3369,1,6.699,
spanner,31.94,3370,1,6.969,
spanner,31.94,3371,1,8.621,
spanner,31.95,3372,1,7.031,
spanner,31.96,3373,1,6.862,
spanner,31.97,3374,1,7.912,
spanner,31.97,3375,1,9.020,
spanner,31.98,3376,1,9.053,
spanner,31.99,3377,1,8.202,
spanner,32.00,3378,1,7.540,
spanner,32.01,3379,1,7.038,
spanner,32.01,3380,1,9.258,
spanner,32.02,3381,1,9.274,
spanner,32.03,3382,1,10.119,
spanner,32.04,3383,1,7.226,
spanner,32.05,3384,1,7.895,
spanner,32.06,3385,1,10.514,
spanner,32.07,3386,1,9.415,
spanner,32.08,3387,1,8.819,
spanner,32.09,3388,1,9.333,
spanner,32.10,3389,1,8.041,
spanner,32.10,3390,1,9.394,
spanner,32.11,3391,1,10.723,
spanner,32.12,3392,1,12.130,
spanner,32.14,3393,1,9.796,
spanner,32.15,3394,1,9.679,
spanner,32.16,3395,1,11.965,
spanner,32.17,3396,1,11.159,
spanner,32.18,3397,1,7.892,
spanner,32.19,3398,1,8.452,
spanner,32.20,3399,1,9.320,
spanner,32.21,3400,1,9.802,
spanner,32.22,3401,1,9.495,
spanner,32.22,3402,1,9.765,
spanner,32.23,3403,1,7.688,
spanner,32.24,3404,1,7.719,
spanner,32.25,3405,1,8.429,
spanner,32.26,3406,1,8.708,
spanner,32.27,3407,1,7.259,
spanner,32.27,3408,1,7.191,
spanner,32.28,3409,1,6.990,
spanner,32.29,3410,1,7.409,
spanner,32.30,3411,1,9.604,
spanner,32.31,3412,1,9.325,
spanner,32.32,3413,1,7.887,
spanner,32.32,3414,1,7.745,
spanner,32.33,3415,1,7.859,
spanner,32.34,3416,1,8.795,
spanner,32.35,3417,1,8.437,
spanner,32.36,3418,1,8.271,
spanner,32.36,3419,1,8.017,
spanner,32.37,3420,1,9.141,
spanner,32.38,3421,1,8.547,
spanner,32.39,3422,1,10.986,
spanner,32.40,3423,1,9.635,
spanner,32.41,3424,1,8.698,
spanner,32.42,3425,1,8.026,
spanner,32.43,3426,1,8.243,
spanner,32.44,3427,1,7.398,
spanner,32.44,3428,1,8.275,
spanner,32.45,3429,1,11.627,
spanner,32.46,3430,1,13.182,
spanner,32.48,3431,1,13.973,
spanner,32.49,3432,1,14.251,
spanner,32.50,3433,1,9.623,
spanner,32.51,3434,1,12.355,
spanner,32.53,3435,1,10.136,
spanner,32.54,3436,1,9.581,
spanner,32.55,3437,1,11.775,
spanner,32.56,3438,1,11.553,
spanner,32.57,3439,1,10.716,
spanner,32.58,3440,1,10.450,
spanner,32.59,3441,1,13.059,
spanner,32.60,3442,1,12.294,
spanner,32.62,3443,1,11.298,
spanner,32.63,3444,1,11.477,
spanner,32.64,3445,1,11.400,
spanner,32.65,3446,1,9.264,
spanner,32.66,3447,1,8.655,
spanner,32.67,3448,1,8.299,
spanner,32.68,3449,1,8.178,
spanner,32.69,3450,1,8.188,
spanner,32.69,3451,1,11.046,
spanner,32.71,3452,1,13.677,
spanner,32.72,3453,1,13.395,
spanner,32.73,3454,1,11.836,
spanner,32.74,3455,1,9.823,
spanner,32.75,3456,1,8.651,
spanner,32.76,3457,1,8.658,
spanner,32.77,3458,1,8.759,
spanner,32.78,3459,1,9.458,
spanner,32.79,3460,1,12.009,
spanner,32.80,3461,1,12.022,
spanner,32.81,3462,1,10.350,
spanner,32.82,3463,1,8.956,
spanner,32.83,3464,1,10.197,
spanner,32.84,3465,1,10.771,
spanner,32.85,3466,1,13.522,
spanner,32.87,3467,1,13.761,
spanner,32.88,3468,1,14.346,
spanner,32.90,3469,1,12.261,
spanner,32.91,3470,1,11.827,
spanner,32.92,3471,1,8.851,
spanner,32.93,3472,1,10.383,
spanner,32.94,3473,1,11.784,
spanner,32.95,3474,1,12.305,
spanner,32.96,3475,1,11.405,
spanner,32.98,3476,1,12.195,
spanner,32.99,3477,1,12.469,
spanner,33.00,3478,1,12.229,
spanner,33.01,3479,1,8.088,
spanner,33.02,3480,1,8.480,
spanner,33.03,3481,1,9.865,
spanner,33.04,3482,1,12.363,
spanner,33.05,3483,1,12.604,
spanner,33.06,3484,1,11.072,
spanner,33.07,3485,1,10.870,
spanner,33.09,3486,1,12.612,
spanner,33.10,3487,1,13.019,
spanner,33.11,3488,1,11.303,
spanner,33.12,3489,1,11.699,
spanner,33.13,3490,1,10.712,
spanner,33.15,3491,1,11.748,
spanner,33.16,3492,1,11.444,
spanner,33.17,3493,1,10.338,
spanner,33.18,3494,1,11.381,
spanner,33.19,3495,1,10.760,
spanner,33.20,3496,1,10.957,
spanner,33.21,3497,1,9.189,
spanner,33.22,3498,1,8.546,
spanner,33.23,3499,1,8.296,
spanner,33.24,3500,1,6.638,
spanner,33.24,3501,1,7.040,
spanner,33.25,3502,1,7.363,
spanner,33.26,3503,1,8.794,
spanner,33.27,3504,1,6.072,
spanner,33.27,3505,1,6.555,
spanner,33.28,3506,1,9.116,
spanner,33.29,3507,1,10.035,
spanner,33.30,3508,1,10.039,
spanner,33.31,3509,1,11.776,
spanner,33.32,3510,1,8.577,
spanner,33.33,3511,1,7.372,
spanner,33.34,3512,1,10.643,
spanner,33.35,3513,1,10.690,
spanner,33.36,3514,1,7.621,
spanner,33.37,3515,1,6.781,
spanner,33.37,3516,1,8.302,
spanner,33.38,3517,1,7.364,
spanner,33.39,3518,1,6.261,
spanner,33.40,3519,1,7.001,
spanner,33.40,3520,1,6.796,
spanner,33.41,3521,1,7.371,
spanner,33.42,3522,1,7.835,
spanner,33.43,3523,1,7.021,
spanner,33.43,3524,1,6.505,
spanner,33.44,3525,1,7.588,
spanner,33.45,3526,1,8.242,
spanner,33.45,3527,1,8.932,
spanner,33.46,3528,1,6.640,
spanner,33.47,3529,1,6.264,
spanner,33.48,3530,1,6.377,
spanner,33.48,3531,1,6.787,
spanner,33.49,3532,1,8.208,
spanner,33.50,3533,1,7.557,
spanner,33.51,3534,1,6.548,
spanner,33.51,3535,1,6.359,
spanner,33.52,3536,1,6.429,
spanner,33.52,3537,1,6.386,
spanner,33.53,3538,1,6.578,
spanner,33.54,3539,1,7.664,
spanner,33.55,3540,1,6.781,
spanner,33.55,3541,1,6.169,
spanner,33.56,3542,1,6.326,
spanner,33.56,3543,1,7.197,
spanner,33.57,3544,1,8.905,
spanner,33.58,3545,1,7.016,
spanner,33.59,3546,1,7.084,
spanner,33.60,3547,1,8.318,
spanner,33.60,3548,1,10.756,
spanner,33.61,3549,1,9.608,
spanner,33.62,3550,1,7.440,
spanner,33.63,3551,1,8.172,
spanner,33.64,3552,1,7.197,
spanner,33.65,3553,1,7.345,
spanner,33.65,3554,1,7.162,
spanner,33.66,3555,1,7.304,
spanner,33.67,3556,1,6.409,
spanner,33.68,3557,1,6.774,
spanner,33.68,3558,1,7.934,
spanner,33.69,3559,1,9.260,
spanner,33.70,3560,1,9.850,
spanner,33.71,3561,1,8.462,
spanner,33.72,3562,1,8.526,
spanner,33.73,3563,1,8.955,
spanner,33.74,3564,1,7.972,
spanner,33.74,3565,1,8.010,
spanner,33.75,3566,1,6.596,
spanner,33.76,3567,1,6.428,
spanner,33.76,3568,1,6.767,
spanner,33.77,3569,1,8.455,
spanner,33.78,3570,1,10.583,
spanner,33.79,3571,1,10.313,
spanner,33.80,3572,1,8.479,
spanner,33.81,3573,1,7.453,
spanner,33.82,3574,1,9.918,
spanner,33.83,3575,1,9.487,
spanner,33.84,3576,1,7.352,
spanner,33.84,3577,1,7.291,
spanner,33.85,3578,1,8.651,
spanner,33.86,3579,1,11.082,
spanner,33.87,3580,1,9.066,
spanner,33.88,3581,1,12.186,
spanner,33.89,3582,1,11.288,
spanner,33.90,3583,1,8.816,
spanner,33.91,3584,1,8.763,
spanner,33.92,3585,1,10.560,
spanner,33.93,3586,1,8.757,
spanner,33.94,3587,1,9.180,
spanner,33.95,3588,1,10.275,
spanner,33.96,3589,1,9.696,
spanner,33.97,3590,1,12.194,
spanner,33.98,3591,1,10.943,
spanner,33.99,3592,1,10.331,
spanner,34.00,3593,1,11.161,
spanner,34.01,3594,1,9.420,
spanner,34.02,3595,1,8.469,
spanner,34.03,3596,1,8.056,
spanner,34.04,3597,1,8.209,
spanner,34.05,3598,1,7.887,
spanner,34.06,3599,1,8.485,
spanner,34.07,3600,1,9.587,
spanner,34.07,3601,1,9.442,
spanner,34.08,3602,1,14.089,
spanner,34.10,3603,1,12.710,
spanner,34.11,3604,1,12.076,
spanner,34.12,3605,1,12.447,
spanner,34.14,3606,1,12.875,
spanner,34.15,3607,1,10.711,
spanner,34.16,3608,1,11.474,
spanner,34.17,3609,1,13.121,
spanner,34.18,3610,1,13.016,
spanner,34.20,3611,1,10.317,
spanner,34.21,3612,1,9.205,
spanner,34.22,3613,1,8.491,
spanner,34.23,3614,1,8.498,
spanner,34.23,3615,1,7.805,
spanner,34.24,3616,1,7.908,
spanner,34.25,3617,1,7.939,
spanner,34.26,3618,1,7.945,
spanner,34.27,3619,1,8.706,
spanner,34.27,3620,1,9.113,
spanner,34.28,3621,1,8.427,
spanner,34.29,3622,1,11.760,
spanner,34.30,3623,1,13.179,
spanner,34.32,3624,1,10.769,
spanner,34.33,3625,1,12.956,
spanner,34.34,3626,1,11.259,
spanner,34.35,3627,1,11.145,
spanner,34.36,3628,1,13.303,
spanner,34.38,3629,1,10.631,
spanner,34.39,3630,1,11.926,
spanner,34.40,3631,1,10.809,
spanner,34.41,3632,1,9.890,
spanner,34.42,3633,1,9.408,
spanner,34.43,3634,1,10.607,
spanner,34.44,3635,1,12.620,
spanner,34.45,3636,1,12.040,
spanner,34.46,3637,1,13.011,
spanner,34.48,3638,1,14.269,
spanner,34.49,3639,1,12.769,
spanner,34.50,3640,1,10.851,
spanner,34.52,3641,1,8.635,
spanner,34.52,3642,1,8.437,
spanner,34.53,3643,1,8.282,
spanner,34.54,3644,1,9.336,
spanner,34.55,3645,1,11.582,
spanner,34.56,3646,1,11.071,
spanner,34.57,3647,1,11.488,
spanner,34.58,3648,1,11.826,
spanner,34.60,3649,1,13.699,
spanner,34.61,3650,1,11.855,
spanner,34.62,3651,1,11.462,
spanner,34.63,3652,1,13.870,
spanner,34.65,3653,1,9.776,
spanner,34.66,3654,1,10.911,
spanner,34.67,3655,1,14.181,
spanner,34.68,3656,1,11.784,
spanner,34.69,3657,1,11.215,
spanner,34.71,3658,1,11.353,
spanner,34.72,3659,1,9.017,
spanner,34.73,3660,1,10.674,
spanner,34.74,3661,1,10.564,
spanner,34.75,3662,1,9.694,
spanner,34.76,3663,1,8.621,
spanner,34.77,3664,1,8.219,
spanner,34.77,3665,1,7.019,
spanner,34.78,3666,1,6.352,
spanner,34.79,3667,1,5.811,
spanner,34.79,3668,1,6.561,
spanner,34.80,3669,1,7.161,
spanner,34.81,3670,1,8.306,
spanner,34.82,3671,1,8.396,
spanner,34.82,3672,1,10.320,
spanner,34.83,3673,1,8.156,
spanner,34.84,3674,1,6.620,
spanner,34.85,3675,1,6.643,
spanner,34.86,3676,1,6.999,
spanner,34.86,3677,1,6.844,
spanner,34.87,3678,1,6.151,
spanner,34.88,3679,1,5.883,
spanner,34.88,3680,1,6.662,
spanner,34.89,3681,1,5.961,
spanner,34.89,3682,1,7.563,
spanner,34.90,3683,1,9.345,
spanner,34.91,3684,1,7.295,
spanner,34.92,3685,1,6.421,
spanner,34.93,3686,1,7.107,
spanner,34.93,3687,1,7.218,
spanner,34.94,3688,1,6.806,
spanner,34.95,3689,1,7.083,
spanner,34.95,3690,1,7.271,
spanner,34.96,3691,1,7.420,
spanner,34.97,3692,1,6.776,
spanner,34.98,3693,1,7.006,
spanner,34.98,3694,1,6.681,
spanner,34.99,3695,1,6.337,
spanner,35.00,3696,1,6.687,
spanner,35.00,3697,1,6.757,
spanner,35.01,3698,1,6.659,
spanner,35.02,3699,1,6.792,
spanner,35.02,3700,1,6.678,
spanner,35.03,3701,1,6.780,
spanner,35.04,3702,1,7.625,
spanner,35.04,3703,1,8.383,
spanner,35.05,3704,1,7.193,
spanner,35.06,3705,1,6.823,
spanner,35.07,3706,1,6.794,
spanner,35.07,3707,1,6.929,
spanner,35.08,3708,1,6.753,
spanner,35.09,3709,1,7.609,
spanner,35.09,3710,1,10.443,
spanner,35.10,3711,1,11.660,
spanner,35.12,3712,1,9.535,
spanner,35.13,3713,1,11.410,
spanner,35.14,3714,1,12.065,
spanner,35.15,3715,1,9.188,
spanner,35.16,3716,1,9.602,
spanner,35.17,3717,1,9.898,
spanner,35.18,3718,1,8.826,
spanner,35.19,3719,1,8.018,
spanner,35.20,3720,1,6.745,
spanner,35.20,3721,1,6.918,
spanner,35.21,3722,1,6.979,
spanner,35.22,3723,1,7.215,
spanner,35.22,3724,1,6.472,
spanner,35.23,3725,1,6.337,
spanner,35.24,3726,1,5.944,
spanner,35.24,3727,1,7.053,
spanner,35.25,3728,1,7.446,
spanner,35.26,3729,1,7.157,
spanner,35.26,3730,1,7.289,
spanner,35.27,3731,1,7.375,
spanner,35.28,3732,1,6.575,
spanner,35.29,3733,1,6.590,
spanner,35.29,3734,1,6.418,
spanner,35.30,3735,1,6.655,
spanner,35.30,3736,1,8.009,
spanner,35.31,3737,1,10.272,
spanner,35.32,3738,1,8.856,
spanner,35.33,3739,1,10.279,
spanner,35.34,3740,1,10.441,
spanner,35.35,3741,1,10.682,
spanner,35.36,3742,1,14.312,
spanner,35.38,3743,1,7.451,
spanner,35.39,3744,1,7.990,
spanner,35.39,3745,1,7.114,
spanner,35.40,3746,1,6.963,
spanner,35.41,3747,1,7.582,
spanner,35.42,3748,1,6.845,
spanner,35.42,3749,1,6.576,
spanner,35.43,3750,1,6.775,
spanner,35.44,3751,1,6.794,
spanner,35.44,3752,1,6.389,
spanner,35.45,3753,1,7.348,
spanner,35.46,3754,1,9.890,
spanner,35.47,3755,1,10.269,
spanner,35.48,3756,1,10.384,
spanner,35.49,3757,1,10.696,
spanner,35.50,3758,1,7.949,
spanner,35.51,3759,1,6.823,
spanner,35.51,3760,1,7.558,
spanner,35.52,3761,1,8.593,
spanner,35.53,3762,1,8.354,
spanner,35.54,3763,1,7.475,
spanner,35.54,3764,1,8.091,
spanner,35.55,3765,1,7.537,
spanner,35.56,3766,1,7.257,
spanner,35.57,3767,1,7.056,
spanner,35.57,3768,1,8.794,
spanner,35.58,3769,1,8.299,
spanner,35.59,3770,1,9.130,
spanner,35.60,3771,1,9.470,
spanner,35.61,3772,1,7.148,
spanner,35.62,3773,1,7.307,
spanner,35.62,3774,1,6.533,
spanner,35.63,3775,1,6.838,
spanner,35.64,3776,1,8.228,
spanner,35.65,3777,1,7.234,
spanner,35.65,3778,1,7.297,
spanner,35.66,3779,1,6.455,
spanner,35.67,3780,1,6.894,
spanner,35.67,3781,1,8.034,
spanner,35.68,3782,1,8.022,
spanner,35.69,3783,1,8.492,
spanner,35.70,3784,1,8.496,
spanner,35.71,3785,1,8.032,
spanner,35.72,3786,1,7.775,
spanner,35.72,3787,1,7.934,
spanner,35.73,3788,1,7.278,
spanner,35.74,3789,1,7.148,
spanner,35.75,3790,1,9.146,
spanner,35.76,3791,1,10.618,
spanner,35.77,3792,1,8.831,
spanner,35.77,3793,1,7.786,
spanner,35.78,3794,1,7.819,
spanner,35.79,3795,1,7.122,
spanner,35.80,3796,1,6.914,
spanner,35.80,3797,1,7.418,
spanner,35.81,3798,1,8.967,
spanner,35.82,3799,1,7.278,
spanner,35.83,3800,1,7.990,
spanner,35.84,3801,1,8.649,
spanner,35.84,3802,1,10.503,
spanner,35.86,3803,1,11.314,
spanner,35.87,3804,1,12.489,
spanner,35.88,3805,1,12.474,
spanner,35.89,3806,1,10.575,
spanner,35.90,3807,1,12.963,
spanner,35.92,3808,1,12.477,
spanner,35.93,3809,1,10.329,
spanner,35.94,3810,1,8.675,
spanner,35.95,3811,1,7.948,
spanner,35.96,3812,1,8.001,
spanner,35.96,3813,1,9.546,
spanner,35.97,3814,1,10.759,
spanner,35.98,3815,1,13.347,
spanner,36.00,3816,1,11.370,
spanner,36.01,3817,1,12.819,
spanner,36.02,3818,1,11.363,
spanner,36.03,3819,1,12.582,
spanner,36.05,3820,1,9.376,
spanner,36.05,3821,1,9.430,
spanner,36.06,3822,1,13.642,
spanner,36.08,3823,1,10.854,
spanner,36.09,3824,1,8.502,
spanner,36.10,3825,1,7.778,
spanner,36.11,3826,1,8.051,
spanner,36.11,3827,1,7.875,
spanner,36.12,3828,1,8.577,
spanner,36.13,3829,1,8.587,
spanner,36.14,3830,1,10.103,
spanner,36.15,3831,1,10.556,
spanner,36.16,3832,1,10.631,
spanner,36.17,3833,1,11.118,
spanner,36.18,3834,1,10.432,
spanner,36.19,3835,1,9.550,
spanner,36.20,3836,1,8.575,
spanner,36.21,3837,1,8.642,
spanner,36.22,3838,1,9.445,
spanner,36.23,3839,1,11.888,
spanner,36.24,3840,1,9.799,
spanner,36.25,3841,1,8.623,
spanner,36.26,3842,1,9.170,
spanner,36.27,3843,1,8.314,
spanner,36.28,3844,1,8.109,
spanner,36.28,3845,1,9.679,
spanner,36.29,3846,1,12.695,
spanner,36.31,3847,1,13.013,
spanner,36.32,3848,1,12.681,
spanner,36.33,3849,1,11.497,
spanner,36.34,3850,1,12.532,
spanner,36.36,3851,1,11.600,
spanner,36.37,3852,1,11.251,
spanner,36.38,3853,1,12.175,
spanner,36.39,3854,1,11.472,
spanner,36.40,3855,1,12.711,
spanner,36.42,3856,1,12.364,
spanner,36.43,3857,1,11.771,
spanner,36.44,3858,1,12.402,
spanner,36.45,3859,1,13.164,
spanner,36.47,3860,1,13.656,
spanner,36.48,3861,1,12.320,
spanner,36.49,3862,1,12.571,
spanner,36.50,3863,1,12.217,
spanner,36.52,3864,1,11.718,
spanner,36.53,3865,1,12.413,
spanner,36.54,3866,1,13.942,
spanner,36.55,3867,1,11.758,
spanner,36.57,3868,1,9.963,
spanner,36.58,3869,1,13.372,
spanner,36.59,3870,1,11.750,
spanner,36.60,3871,1,13.309,
spanner,36.61,3872,1,13.800,
spanner,36.63,3873,1,9.662,
spanner,36.64,3874,1,9.383,
spanner,36.65,3875,1,10.876,
spanner,36.66,3876,1,10.347,
spanner,36.67,3877,1,9.436,
spanner,36.68,3878,1,9.388,
spanner,36.69,3879,1,9.705,
spanner,36.70,3880,1,9.313,
spanner,36.71,3881,1,10.672,
spanner,36.72,3882,1,8.874,
spanner,36.73,3883,1,8.876,
spanner,36.74,3884,1,9.026,
spanner,36.74,3885,1,10.220,
spanner,36.76,3886,1,9.090,
spanner,36.76,3887,1,8.938,
spanner,36.77,3888,1,8.542,
spanner,36.78,3889,1,8.953,
spanner,36.79,3890,1,9.548,
spanner,36.80,3891,1,9.333,
spanner,36.81,3892,1,8.721,
spanner,36.82,3893,1,8.561,
spanner,36.83,3894,1,11.943,
spanner,36.84,3895,1,10.367,
spanner,36.85,3896,1,10.820,
spanner,36.86,3897,1,11.217,
spanner,36.87,3898,1,10.595,
spanner,36.88,3899,1,10.921,
spanner,36.89,3900,1,8.448,
spanner,36.90,3901,1,9.878,
spanner,36.91,3902,1,9.161,
spanner,36.92,3903,1,7.205,
spanner,36.93,3904,1,9.421,
spanner,36.94,3905,1,7.269,
spanner,36.94,3906,1,7.011,
spanner,36.95,3907,1,9.646,
spanner,36.96,3908,1,8.258,
spanner,36.97,3909,1,9.067,
spanner,36.98,3910,1,9.900,
spanner,36.99,3911,1,8.217,
spanner,37.00,3912,1,8.245,
spanner,37.01,3913,1,9.117,
spanner,37.01,3914,1,10.545,
spanner,37.02,3915,1,7.377,
spanner,37.03,3916,1,6.207,
spanner,37.04,3917,1,6.414,
spanner,37.05,3918,1,7.677,
spanner,37.05,3919,1,7.268,
spanner,37.06,3920,1,6.528,
spanner,37.07,3921,1,5.999,
spanner,37.07,3922,1,6.614,
spanner,37.08,3923,1,7.149,
spanner,37.09,3924,1,6.660,
spanner,37.09,3925,1,7.497,
spanner,37.10,3926,1,7.040,
spanner,37.11,3927,1,8.032,
spanner,37.12,3928,1,7.057,
spanner,37.12,3929,1,7.297,
spanner,37.13,3930,1,7.299,
spanner,37.14,3931,1,7.235,
spanner,37.14,3932,1,7.411,
spanner,37.15,3933,1,7.025,
spanner,37.16,3934,1,6.369,
spanner,37.17,3935,1,6.704,
spanner,37.17,3936,1,6.982,
spanner,37.18,3937,1,7.788,
spanner,37.19,3938,1,7.936,
spanner,37.20,3939,1,9.096,
spanner,37.20,3940,1,9.251,
spanner,37.21,3941,1,6.931,
spanner,37.22,3942,1,7.219,
spanner,37.23,3943,1,7.585,
spanner,37.24,3944,1,6.789,
spanner,37.24,3945,1,11.776,
spanner,37.25,3946,1,6.824,
spanner,37.26,3947,1,6.771,
spanner,37.27,3948,1,6.139,
spanner,37.27,3949,1,6.327,
spanner,37.28,3950,1,6.123,
spanner,37.29,3951,1,7.167,
spanner,37.29,3952,1,7.767,
spanner,37.30,3953,1,8.516,
spanner,37.31,3954,1,9.438,
spanner,37.32,3955,1,9.746,
spanner,37.33,3956,1,9.980,
spanner,37.34,3957,1,9.697,
spanner,37.35,3958,1,9.151,
spanner,37.36,3959,1,9.402,
spanner,37.37,3960,1,7.936,
spanner,37.38,3961,1,7.317,
spanner,37.38,3962,1,7.260,
spanner,37.39,3963,1,6.869,
spanner,37.40,3964,1,7.867,
spanner,37.40,3965,1,8.849,
spanner,37.41,3966,1,8.394,
spanner,37.42,3967,1,9.117,
spanner,37.43,3968,1,8.808,
spanner,37.44,3969,1,11.024,
spanner,37.45,3970,1,10.745,
spanner,37.46,3971,1,10.837,
spanner,37.47,3972,1,9.885,
spanner,37.48,3973,1,10.870,
spanner,37.49,3974,1,9.002,
spanner,37.50,3975,1,7.722,
spanner,37.51,3976,1,8.947,
spanner,37.52,3977,1,9.964,
spanner,37.53,3978,1,10.376,
spanner,37.54,3979,1,12.112,
spanner,37.55,3980,1,9.196,
spanner,37.56,3981,1,7.286,
spanner,37.57,3982,1,7.997,
spanner,37.58,3983,1,7.495,
spanner,37.58,3984,1,6.510,
spanner,37.59,3985,1,7.219,
spanner,37.60,3986,1,9.061,
spanner,37.61,3987,1,8.608,
spanner,37.62,3988,1,7.647,
spanner,37.62,3989,1,8.110,
spanner,37.63,3990,1,8.146,
spanner,37.64,3991,1,7.822,
spanner,37.65,3992,1,8.220,
spanner,37.66,3993,1,9.264,
spanner,37.67,3994,1,8.831,
spanner,37.67,3995,1,9.884,
spanner,37.68,3996,1,8.482,
spanner,37.69,3997,1,10.324,
spanner,37.70,3998,1,11.656,
spanner,37.71,3999,1,7.810,
spanner,37.72,4000,1,7.927,
spanner,37.73,4001,1,6.935,
spanner,37.74,4002,1,7.068,
spanner,37.74,4003,1,6.857,
spanner,37.75,4004,1,7.507,
spanner,37.76,4005,1,7.725,
spanner,37.77,4006,1,8.599,
spanner,37.78,4007,1,8.149,
spanner,37.78,4008,1,9.332,
spanner,37.79,4009,1,8.501,
spanner,37.80,4010,1,7.243,
spanner,37.81,4011,1,7.301,
spanner,37.82,4012,1,7.258,
spanner,37.82,4013,1,6.988,
spanner,37.83,4014,1,7.079,
spanner,37.84,4015,1,7.302,
spanner,37.84,4016,1,6.938,
spanner,37.85,4017,1,7.049,
spanner,37.86,4018,1,7.954,
spanner,37.87,4019,1,7.160,
spanner,37.87,4020,1,7.281,
spanner,37.88,4021,1,7.265,
spanner,37.89,4022,1,8.473,
spanner,37.90,4023,1,8.181,
spanner,37.91,4024,1,8.524,
spanner,37.91,4025,1,7.770,
spanner,37.92,4026,1,8.422,
spanner,37.93,4027,1,10.733,
spanner,37.94,4028,1,9.020,
spanner,37.95,4029,1,7.467,
spanner,37.96,4030,1,7.282,
spanner,37.96,4031,1,8.135,
spanner,37.97,4032,1,9.328,
spanner,37.98,4033,1,8.117,
spanner,37.99,4034,1,8.602,
spanner,38.00,4035,1,10.317,
spanner,38.01,4036,1,11.888,
spanner,38.02,4037,1,9.898,
spanner,38.03,4038,1,11.456,
spanner,38.04,4039,1,12.337,
spanner,38.05,4040,1,14.707,
spanner,38.07,4041,1,11.137,
spanner,38.08,4042,1,10.445,
spanner,38.09,4043,1,8.125,
spanner,38.10,4044,1,7.688,
spanner,38.11,4045,1,7.659,
spanner,38.11,4046,1,8.566,
spanner,38.12,4047,1,10.822,
spanner,38.13,4048,1,10.584,
spanner,38.15,4049,1,10.852,
spanner,38.16,4050,1,11.311,
spanner,38.17,4051,1,11.093,
spanner,38.18,4052,1,9.976,
spanner,38.19,4053,1,11.680,
spanner,38.20,4054,1,11.664,
spanner,38.21,4055,1,11.870,
spanner,38.22,4056,1,12.023,
spanner,38.24,4057,1,9.956,
spanner,38.25,4058,1,7.934,
spanner,38.25,4059,1,8.090,
spanner,38.26,4060,1,10.733,
spanner,38.27,4061,1,12.920,
spanner,38.29,4062,1,11.864,
spanner,38.30,4063,1,10.001,
spanner,38.31,4064,1,10.796,
spanner,38.32,4065,1,8.745,
spanner,38.33,4066,1,8.088,
spanner,38.34,4067,1,7.485,
spanner,38.34,4068,1,8.751,
spanner,38.35,4069,1,8.032,
spanner,38.36,4070,1,10.196,
spanner,38.37,4071,1,13.155,
spanner,38.38,4072,1,11.457,
spanner,38.39,4073,1,9.041,
spanner,38.40,4074,1,9.986,
spanner,38.41,4075,1,10.656,
spanner,38.42,4076,1,10.255,
spanner,38.43,4077,1,11.384,
spanner,38.45,4078,1,9.773,
spanner,38.46,4079,1,12.443,
spanner,38.47,4080,1,12.854,
spanner,38.48,4081,1,12.595,
spanner,38.49,4082,1,13.233,
spanner,38.51,4083,1,12.715,
spanner,38.52,4084,1,9.674,
spanner,38.53,4085,1,8.381,
spanner,38.54,4086,1,9.380,
spanner,38.55,4087,1,9.390,
spanner,38.56,4088,1,9.728,
spanner,38.57,4089,1,10.261,
spanner,38.58,4090,1,10.867,
spanner,38.59,4091,1,11.728,
spanner,38.60,4092,1,11.282,
spanner,38.61,4093,1,11.254,
spanner,38.62,4094,1,9.498,
spanner,38.63,4095,1,9.903,
spanner,38.64,4096,1,9.922,
spanner,38.65,4097,1,9.324,
spanner,38.66,4098,1,11.982,
spanner,38.67,4099,1,12.727,
spanner,38.69,4100,1,11.454,
spanner,38.70,4101,1,12.119,
spanner,38.71,4102,1,13.260,
spanner,38.72,4103,1,11.511,
spanner,38.73,4104,1,13.948,
spanner,38.75,4105,1,11.361,
spanner,38.76,4106,1,11.677,
spanner,38.77,4107,1,13.525,
spanner,38.79,4108,1,13.427,
spanner,38.80,4109,1,12.276,
spanner,38.81,4110,1,13.889,
spanner,38.82,4111,1,13.503,
spanner,38.84,4112,1,13.041,
spanner,38.85,4113,1,13.397,
spanner,38.86,4114,1,11.111,
spanner,38.88,4115,1,10.345,
spanner,38.89,4116,1,13.064,
spanner,38.90,4117,1,11.681,
spanner,38.91,4118,1,9.540,
spanner,38.92,4119,1,8.696,
spanner,38.93,4120,1,8.845,
spanner,38.94,4121,1,12.195,
spanner,38.95,4122,1,11.031,
spanner,38.96,4123,1,12.868,
spanner,38.97,4124,1,13.881,
spanner,38.99,4125,1,13.188,
spanner,39.00,4126,1,9.987,
spanner,39.01,4127,1,8.457,
spanner,39.02,4128,1,7.998,
spanner,39.03,4129,1,9.524,
spanner,39.04,4130,1,9.772,
spanner,39.05,4131,1,9.359,
spanner,39.06,4132,1,10.304,
spanner,39.07,4133,1,11.376,
spanner,39.08,4134,1,11.554,
spanner,39.09,4135,1,8.355,
spanner,39.10,4136,1,6.772,
spanner,39.11,4137,1,8.887,
spanner,39.11,4138,1,9.159,
spanner,39.12,4139,1,9.969,
spanner,39.13,4140,1,11.878,
spanner,39.15,4141,1,10.182,
spanner,39.16,4142,1,12.400,
spanner,39.17,4143,1,10.663,
spanner,39.18,4144,1,8.740,
spanner,39.19,4145,1,6.889,
spanner,39.19,4146,1,6.801,
spanner,39.20,4147,1,6.441,
spanner,39.21,4148,1,7.096,
spanner,39.22,4149,1,6.272,
spanner,39.22,4150,1,6.037,
spanner,39.23,4151,1,6.162,
spanner,39.23,4152,1,6.465,
spanner,39.24,4153,1,6.901,
spanner,39.25,4154,1,6.282,
spanner,39.25,4155,1,5.993,
spanner,39.26,4156,1,6.564,
spanner,39.27,4157,1,6.237,
spanner,39.27,4158,1,6.135,
spanner,39.28,4159,1,6.419,
spanner,39.28,4160,1,6.216,
spanner,39.29,4161,1,7.198,
spanner,39.30,4162,1,8.414,
spanner,39.31,4163,1,7.570,
spanner,39.31,4164,1,7.910,
spanner,39.32,4165,1,6.210,
spanner,39.33,4166,1,5.961,
spanner,39.33,4167,1,6.613,
spanner,39.34,4168,1,7.089,
spanner,39.35,4169,1,6.216,
spanner,39.35,4170,1,6.401,
spanner,39.36,4171,1,7.309,
spanner,39.37,4172,1,5.935,
spanner,39.37,4173,1,7.109,
spanner,39.38,4174,1,6.300,
spanner,39.39,4175,1,6.979,
spanner,39.39,4176,1,6.995,
spanner,39.40,4177,1,6.500,
spanner,39.41,4178,1,8.510,
spanner,39.42,4179,1,8.805,
spanner,39.43,4180,1,8.943,
spanner,39.43,4181,1,10.442,
spanner,39.45,4182,1,12.641,
spanner,39.46,4183,1,10.011,
spanner,39.47,4184,1,10.576,
spanner,39.48,4185,1,9.468,
spanner,39.49,4186,1,10.519,
spanner,39.50,4187,1,9.931,
spanner,39.51,4188,1,11.078,
spanner,39.52,4189,1,10.304,
spanner,39.53,4190,1,7.797,
spanner,39.54,4191,1,6.213,
spanner,39.54,4192,1,10.686,
spanner,39.55,4193,1,6.976,
spanner,39.56,4194,1,7.251,
spanner,39.57,4195,1,7.092,
spanner,39.58,4196,1,6.568,
spanner,39.58,4197,1,7.616,
spanner,39.59,4198,1,6.246,
spanner,39.60,4199,1,6.964,
spanner,39.60,4200,1,6.084,
spanner,39.61,4201,1,7.367,
spanner,39.62,4202,1,7.921,
spanner,39.63,4203,1,7.373,
spanner,39.63,4204,1,6.823,
spanner,39.64,4205,1,6.658,
spanner,39.65,4206,1,6.561,
spanner,39.65,4207,1,7.066,
spanner,39.66,4208,1,7.268,
spanner,39.67,4209,1,6.798,
spanner,39.67,4210,1,6.768,
spanner,39.68,4211,1,6.552,
spanner,39.69,4212,1,7.396,
spanner,39.69,4213,1,9.164,
spanner,39.70,4214,1,9.319,
spanner,39.71,4215,1,7.045,
spanner,39.72,4216,1,7.074,
spanner,39.73,4217,1,7.072,
spanner,39.73,4218,1,7.188,
spanner,39.74,4219,1,6.550,
spanner,39.75,4220,1,6.676,
spanner,39.75,4221,1,8.503,
spanner,39.76,4222,1,9.352,
spanner,39.77,4223,1,7.548,
spanner,39.78,4224,1,7.283,
spanner,39.79,4225,1,8.253,
spanner,39.80,4226,1,8.956,
spanner,39.81,4227,1,8.688,
spanner,39.81,4228,1,9.487,
spanner,39.82,4229,1,7.652,
spanner,39.83,4230,1,7.722,
spanner,39.84,4231,1,7.723,
spanner,39.85,4232,1,6.940,
spanner,39.85,4233,1,7.116,
spanner,39.86,4234,1,8.511,
spanner,39.87,4235,1,9.217,
spanner,39.88,4236,1,11.526,
spanner,39.89,4237,1,10.133,
spanner,39.90,4238,1,10.952,
spanner,39.91,4239,1,12.891,
spanner,39.92,4240,1,12.989,
spanner,39.94,4241,1,11.360,
spanner,39.95,4242,1,10.448,
spanner,39.96,4243,1,10.585,
spanner,39.97,4244,1,9.220,
spanner,39.98,4245,1,9.304,
spanner,39.99,4246,1,9.861,
spanner,40.00,4247,1,7.551,
spanner,40.01,4248,1,7.179,
spanner,40.01,4249,1,7.997,
spanner,40.02,4250,1,9.057,
spanner,40.03,4251,1,8.511,
spanner,40.04,4252,1,8.542,
spanner,40.05,4253,1,7.194,
spanner,40.05,4254,1,7.874,
spanner,40.06,4255,1,7.817,
spanner,40.07,4256,1,7.763,
spanner,40.08,4257,1,7.672,
spanner,40.09,4258,1,12.561,
spanner,40.10,4259,1,9.887,
spanner,40.11,4260,1,11.062,
spanner,40.12,4261,1,10.718,
spanner,40.13,4262,1,10.658,
spanner,40.14,4263,1,9.629,
spanner,40.15,4264,1,8.553,
spanner,40.16,4265,1,10.456,
spanner,40.17,4266,1,11.578,
spanner,40.18,4267,1,9.043,
spanner,40.19,4268,1,9.496,
spanner,40.20,4269,1,9.105,
spanner,40.21,4270,1,8.405,
spanner,40.22,4271,1,8.679,
spanner,40.23,4272,1,7.874,
spanner,40.23,4273,1,9.538,
spanner,40.24,4274,1,10.711,
spanner,40.25,4275,1,12.327,
spanner,40.27,4276,1,12.778,
spanner,40.28,4277,1,12.855,
spanner,40.29,4278,1,12.390,
spanner,40.30,4279,1,12.994,
spanner,40.32,4280,1,12.030,
spanner,40.33,4281,1,11.192,
spanner,40.34,4282,1,10.706,
spanner,40.35,4283,1,10.957,
spanner,40.36,4284,1,12.699,
spanner,40.38,4285,1,13.034,
spanner,40.39,4286,1,10.978,
spanner,40.40,4287,1,8.304,
spanner,40.41,4288,1,8.512,
spanner,40.42,4289,1,8.236,
spanner,40.42,4290,1,7.911,
spanner,40.43,4291,1,9.611,
spanner,40.44,4292,1,11.376,
spanner,40.45,4293,1,8.894,
spanner,40.46,4294,1,7.809,
spanner,40.47,4295,1,8.841,
spanner,40.48,4296,1,11.190,
spanner,40.49,4297,1,12.305,
spanner,40.50,4298,1,12.317,
spanner,40.52,4299,1,13.231,
spanner,40.53,4300,1,13.111,
spanner,40.54,4301,1,13.222,
spanner,40.56,4302,1,13.173,
spanner,40.57,4303,1,9.691,
spanner,40.58,4304,1,14.076,
spanner,40.59,4305,1,10.639,
spanner,40.60,4306,1,9.022,
spanner,40.61,4307,1,12.381,
spanner,40.62,4308,1,12.336,
spanner,40.64,4309,1,10.592,
spanner,40.65,4310,1,9.088,
spanner,40.66,4311,1,10.138,
spanner,40.67,4312,1,14.111,
spanner,40.68,4313,1,13.389,
spanner,40.69,4314,1,14.034,
spanner,40.71,4315,1,14.893,
spanner,40.72,4316,1,13.808,
spanner,40.74,4317,1,12.730,
spanner,40.75,4318,1,11.402,
spanner,40.76,4319,1,13.232,
spanner,40.77,4320,1,13.980,
spanner,40.79,4321,1,13.162,
spanner,40.80,4322,1,8.669,
spanner,40.81,4323,1,9.694,
spanner,40.82,4324,1,13.306,
spanner,40.83,4325,1,13.486,
spanner,40.85,4326,1,11.642,
spanner,40.86,4327,1,12.198,
spanner,40.87,4328,1,11.254,
spanner,40.88,4329,1,9.176,
spanner,40.89,4330,1,9.336,
spanner,40.90,4331,1,9.746,
spanner,40.91,4332,1,11.988,
spanner,40.92,4333,1,15.925,
spanner,40.94,4334,1,9.946,
spanner,40.95,4335,1,6.916,
spanner,40.96,4336,1,7.451,
spanner,40.96,4337,1,6.581,
spanner,40.97,4338,1,6.913,
spanner,40.98,4339,1,6.572,
spanner,40.98,4340,1,6.752,
spanner,40.99,4341,1,6.981,
spanner,41.00,4342,1,7.345,
spanner,41.00,4343,1,7.156,
spanner,41.01,4344,1,5.887,
spanner,41.02,4345,1,6.441,
spanner,41.02,4346,1,9.292,
spanner,41.03,4347,1,5.952,
spanner,41.04,4348,1,5.948,
spanner,41.05,4349,1,6.199,
spanner,41.05,4350,1,5.934,
spanner,41.06,4351,1,5.658,
spanner,41.06,4352,1,6.164,
spanner,41.07,4353,1,6.855,
spanner,41.08,4354,1,6.999,
spanner,41.08,4355,1,6.432,
spanner,41.09,4356,1,6.982,
spanner,41.10,4357,1,7.435,
spanner,41.10,4358,1,7.199,
spanner,41.11,4359,1,7.164,
spanner,41.12,4360,1,5.958,
spanner,41.12,4361,1,5.919,
spanner,41.13,4362,1,7.368,
spanner,41.14,4363,1,9.046,
spanner,41.15,4364,1,8.070,
spanner,41.16,4365,1,8.910,
spanner,41.16,4366,1,8.345,
spanner,41.17,4367,1,11.197,
spanner,41.18,4368,1,7.910,
spanner,41.19,4369,1,7.464,
spanner,41.20,4370,1,8.022,
spanner,41.21,4371,1,7.730,
spanner,41.21,4372,1,7.473,
spanner,41.22,4373,1,6.126,
spanner,41.23,4374,1,5.981,
spanner,41.23,4375,1,6.111,
spanner,41.24,4376,1,6.084,
spanner,41.25,4377,1,7.628,
spanner,41.25,4378,1,9.603,
spanner,41.26,4379,1,7.214,
spanner,41.27,4380,1,7.038,
spanner,41.28,4381,1,6.863,
spanner,41.29,4382,1,7.201,
spanner,41.29,4383,1,5.993,
spanner,41.30,4384,1,6.020,
spanner,41.30,4385,1,5.813,
spanner,41.31,4386,1,5.911,
spanner,41.32,4387,1,7.198,
spanner,41.32,4388,1,7.372,
spanner,41.33,4389,1,7.429,
spanner,41.34,4390,1,7.406,
spanner,41.35,4391,1,7.012,
spanner,41.35,4392,1,7.136,
spanner,41.36,4393,1,7.493,
spanner,41.37,4394,1,11.183,
spanner,41.38,4395,1,10.378,
spanner,41.39,4396,1,10.904,
spanner,41.40,4397,1,9.268,
spanner,41.41,4398,1,11.118,
spanner,41.42,4399,1,10.761,
spanner,41.43,4400,1,23.126,
spanner,41.45,4401,1,14.311,
spanner,41.47,4402,1,7.634,
spanner,41.48,4403,1,7.499,
spanner,41.48,4404,1,6.951,
spanner,41.49,4405,1,7.345,
spanner,41.50,4406,1,6.906,
spanner,41.51,4407,1,6.813,
spanner,41.51,4408,1,7.016,
spanner,41.52,4409,1,7.255,
spanner,41.53,4410,1,7.620,
spanner,41.53,4411,1,6.922,
spanner,41.54,4412,1,7.101,
spanner,41.55,4413,1,7.025,
spanner,41.56,4414,1,7.045,
spanner,41.56,4415,1,6.964,
spanner,41.57,4416,1,6.957,
spanner,41.58,4417,1,6.981,
spanner,41.58,4418,1,8.572,
spanner,41.59,4419,1,7.158,
spanner,41.60,4420,1,7.071,
spanner,41.61,4421,1,7.024,
spanner,41.61,4422,1,7.736,
spanner,41.62,4423,1,8.726,
spanner,41.63,4424,1,8.143,
spanner,41.64,4425,1,9.279,
spanner,41.65,4426,1,9.145,
spanner,41.66,4427,1,8.687,
spanner,41.67,4428,1,9.206,
spanner,41.67,4429,1,10.525,
spanner,41.69,4430,1,8.441,
spanner,41.69,4431,1,7.987,
spanner,41.70,4432,1,11.980,
spanner,41.71,4433,1,7.233,
spanner,41.72,4434,1,7.013,
spanner,41.73,4435,1,7.996,
spanner,41.74,4436,1,7.798,
spanner,41.74,4437,1,8.536,
spanner,41.75,4438,1,7.365,
spanner,41.76,4439,1,7.757,
spanner,41.77,4440,1,7.479,
spanner,41.78,4441,1,7.404,
spanner,41.78,4442,1,7.177,
spanner,41.79,4443,1,7.448,
spanner,41.80,4444,1,7.537,
spanner,41.80,4445,1,8.034,
spanner,41.81,4446,1,8.654,
spanner,41.82,4447,1,7.924,
spanner,41.83,4448,1,7.614,
spanner,41.84,4449,1,7.825,
spanner,41.84,4450,1,8.702,
spanner,41.85,4451,1,7.877,
spanner,41.86,4452,1,8.939,
spanner,41.87,4453,1,8.985,
spanner,41.88,4454,1,9.115,
spanner,41.89,4455,1,9.975,
spanner,41.90,4456,1,9.363,
spanner,41.91,4457,1,8.575,
spanner,41.92,4458,1,8.658,
spanner,41.93,4459,1,8.196,
spanner,41.93,4460,1,8.053,
spanner,41.94,4461,1,7.999,
spanner,41.95,4462,1,8.439,
spanner,41.96,4463,1,7.699,
spanner,41.97,4464,1,8.146,
spanner,41.97,4465,1,8.598,
spanner,41.98,4466,1,7.701,
spanner,41.99,4467,1,7.441,
spanner,42.00,4468,1,7.296,
spanner,42.01,4469,1,7.515,
spanner,42.01,4470,1,7.415,
spanner,42.02,4471,1,7.654,
spanner,42.03,4472,1,8.401,
spanner,42.04,4473,1,9.969,
spanner,42.05,4474,1,8.520,
spanner,42.06,4475,1,7.597,
spanner,42.06,4476,1,8.427,
spanner,42.07,4477,1,7.966,
spanner,42.08,4478,1,7.270,
spanner,42.09,4479,1,7.119,
spanner,42.09,4480,1,8.010,
spanner,42.10,4481,1,9.331,
spanner,42.11,4482,1,12.846,
spanner,42.12,4483,1,11.702,
spanner,42.14,4484,1,13.230,
spanner,42.15,4485,1,11.326,
spanner,42.16,4486,1,11.285,
spanner,42.17,4487,1,14.171,
spanner,42.19,4488,1,13.855,
spanner,42.20,4489,1,12.072,
spanner,42.21,4490,1,10.784,
spanner,42.22,4491,1,11.036,
spanner,42.23,4492,1,10.431,
spanner,42.24,4493,1,9.938,
spanner,42.25,4494,1,10.212,
spanner,42.26,4495,1,10.003,
spanner,42.27,4496,1,8.552,
spanner,42.28,4497,1,9.409,
spanner,42.29,4498,1,9.842,
spanner,42.30,4499,1,10.418,
spanner,42.31,4500,1,10.545,
spanner,42.32,4501,1,11.739,
spanner,42.34,4502,1,12.543,
spanner,42.35,4503,1,9.254,
spanner,42.36,4504,1,9.157,
spanner,42.37,4505,1,11.939,
spanner,42.38,4506,1,13.297,
spanner,42.39,4507,1,12.282,
spanner,42.40,4508,1,11.127,
spanner,42.42,4509,1,13.034,
spanner,42.43,4510,1,12.812,
spanner,42.44,4511,1,12.776,
spanner,42.45,4512,1,13.461,
spanner,42.47,4513,1,12.116,
spanner,42.48,4514,1,9.391,
spanner,42.49,4515,1,10.254,
spanner,42.50,4516,1,10.992,
spanner,42.51,4517,1,9.006,
spanner,42.52,4518,1,8.815,
spanner,42.53,4519,1,8.628,
spanner,42.54,4520,1,8.632,
spanner,42.55,4521,1,8.426,
spanner,42.55,4522,1,9.441,
spanner,42.56,4523,1,8.219,
spanner,42.57,4524,1,9.976,
spanner,42.58,4525,1,10.812,
spanner,42.59,4526,1,9.734,
spanner,42.60,4527,1,11.351,
spanner,42.61,4528,1,11.133,
spanner,42.62,4529,1,9.347,
spanner,42.63,4530,1,9.548,
spanner,42.64,4531,1,10.609,
spanner,42.65,4532,1,11.913,
spanner,42.67,4533,1,11.073,
spanner,42.68,4534,1,12.496,
spanner,42.69,4535,1,10.034,
spanner,42.70,4536,1,10.287,
spanner,42.71,4537,1,8.116,
spanner,42.72,4538,1,8.575,
spanner,42.73,4539,1,9.216,
spanner,42.74,4540,1,9.451,
spanner,42.75,4541,1,9.700,
spanner,42.76,4542,1,11.051,
spanner,42.77,4543,1,10.909,
spanner,42.78,4544,1,11.322,
spanner,42.79,4545,1,10.507,
spanner,42.80,4546,1,12.066,
spanner,42.81,4547,1,12.562,
spanner,42.82,4548,1,13.990,
spanner,42.84,4549,1,11.309,
spanner,42.85,4550,1,9.471,
spanner,42.86,4551,1,9.814,
spanner,42.87,4552,1,8.850,
spanner,42.88,4553,1,8.901,
spanner,42.89,4554,1,6.526,
spanner,42.89,4555,1,5.917,
spanner,42.90,4556,1,5.988,
spanner,42.91,4557,1,6.131,
spanner,42.91,4558,1,5.967,
spanner,42.92,4559,1,6.040,
spanner,42.92,4560,1,6.055,
spanner,42.93,4561,1,5.773,
spanner,42.94,4562,1,5.905,
spanner,42.94,4563,1,6.567,
spanner,42.95,4564,1,6.003,
spanner,42.95,4565,1,5.603,
spanner,42.96,4566,1,5.670,
spanner,42.97,4567,1,6.072,
spanner,42.97,4568,1,5.999,
spanner,42.98,4569,1,6.023,
spanner,42.98,4570,1,6.088,
spanner,42.99,4571,1,5.877,
spanner,43.00,4572,1,5.956,
spanner,43.00,4573,1,5.842,
spanner,43.01,4574,1,7.091,
spanner,43.01,4575,1,7.795,
spanner,43.02,4576,1,6.820,
spanner,43.03,4577,1,6.571,
spanner,43.04,4578,1,6.644,
spanner,43.04,4579,1,6.536,
spanner,43.05,4580,1,6.494,
spanner,43.06,4581,1,6.395,
spanner,43.06,4582,1,6.798,
spanner,43.07,4583,1,7.063,
spanner,43.08,4584,1,6.173,
spanner,43.08,4585,1,5.842,
spanner,43.09,4586,1,6.453,
spanner,43.09,4587,1,6.202,
spanner,43.10,4588,1,6.039,
spanner,43.11,4589,1,7.123,
spanner,43.11,4590,1,7.042,
spanner,43.12,4591,1,7.544,
spanner,43.13,4592,1,7.143,
spanner,43.14,4593,1,5.827,
spanner,43.14,4594,1,6.317,
spanner,43.15,4595,1,7.033,
spanner,43.15,4596,1,9.595,
spanner,43.16,4597,1,10.208,
spanner,43.17,4598,1,7.722,
spanner,43.18,4599,1,6.507,
spanner,43.19,4600,1,6.643,
spanner,43.20,4601,1,7.542,
spanner,43.20,4602,1,9.172,
spanner,43.21,4603,1,9.429,
spanner,43.22,4604,1,9.885,
spanner,43.23,4605,1,8.009,
spanner,43.24,4606,1,9.703,
spanner,43.25,4607,1,8.488,
spanner,43.26,4608,1,8.429,
spanner,43.27,4609,1,7.229,
spanner,43.27,4610,1,8.761,
spanner,43.28,4611,1,8.288,
spanner,43.29,4612,1,10.094,
spanner,43.30,4613,1,8.238,
spanner,43.31,4614,1,9.863,
spanner,43.32,4615,1,8.031,
spanner,43.33,4616,1,9.519,
spanner,43.34,4617,1,10.991,
spanner,43.35,4618,1,9.848,
spanner,43.36,4619,1,10.993,
spanner,43.37,4620,1,10.905,
spanner,43.38,4621,1,8.274,
spanner,43.39,4622,1,18.339,
spanner,43.41,4623,1,9.603,
spanner,43.42,4624,1,7.868,
spanner,43.42,4625,1,7.810,
spanner,43.43,4626,1,6.968,
spanner,43.44,4627,1,6.551,
spanner,43.45,4628,1,7.780,
spanner,43.45,4629,1,7.804,
spanner,43.46,4630,1,15.518,
spanner,43.48,4631,1,6.332,
spanner,43.48,4632,1,6.685,
spanner,43.49,4633,1,7.249,
spanner,43.50,4634,1,6.910,
spanner,43.50,4635,1,6.548,
spanner,43.51,4636,1,6.757,
spanner,43.52,4637,1,6.943,
spanner,43.52,4638,1,6.889,
spanner,43.53,4639,1,6.764,
spanner,43.54,4640,1,6.647,
spanner,43.54,4641,1,8.996,
spanner,43.55,4642,1,17.913,
spanner,43.57,4643,1,7.410,
spanner,43.58,4644,1,6.356,
spanner,43.59,4645,1,6.681,
spanner,43.59,4646,1,6.505,
spanner,43.60,4647,1,6.568,
spanner,43.61,4648,1,6.438,
spanner,43.61,4649,1,7.119,
spanner,43.62,4650,1,7.411,
spanner,43.63,4651,1,8.302,
spanner,43.63,4652,1,8.262,
spanner,43.64,4653,1,9.777,
spanner,43.65,4654,1,14.767,
spanner,43.67,4655,1,10.545,
spanner,43.68,4656,1,8.871,
spanner,43.69,4657,1,7.406,
spanner,43.69,4658,1,7.967,
spanner,43.70,4659,1,9.053,
spanner,43.71,4660,1,7.403,
spanner,43.72,4661,1,7.773,
spanner,43.73,4662,1,7.563,
spanner,43.73,4663,1,7.804,
spanner,43.74,4664,1,7.910,
spanner,43.75,4665,1,7.911,
spanner,43.76,4666,1,8.356,
spanner,43.77,4667,1,8.264,
spanner,43.77,4668,1,8.696,
spanner,43.78,4669,1,7.649,
spanner,43.79,4670,1,7.187,
spanner,43.80,4671,1,7.030,
spanner,43.81,4672,1,7.202,
spanner,43.81,4673,1,7.779,
spanner,43.82,4674,1,9.343,
spanner,43.83,4675,1,7.833,
spanner,43.84,4676,1,7.774,
spanner,43.85,4677,1,8.887,
spanner,43.85,4678,1,12.760,
spanner,43.87,4679,1,10.929,
spanner,43.88,4680,1,10.358,
spanner,43.89,4681,1,8.582,
spanner,43.90,4682,1,9.934,
spanner,43.91,4683,1,12.410,
spanner,43.92,4684,1,11.482,
spanner,43.93,4685,1,13.506,
spanner,43.94,4686,1,11.169,
spanner,43.96,4687,1,11.578,
spanner,43.97,4688,1,11.807,
spanner,43.98,4689,1,9.861,
spanner,43.99,4690,1,9.313,
spanner,44.00,4691,1,11.170,
spanner,44.01,4692,1,10.472,
spanner,44.02,4693,1,9.789,
spanner,44.03,4694,1,11.587,
spanner,44.04,4695,1,11.076,
spanner,44.05,4696,1,9.708,
spanner,44.06,4697,1,8.681,
spanner,44.07,4698,1,8.656,
spanner,44.08,4699,1,9.781,
spanner,44.09,4700,1,10.824,
spanner,44.10,4701,1,11.027,
spanner,44.11,4702,1,13.816,
spanner,44.13,4703,1,14.050,
spanner,44.14,4704,1,9.929,
spanner,44.15,4705,1,7.967,
spanner,44.16,4706,1,8.459,
spanner,44.17,4707,1,7.728,
spanner,44.17,4708,1,7.749,
spanner,44.18,4709,1,7.322,
spanner,44.19,4710,1,7.338,
spanner,44.20,4711,1,7.680,
spanner,44.20,4712,1,9.869,
spanner,44.21,4713,1,7.945,
spanner,44.22,4714,1,9.193,
spanner,44.23,4715,1,8.688,
spanner,44.24,4716,1,9.384,
spanner,44.25,4717,1,10.407,
spanner,44.26,4718,1,10.917,
spanner,44.27,4719,1,14.161,
spanner,44.29,4720,1,9.165,
spanner,44.29,4721,1,7.680,
spanner,44.30,4722,1,8.145,
spanner,44.31,4723,1,8.584,
spanner,44.32,4724,1,7.687,
spanner,44.33,4725,1,8.121,
spanner,44.33,4726,1,8.066,
spanner,44.34,4727,1,8.447,
spanner,44.35,4728,1,9.131,
spanner,44.36,4729,1,8.988,
spanner,44.37,4730,1,9.584,
spanner,44.38,4731,1,8.613,
spanner,44.39,4732,1,8.388,
spanner,44.40,4733,1,8.397,
spanner,44.40,4734,1,10.146,
spanner,44.41,4735,1,11.569,
spanner,44.43,4736,1,10.066,
spanner,44.44,4737,1,8.281,
spanner,44.44,4738,1,7.513,
spanner,44.45,4739,1,7.564,
spanner,44.46,4740,1,8.788,
spanner,44.47,4741,1,8.986,
spanner,44.48,4742,1,11.185,
spanner,44.49,4743,1,10.298,
spanner,44.50,4744,1,9.488,
spanner,44.51,4745,1,8.830,
spanner,44.52,4746,1,8.550,
spanner,44.53,4747,1,8.943,
spanner,44.54,4748,1,8.625,
spanner,44.54,4749,1,9.651,
spanner,44.55,4750,1,9.315,
spanner,44.56,4751,1,8.450,
spanner,44.57,4752,1,9.951,
spanner,44.58,4753,1,9.262,
spanner,44.59,4754,1,8.578,
spanner,44.60,4755,1,8.436,
spanner,44.61,4756,1,8.010,
spanner,44.62,4757,1,8.626,
spanner,44.62,4758,1,9.170,
spanner,44.63,4759,1,9.517,
spanner,44.64,4760,1,10.499,
spanner,44.65,4761,1,8.451,
spanner,44.66,4762,1,8.811,
spanner,44.67,4763,1,9.579,
spanner,44.68,4764,1,9.095,
spanner,44.69,4765,1,9.563,
spanner,44.70,4766,1,10.252,
spanner,44.71,4767,1,8.371,
spanner,44.72,4768,1,10.673,
spanner,44.73,4769,1,13.060,
spanner,44.74,4770,1,12.417,
spanner,44.75,4771,1,11.867,
spanner,44.77,4772,1,11.358,
spanner,44.78,4773,1,11.352,
spanner,44.79,4774,1,12.518,
spanner,44.80,4775,1,14.186,
spanner,44.82,4776,1,12.967,
spanner,44.83,4777,1,11.474,
spanner,44.84,4778,1,9.107,
spanner,44.85,4779,1,8.613,
spanner,44.86,4780,1,9.184,
spanner,44.87,4781,1,8.327,
spanner,44.88,4782,1,9.375,
spanner,44.89,4783,1,11.754,
spanner,44.90,4784,1,11.720,
spanner,44.91,4785,1,11.733,
spanner,44.92,4786,1,12.230,
spanner,44.93,4787,1,11.200,
spanner,44.94,4788,1,9.897,
spanner,44.95,4789,1,11.722,
spanner,44.97,4790,1,9.484,
spanner,44.98,4791,1,9.362,
spanner,44.98,4792,1,9.128,
spanner,44.99,4793,1,7.580,
spanner,45.00,4794,1,9.491,
spanner,45.01,4795,1,10.160,
spanner,45.02,4796,1,10.944,
spanner,45.03,4797,1,11.171,
spanner,45.04,4798,1,11.620,
spanner,45.06,4799,1,11.629,
spanner,45.07,4800,1,11.397,
spanner,45.08,4801,1,11.951,
spanner,45.09,4802,1,12.340,
spanner,45.10,4803,1,8.502,
spanner,45.11,4804,1,7.554,
spanner,45.12,4805,1,7.044,
spanner,45.13,4806,1,6.229,
spanner,45.13,4807,1,6.198,
spanner,45.14,4808,1,5.971,
spanner,45.14,4809,1,6.560,
spanner,45.15,4810,1,6.894,
spanner,45.16,4811,1,6.562,
spanner,45.16,4812,1,7.156,
spanner,45.17,4813,1,10.359,
spanner,45.18,4814,1,9.884,
spanner,45.19,4815,1,8.366,
spanner,45.20,4816,1,6.918,
spanner,45.21,4817,1,7.687,
spanner,45.22,4818,1,8.130,
spanner,45.22,4819,1,9.697,
spanner,45.23,4820,1,8.121,
spanner,45.24,4821,1,7.689,
spanner,45.25,4822,1,8.894,
spanner,45.26,4823,1,6.998,
spanner,45.26,4824,1,6.499,
spanner,45.27,4825,1,6.683,
spanner,45.28,4826,1,6.679,
spanner,45.28,4827,1,7.404,
spanner,45.29,4828,1,8.333,
spanner,45.30,4829,1,9.928,
spanner,45.31,4830,1,9.487,
spanner,45.32,4831,1,10.460,
spanner,45.33,4832,1,11.727,
spanner,45.34,4833,1,9.933,
spanner,45.35,4834,1,7.966,
spanner,45.36,4835,1,7.582,
spanner,45.37,4836,1,6.831,
spanner,45.37,4837,1,7.553,
spanner,45.38,4838,1,6.200,
spanner,45.39,4839,1,5.941,
spanner,45.39,4840,1,6.100,
spanner,45.40,4841,1,6.372,
spanner,45.41,4842,1,7.934,
spanner,45.42,4843,1,7.905,
spanner,45.42,4844,1,7.162,
spanner,45.43,4845,1,7.369,
spanner,45.44,4846,1,6.830,
spanner,45.44,4847,1,10.426,
spanner,45.45,4848,1,10.137,
spanner,45.47,4849,1,9.588,
spanner,45.47,4850,1,8.865,
spanner,45.48,4851,1,7.891,
spanner,45.49,4852,1,7.733,
spanner,45.50,4853,1,6.790,
spanner,45.51,4854,1,7.326,
spanner,45.51,4855,1,7.357,
spanner,45.52,4856,1,7.591,
spanner,45.53,4857,1,8.809,
spanner,45.54,4858,1,8.137,
spanner,45.55,4859,1,7.114,
spanner,45.55,4860,1,7.553,
spanner,45.56,4861,1,7.540,
spanner,45.57,4862,1,7.667,
spanner,45.58,4863,1,7.029,
spanner,45.58,4864,1,6.652,
spanner,45.59,4865,1,7.795,
spanner,45.60,4866,1,7.738,
spanner,45.60,4867,1,6.746,
spanner,45.61,4868,1,6.818,
spanner,45.62,4869,1,7.411,
spanner,45.63,4870,1,7.063,
spanner,45.63,4871,1,9.425,
spanner,45.64,4872,1,9.538,
spanner,45.65,4873,1,8.741,
spanner,45.66,4874,1,7.978,
spanner,45.67,4875,1,8.099,
spanner,45.68,4876,1,9.835,
spanner,45.69,4877,1,9.093,
spanner,45.70,4878,1,10.046,
spanner,45.71,4879,1,9.319,
spanner,45.72,4880,1,7.141,
spanner,45.72,4881,1,7.525,
spanner,45.73,4882,1,8.774,
spanner,45.74,4883,1,8.428,
spanner,45.75,4884,1,7.003,
spanner,45.75,4885,1,6.403,
spanner,45.76,4886,1,6.627,
spanner,45.77,4887,1,6.796,
spanner,45.77,4888,1,7.063,
spanner,45.78,4889,1,7.693,
spanner,45.79,4890,1,9.023,
spanner,45.80,4891,1,10.853,
spanner,45.81,4892,1,10.405,
spanner,45.82,4893,1,11.463,
spanner,45.83,4894,1,12.391,
spanner,45.84,4895,1,11.730,
spanner,45.86,4896,1,9.109,
spanner,45.86,4897,1,8.439,
spanner,45.87,4898,1,12.050,
spanner,45.89,4899,1,10.713,
spanner,45.90,4900,1,9.359,
spanner,45.91,4901,1,8.847,
spanner,45.91,4902,1,9.863,
spanner,45.92,4903,1,8.223,
spanner,45.93,4904,1,8.474,
spanner,45.94,4905,1,7.944,
spanner,45.95,4906,1,7.788,
spanner,45.96,4907,1,7.951,
spanner,45.96,4908,1,7.248,
spanner,45.97,4909,1,7.731,
spanner,45.98,4910,1,8.434,
spanner,45.99,4911,1,7.527,
spanner,46.00,4912,1,7.374,
spanner,46.00,4913,1,7.562,
spanner,46.01,4914,1,7.734,
spanner,46.02,4915,1,7.136,
spanner,46.03,4916,1,9.156,
spanner,46.03,4917,1,9.469,
spanner,46.04,4918,1,7.613,
spanner,46.05,4919,1,6.926,
spanner,46.06,4920,1,8.333,
spanner,46.07,4921,1,7.267,
spanner,46.07,4922,1,7.335,
spanner,46.08,4923,1,7.744,
spanner,46.09,4924,1,7.750,
spanner,46.10,4925,1,7.070,
spanner,46.10,4926,1,7.621,
spanner,46.11,4927,1,9.700,
spanner,46.12,4928,1,10.334,
spanner,46.13,4929,1,9.145,
spanner,46.14,4930,1,9.192,
spanner,46.15,4931,1,11.977,
spanner,46.16,4932,1,8.604,
spanner,46.17,4933,1,7.819,
spanner,46.18,4934,1,7.326,
spanner,46.19,4935,1,7.203,
spanner,46.19,4936,1,7.362,
spanner,46.20,4937,1,7.561,
spanner,46.21,4938,1,9.075,
spanner,46.22,4939,1,8.344,
spanner,46.23,4940,1,7.748,
spanner,46.23,4941,1,8.048,
spanner,46.24,4942,1,7.965,
spanner,46.25,4943,1,8.152,
spanner,46.26,4944,1,7.849,
spanner,46.27,4945,1,7.611,
spanner,46.27,4946,1,7.947,
spanner,46.28,4947,1,7.691,
spanner,46.29,4948,1,7.440,
spanner,46.30,4949,1,9.853,
spanner,46.31,4950,1,11.821,
spanner,46.32,4951,1,11.691,
spanner,46.33,4952,1,12.618,
spanner,46.34,4953,1,12.006,
spanner,46.36,4954,1,12.844,
spanner,46.37,4955,1,12.324,
spanner,46.38,4956,1,13.983,
spanner,46.39,4957,1,13.658,
spanner,46.41,4958,1,13.940,
spanner,46.42,4959,1,13.273,
spanner,46.44,4960,1,11.016,
spanner,46.45,4961,1,8.682,
spanner,46.46,4962,1,8.822,
spanner,46.46,4963,1,8.112,
spanner,46.47,4964,1,11.345,
spanner,46.48,4965,1,14.362,
spanner,46.50,4966,1,12.397,
spanner,46.51,4967,1,12.729,
spanner,46.52,4968,1,11.208,
spanner,46.53,4969,1,11.216,
spanner,46.55,4970,1,11.593,
spanner,46.56,4971,1,11.421,
spanner,46.57,4972,1,8.629,
spanner,46.58,4973,1,10.063,
spanner,46.59,4974,1,12.024,
spanner,46.60,4975,1,11.314,
spanner,46.61,4976,1,10.585,
spanner,46.62,4977,1,10.613,
spanner,46.63,4978,1,10.752,
spanner,46.64,4979,1,9.249,
spanner,46.65,4980,1,10.901,
spanner,46.66,4981,1,11.070,
spanner,46.67,4982,1,10.472,
spanner,46.68,4983,1,8.449,
spanner,46.69,4984,1,8.545,
spanner,46.70,4985,1,9.902,
spanner,46.71,4986,1,9.888,
spanner,46.72,4987,1,11.013,
spanner,46.73,4988,1,13.450,
spanner,46.75,4989,1,14.866,
spanner,46.76,4990,1,13.236,
spanner,46.77,4991,1,12.771,
spanner,46.79,4992,1,12.039,
spanner,46.80,4993,1,11.052,
spanner,46.81,4994,1,12.340,
spanner,46.82,4995,1,13.694,
spanner,46.84,4996,1,12.327,
spanner,46.85,4997,1,12.691,
spanner,46.86,4998,1,13.956,
spanner,46.88,4999,1,12.663,
spanner,46.89,5000,1,10.566,
spanner,46.90,5001,1,10.020,
spanner,46.91,5002,1,9.226,
spanner,46.92,5003,1,7.472,
spanner,46.93,5004,1,10.481,
spanner,46.94,5005,1,7.176,
spanner,46.94,5006,1,9.642,
spanner,46.95,5007,1,11.859,
spanner,46.97,5008,1,9.106,
spanner,46.97,5009,1,9.981,
spanner,46.98,5010,1,8.260,
spanner,46.99,5011,1,7.161,
spanner,47.00,5012,1,8.849,
spanner,47.01,5013,1,8.393,
spanner,47.02,5014,1,9.504,
spanner,47.03,5015,1,11.151,
spanner,47.04,5016,1,9.678,
spanner,47.05,5017,1,7.971,
spanner,47.06,5018,1,6.855,
spanner,47.06,5019,1,7.270,
spanner,47.07,5020,1,6.194,
spanner,47.08,5021,1,6.493,
spanner,47.08,5022,1,7.723,
spanner,47.09,5023,1,7.341,
spanner,47.10,5024,1,6.607,
spanner,47.10,5025,1,6.650,
spanner,47.11,5026,1,6.398,
spanner,47.12,5027,1,9.391,
spanner,47.13,5028,1,11.516,
spanner,47.14,5029,1,9.440,
spanner,47.15,5030,1,9.481,
spanner,47.16,5031,1,9.519,
spanner,47.17,5032,1,8.654,
spanner,47.18,5033,1,8.097,
spanner,47.18,5034,1,8.229,
spanner,47.19,5035,1,8.617,
spanner,47.20,5036,1,10.107,
spanner,47.21,5037,1,9.820,
spanner,47.22,5038,1,7.979,
spanner,47.23,5039,1,7.030,
spanner,47.24,5040,1,8.651,
spanner,47.24,5041,1,9.943,
spanner,47.25,5042,1,8.329,
spanner,47.26,5043,1,8.937,
spanner,47.27,5044,1,8.700,
spanner,47.28,5045,1,7.101,
spanner,47.29,5046,1,6.587,
spanner,47.29,5047,1,6.518,
spanner,47.30,5048,1,8.576,
spanner,47.31,5049,1,8.720,
spanner,47.32,5050,1,7.292,
spanner,47.33,5051,1,8.712,
spanner,47.33,5052,1,12.486,
spanner,47.35,5053,1,10.563,
spanner,47.36,5054,1,10.146,
spanner,47.37,5055,1,9.765,
spanner,47.38,5056,1,10.703,
spanner,47.39,5057,1,9.388,
spanner,47.40,5058,1,8.894,
spanner,47.41,5059,1,9.353,
spanner,47.42,5060,1,7.778,
spanner,47.42,5061,1,10.639,
spanner,47.43,5062,1,8.805,
spanner,47.44,5063,1,7.179,
spanner,47.45,5064,1,7.745,
spanner,47.46,5065,1,7.359,
spanner,47.47,5066,1,6.773,
spanner,47.47,5067,1,6.735,
spanner,47.48,5068,1,7.187,
spanner,47.49,5069,1,10.830,
spanner,47.50,5070,1,8.391,
spanner,47.51,5071,1,7.391,
spanner,47.51,5072,1,16.727,
spanner,47.53,5073,1,11.221,
spanner,47.54,5074,1,8.933,
spanner,47.55,5075,1,10.248,
spanner,47.56,5076,1,9.766,
spanner,47.57,5077,1,9.124,
spanner,47.58,5078,1,10.166,
spanner,47.59,5079,1,10.368,
spanner,47.60,5080,1,9.510,
spanner,47.61,5081,1,10.834,
spanner,47.62,5082,1,12.938,
spanner,47.63,5083,1,11.957,
spanner,47.65,5084,1,9.341,
spanner,47.65,5085,1,7.454,
spanner,47.66,5086,1,7.078,
spanner,47.67,5087,1,9.410,
spanner,47.68,5088,1,9.874,
spanner,47.69,5089,1,9.738,
spanner,47.70,5090,1,31.850,
spanner,47.73,5091,1,14.227,
spanner,47.74,5092,1,8.544,
spanner,47.75,5093,1,8.208,
spanner,47.76,5094,1,10.591,
spanner,47.77,5095,1,10.744,
spanner,47.78,5096,1,10.649,
spanner,47.79,5097,1,10.067,
spanner,47.80,5098,1,8.917,
spanner,47.81,5099,1,9.118,
spanner,47.82,5100,1,10.270,
spanner,47.83,5101,1,9.878,
spanner,47.84,5102,1,8.559,
spanner,47.85,5103,1,7.969,
spanner,47.86,5104,1,8.061,
spanner,47.87,5105,1,6.988,
spanner,47.87,5106,1,9.202,
spanner,47.88,5107,1,9.521,
spanner,47.89,5108,1,7.922,
spanner,47.90,5109,1,7.592,
spanner,47.91,5110,1,7.556,
spanner,47.92,5111,1,7.509,
spanner,47.92,5112,1,7.286,
spanner,47.93,5113,1,6.642,
spanner,47.94,5114,1,7.351,
spanner,47.94,5115,1,7.797,
spanner,47.95,5116,1,7.429,
spanner,47.96,5117,1,6.772,
spanner,47.97,5118,1,6.846,
spanner,47.97,5119,1,7.577,
spanner,47.98,5120,1,7.773,
spanner,47.99,5121,1,7.433,
spanner,48.00,5122,1,8.331,
spanner,48.00,5123,1,9.570,
spanner,48.01,5124,1,11.325,
spanner,48.03,5125,1,12.788,
spanner,48.04,5126,1,10.416,
spanner,48.05,5127,1,12.092,
spanner,48.06,5128,1,13.117,
spanner,48.07,5129,1,13.653,
spanner,48.09,5130,1,12.059,
spanner,48.10,5131,1,12.999,
spanner,48.11,5132,1,12.665,
spanner,48.13,5133,1,10.435,
spanner,48.14,5134,1,9.833,
spanner,48.15,5135,1,8.934,
spanner,48.16,5136,1,8.643,
spanner,48.16,5137,1,8.287,
spanner,48.17,5138,1,8.378,
spanner,48.18,5139,1,8.968,
spanner,48.19,5140,1,11.985,
spanner,48.20,5141,1,10.199,
spanner,48.21,5142,1,10.121,
spanner,48.22,5143,1,7.943,
spanner,48.23,5144,1,8.133,
spanner,48.24,5145,1,7.941,
spanner,48.25,5146,1,8.148,
spanner,48.25,5147,1,8.994,
spanner,48.26,5148,1,8.666,
spanner,48.27,5149,1,9.218,
spanner,48.28,5150,1,9.022,
spanner,48.29,5151,1,7.912,
spanner,48.30,5152,1,7.785,
spanner,48.31,5153,1,8.671,
spanner,48.31,5154,1,8.539,
spanner,48.32,5155,1,8.016,
spanner,48.33,5156,1,8.910,
spanner,48.34,5157,1,10.099,
spanner,48.35,5158,1,10.933,
spanner,48.36,5159,1,10.942,
spanner,48.37,5160,1,11.618,
spanner,48.38,5161,1,10.488,
spanner,48.39,5162,1,9.749,
spanner,48.40,5163,1,8.781,
spanner,48.41,5164,1,8.724,
spanner,48.42,5165,1,8.951,
spanner,48.43,5166,1,8.648,
spanner,48.44,5167,1,8.769,
spanner,48.45,5168,1,8.589,
spanner,48.46,5169,1,8.455,
spanner,48.47,5170,1,8.272,
spanner,48.47,5171,1,8.477,
spanner,48.48,5172,1,9.346,
spanner,48.49,5173,1,8.748,
spanner,48.50,5174,1,10.193,
spanner,48.51,5175,1,12.107,
spanner,48.52,5176,1,11.924,
spanner,48.54,5177,1,14.152,
spanner,48.55,5178,1,11.989,
spanner,48.56,5179,1,11.677,
spanner,48.57,5180,1,11.586,
spanner,48.58,5181,1,12.249,
spanner,48.60,5182,1,18.371,
spanner,48.62,5183,1,11.194,
spanner,48.63,5184,1,9.333,
spanner,48.64,5185,1,9.507,
spanner,48.65,5186,1,11.377,
spanner,48.66,5187,1,10.067,
spanner,48.67,5188,1,8.826,
spanner,48.68,5189,1,8.352,
spanner,48.68,5190,1,8.467,
spanner,48.69,5191,1,8.891,
spanner,48.70,5192,1,10.086,
spanner,48.71,5193,1,11.202,
spanner,48.72,5194,1,13.620,
spanner,48.74,5195,1,13.064,
spanner,48.75,5196,1,11.835,
spanner,48.76,5197,1,12.802,
spanner,48.77,5198,1,13.247,
spanner,48.79,5199,1,15.430,
spanner,48.80,5200,1,13.098,
spanner,48.82,5201,1,13.495,
spanner,48.83,5202,1,14.097,
spanner,48.84,5203,1,14.440,
spanner,48.86,5204,1,15.106,
spanner,48.87,5205,1,13.580,
spanner,48.89,5206,1,10.668,
spanner,48.90,5207,1,15.121,
spanner,48.91,5208,1,14.340,
spanner,48.93,5209,1,14.614,
spanner,48.94,5210,1,14.939,
spanner,48.96,5211,1,13.496,
spanner,48.97,5212,1,13.596,
spanner,48.98,5213,1,14.841,
spanner,49.00,5214,1,11.849,
spanner,49.01,5215,1,11.669,
spanner,49.02,5216,1,11.050,
spanner,49.03,5217,1,10.615,
spanner,49.05,5218,1,10.638,
spanner,49.06,5219,1,10.478,
spanner,49.07,5220,1,10.452,
spanner,49.08,5221,1,9.569,
spanner,49.09,5222,1,11.885,
spanner,49.10,5223,1,9.614,
spanner,49.11,5224,1,9.489,
spanner,49.12,5225,1,9.124,
spanner,49.13,5226,1,9.146,
spanner,49.14,5227,1,8.951,
spanner,49.14,5228,1,9.627,
spanner,49.15,5229,1,7.545,
spanner,49.16,5230,1,6.664,
spanner,49.17,5231,1,9.343,
spanner,49.18,5232,1,6.682,
spanner,49.18,5233,1,6.386,
spanner,49.19,5234,1,6.937,
spanner,49.20,5235,1,7.579,
spanner,49.21,5236,1,7.586,
spanner,49.21,5237,1,7.543,
spanner,49.22,5238,1,7.476,
spanner,49.23,5239,1,13.365,
spanner,49.24,5240,1,7.501,
spanner,49.25,5241,1,7.221,
spanner,49.26,5242,1,7.924,
spanner,49.26,5243,1,7.237,
spanner,49.27,5244,1,6.701,
spanner,49.28,5245,1,6.530,
spanner,49.29,5246,1,8.746,
spanner,49.29,5247,1,11.879,
spanner,49.31,5248,1,10.533,
spanner,49.32,5249,1,11.796,
spanner,49.33,5250,1,7.890,
spanner,49.34,5251,1,7.948,
spanner,49.34,5252,1,6.803,
spanner,49.35,5253,1,8.199,
spanner,49.36,5254,1,9.518,
spanner,49.37,5255,1,9.173,
spanner,49.38,5256,1,8.489,
spanner,49.39,5257,1,7.283,
spanner,49.39,5258,1,6.874,
spanner,49.40,5259,1,6.020,
spanner,49.41,5260,1,6.314,
spanner,49.41,5261,1,7.113,
spanner,49.42,5262,1,7.819,
spanner,49.43,5263,1,8.965,
spanner,49.44,5264,1,8.729,
spanner,49.45,5265,1,8.732,
spanner,49.45,5266,1,9.765,
spanner,49.46,5267,1,7.064,
spanner,49.47,5268,1,7.651,
spanner,49.48,5269,1,9.920,
spanner,49.49,5270,1,9.121,
spanner,49.50,5271,1,10.458,
spanner,49.51,5272,1,9.309,
spanner,49.52,5273,1,9.938,
spanner,49.53,5274,1,8.925,
spanner,49.54,5275,1,9.584,
spanner,49.55,5276,1,9.416,
spanner,49.56,5277,1,9.451,
spanner,49.57,5278,1,9.779,
spanner,49.58,5279,1,9.890,
spanner,49.59,5280,1,10.235,
spanner,49.60,5281,1,8.732,
spanner,49.60,5282,1,8.284,
spanner,49.61,5283,1,11.244,
spanner,49.62,5284,1,10.677,
spanner,49.63,5285,1,12.089,
spanner,49.65,5286,1,7.354,
spanner,49.65,5287,1,7.172,
spanner,49.66,5288,1,7.359,
spanner,49.67,5289,1,7.178,
spanner,49.68,5290,1,7.021,
spanner,49.68,5291,1,7.349,
spanner,49.69,5292,1,9.959,
spanner,49.70,5293,1,17.283,
spanner,49.72,5294,1,7.870,
spanner,49.73,5295,1,7.761,
spanner,49.73,5296,1,7.900,
spanner,49.74,5297,1,8.077,
spanner,49.75,5298,1,8.013,
spanner,49.76,5299,1,7.600,
spanner,49.77,5300,1,7.307,
spanner,49.77,5301,1,7.490,
spanner,49.78,5302,1,8.663,
spanner,49.79,5303,1,8.019,
spanner,49.80,5304,1,7.676,
spanner,49.80,5305,1,7.771,
spanner,49.81,5306,1,7.482,
spanner,49.82,5307,1,7.227,
spanner,49.83,5308,1,6.324,
spanner,49.83,5309,1,7.192,
spanner,49.84,5310,1,10.621,
spanner,49.85,5311,1,10.499,
spanner,49.86,5312,1,8.119,
spanner,49.87,5313,1,8.102,
spanner,49.88,5314,1,8.828,
spanner,49.89,5315,1,10.289,
spanner,49.90,5316,1,9.454,
spanner,49.91,5317,1,10.743,
spanner,49.92,5318,1,10.802,
spanner,49.93,5319,1,10.927,
spanner,49.94,5320,1,10.942,
spanner,49.95,5321,1,11.114,
spanner,49.96,5322,1,8.741,
spanner,49.97,5323,1,8.084,
spanner,49.98,5324,1,7.781,
spanner,49.99,5325,1,7.021,
spanner,49.99,5326,1,7.000,
spanner,50.00,5327,1,6.983,
spanner,50.01,5328,1,7.509,
spanner,50.01,5329,1,10.495,
spanner,50.03,5330,1,8.904,
spanner,50.03,5331,1,11.019,
spanner,50.05,5332,1,10.288,
spanner,50.06,5333,1,11.460,
spanner,50.07,5334,1,12.834,
spanner,50.08,5335,1,12.340,
spanner,50.09,5336,1,11.944,
spanner,50.10,5337,1,11.938,
spanner,50.12,5338,1,11.656,
spanner,50.13,5339,1,9.425,
spanner,50.14,5340,1,9.189,
spanner,50.15,5341,1,11.289,
spanner,50.16,5342,1,13.757,
spanner,50.17,5343,1,13.639,
spanner,50.19,5344,1,12.113,
spanner,50.20,5345,1,12.232,
spanner,50.21,5346,1,13.969,
spanner,50.22,5347,1,11.662,
spanner,50.24,5348,1,10.225,
spanner,50.25,5349,1,11.643,
spanner,50.26,5350,1,8.936,
spanner,50.27,5351,1,9.997,
spanner,50.28,5352,1,12.404,
spanner,50.29,5353,1,13.160,
spanner,50.30,5354,1,11.951,
spanner,50.31,5355,1,10.768,
spanner,50.33,5356,1,10.163,
spanner,50.34,5357,1,12.205,
spanner,50.35,5358,1,12.466,
spanner,50.36,5359,1,11.605,
spanner,50.37,5360,1,11.762,
spanner,50.38,5361,1,11.307,
spanner,50.40,5362,1,11.164,
spanner,50.41,5363,1,9.927,
spanner,50.42,5364,1,7.646,
spanner,50.42,5365,1,8.547,
spanner,50.43,5366,1,11.844,
spanner,50.44,5367,1,11.762,
spanner,50.46,5368,1,10.840,
spanner,50.47,5369,1,12.344,
spanner,50.48,5370,1,12.687,
spanner,50.49,5371,1,14.383,
spanner,50.51,5372,1,13.683,
spanner,50.52,5373,1,12.432,
spanner,50.53,5374,1,11.825,
spanner,50.54,5375,1,12.161,
spanner,50.56,5376,1,12.883,
spanner,50.57,5377,1,13.867,
spanner,50.58,5378,1,9.549,
spanner,50.59,5379,1,11.813,
spanner,50.61,5380,1,11.456,
spanner,50.62,5381,1,12.136,
spanner,50.63,5382,1,12.263,
spanner,50.64,5383,1,10.684,
spanner,50.65,5384,1,9.311,
spanner,50.66,5385,1,9.584,
spanner,50.67,5386,1,9.142,
spanner,50.68,5387,1,9.490,
spanner,50.69,5388,1,12.624,
spanner,50.70,5389,1,13.919,
spanner,50.72,5390,1,11.807,
spanner,50.73,5391,1,10.472,
spanner,50.74,5392,1,10.416,
spanner,50.75,5393,1,10.404,
spanner,50.76,5394,1,10.879,
spanner,50.77,5395,1,12.901,
spanner,50.78,5396,1,10.030,
spanner,50.79,5397,1,11.014,
spanner,50.80,5398,1,9.720,
spanner,50.81,5399,1,8.596,
spanner,50.82,5400,1,8.873,
spanner,50.83,5401,1,12.678,
spanner,50.84,5402,1,15.396,
spanner,50.86,5403,1,12.547,
spanner,50.87,5404,1,10.940,
spanner,50.88,5405,1,10.382,
spanner,50.89,5406,1,8.639,
spanner,50.90,5407,1,8.854,
spanner,50.91,5408,1,9.423,
spanner,50.92,5409,1,8.693,
spanner,50.93,5410,1,9.295,
spanner,50.94,5411,1,10.353,
spanner,50.95,5412,1,10.863,
spanner,50.96,5413,1,10.028,
spanner,50.97,5414,1,9.025,
spanner,50.98,5415,1,9.004,
spanner,50.99,5416,1,9.562,
spanner,51.00,5417,1,9.620,
spanner,51.01,5418,1,9.110,
spanner,51.02,5419,1,8.416,
spanner,51.03,5420,1,10.155,
spanner,51.04,5421,1,11.221,
spanner,51.05,5422,1,11.609,
spanner,51.06,5423,1,8.866,
spanner,51.07,5424,1,8.431,
spanner,51.08,5425,1,8.197,
spanner,51.08,5426,1,7.993,
spanner,51.09,5427,1,9.736,
spanner,51.10,5428,1,10.216,
spanner,51.11,5429,1,10.705,
spanner,51.12,5430,1,10.448,
spanner,51.13,5431,1,12.835,
spanner,51.15,5432,1,14.859,
spanner,51.16,5433,1,12.142,
spanner,51.17,5434,1,9.905,
spanner,51.18,5435,1,8.604,
spanner,51.19,5436,1,9.275,
spanner,51.20,5437,1,6.948,
spanner,51.21,5438,1,9.164,
spanner,51.22,5439,1,10.347,
spanner,51.23,5440,1,7.308,
spanner,51.24,5441,1,7.010,
spanner,51.24,5442,1,9.658,
spanner,51.25,5443,1,12.464,
spanner,51.26,5444,1,9.599,
spanner,51.27,5445,1,10.674,
spanner,51.28,5446,1,10.675,
spanner,51.30,5447,1,12.265,
spanner,51.31,5448,1,13.214,
spanner,51.32,5449,1,12.208,
spanner,51.33,5450,1,9.885,
spanner,51.34,5451,1,7.410,
spanner,51.35,5452,1,6.965,
spanner,51.36,5453,1,6.353,
spanner,51.36,5454,1,6.537,
spanner,51.37,5455,1,9.207,
spanner,51.38,5456,1,8.138,
spanner,51.39,5457,1,7.821,
spanner,51.40,5458,1,8.519,
spanner,51.40,5459,1,9.088,
spanner,51.41,5460,1,12.968,
spanner,51.43,5461,1,12.581,
spanner,51.44,5462,1,13.855,
spanner,51.45,5463,1,11.959,
spanner,51.47,5464,1,12.011,
spanner,51.48,5465,1,10.228,
spanner,51.49,5466,1,12.698,
spanner,51.50,5467,1,12.761,
spanner,51.51,5468,1,9.306,
spanner,51.52,5469,1,10.859,
spanner,51.53,5470,1,10.626,
spanner,51.54,5471,1,11.708,
spanner,51.56,5472,1,11.233,
spanner,51.57,5473,1,9.552,
spanner,51.58,5474,1,11.146,
spanner,51.59,5475,1,7.223,
spanner,51.60,5476,1,7.560,
spanner,51.60,5477,1,6.620,
spanner,51.61,5478,1,6.250,
spanner,51.62,5479,1,6.460,
spanner,51.62,5480,1,7.028,
spanner,51.63,5481,1,7.560,
spanner,51.64,5482,1,8.597,
spanner,51.65,5483,1,6.274,
spanner,51.65,5484,1,6.259,
spanner,51.66,5485,1,6.492,
spanner,51.66,5486,1,7.844,
spanner,51.67,5487,1,9.888,
spanner,51.68,5488,1,8.501,
spanner,51.69,5489,1,7.308,
spanner,51.70,5490,1,7.561,
spanner,51.71,5491,1,8.455,
spanner,51.71,5492,1,7.317,
spanner,51.72,5493,1,6.272,
spanner,51.73,5494,1,6.224,
spanner,51.73,5495,1,6.309,
spanner,51.74,5496,1,6.700,
spanner,51.75,5497,1,7.079,
spanner,51.75,5498,1,7.395,
spanner,51.76,5499,1,8.900,
spanner,51.77,5500,1,8.837,
spanner,51.78,5501,1,9.656,
spanner,51.79,5502,1,14.063,
spanner,51.80,5503,1,11.102,
spanner,51.81,5504,1,12.056,
spanner,51.83,5505,1,8.792,
spanner,51.84,5506,1,7.114,
spanner,51.84,5507,1,6.397,
spanner,51.85,5508,1,6.608,
spanner,51.86,5509,1,6.438,
spanner,51.86,5510,1,6.445,
spanner,51.87,5511,1,7.026,
spanner,51.88,5512,1,7.928,
spanner,51.88,5513,1,8.046,
spanner,51.89,5514,1,8.492,
spanner,51.90,5515,1,7.377,
spanner,51.91,5516,1,6.630,
spanner,51.91,5517,1,6.832,
spanner,51.92,5518,1,7.668,
spanner,51.93,5519,1,9.090,
spanner,51.94,5520,1,7.893,
spanner,51.95,5521,1,7.636,
spanner,51.95,5522,1,10.559,
spanner,51.96,5523,1,10.735,
spanner,51.97,5524,1,9.378,
spanner,51.98,5525,1,8.365,
spanner,51.99,5526,1,10.198,
spanner,52.00,5527,1,10.312,
spanner,52.01,5528,1,9.554,
spanner,52.02,5529,1,9.908,
spanner,52.03,5530,1,10.308,
spanner,52.04,5531,1,10.373,
spanner,52.05,5532,1,8.383,
spanner,52.06,5533,1,7.757,
spanner,52.07,5534,1,9.041,
spanner,52.08,5535,1,8.883,
spanner,52.09,5536,1,7.664,
spanner,52.10,5537,1,8.282,
spanner,52.10,5538,1,8.184,
spanner,52.11,5539,1,9.469,
spanner,52.12,5540,1,9.439,
spanner,52.13,5541,1,10.206,
spanner,52.14,5542,1,12.227,
spanner,52.15,5543,1,10.446,
spanner,52.16,5544,1,9.542,
spanner,52.17,5545,1,9.334,
spanner,52.18,5546,1,12.546,
spanner,52.20,5547,1,13.285,
spanner,52.21,5548,1,9.676,
spanner,52.22,5549,1,10.790,
spanner,52.23,5550,1,10.844,
spanner,52.24,5551,1,8.922,
spanner,52.25,5552,1,7.868,
spanner,52.26,5553,1,9.910,
spanner,52.27,5554,1,8.992,
spanner,52.28,5555,1,11.841,
spanner,52.29,5556,1,11.823,
spanner,52.30,5557,1,11.198,
spanner,52.31,5558,1,9.536,
spanner,52.32,5559,1,8.972,
spanner,52.33,5560,1,8.201,
spanner,52.34,5561,1,7.670,
spanner,52.35,5562,1,9.833,
spanner,52.36,5563,1,9.985,
spanner,52.37,5564,1,10.491,
spanner,52.38,5565,1,11.821,
spanner,52.39,5566,1,11.963,
spanner,52.40,5567,1,12.177,
spanner,52.41,5568,1,11.169,
spanner,52.42,5569,1,11.568,
spanner,52.43,5570,1,13.439,
spanner,52.45,5571,1,13.074,
spanner,52.46,5572,1,10.552,
spanner,52.47,5573,1,12.270,
spanner,52.48,5574,1,10.823,
spanner,52.50,5575,1,10.714,
spanner,52.51,5576,1,12.097,
spanner,52.52,5577,1,10.501,
spanner,52.53,5578,1,10.337,
spanner,52.54,5579,1,11.950,
spanner,52.55,5580,1,11.610,
spanner,52.56,5581,1,13.565,
spanner,52.58,5582,1,14.044,
spanner,52.59,5583,1,12.305,
spanner,52.60,5584,1,10.808,
spanner,52.61,5585,1,8.606,
spanner,52.62,5586,1,8.158,
spanner,52.63,5587,1,7.981,
spanner,52.64,5588,1,7.879,
spanner,52.65,5589,1,8.166,
spanner,52.65,5590,1,7.869,
spanner,52.66,5591,1,9.244,
spanner,52.67,5592,1,10.199,
spanner,52.68,5593,1,10.410,
spanner,52.69,5594,1,11.013,
spanner,52.70,5595,1,13.832,
spanner,52.72,5596,1,9.529,
spanner,52.73,5597,1,8.957,
spanner,52.74,5598,1,8.619,
spanner,52.74,5599,1,10.387,
spanner,52.75,5600,1,10.577,
spanner,52.77,5601,1,10.529,
spanner,52.78,5602,1,11.961,
spanner,52.79,5603,1,10.439,
spanner,52.80,5604,1,10.781,
spanner,52.81,5605,1,11.424,
spanner,52.82,5606,1,11.973,
spanner,52.83,5607,1,10.492,
spanner,52.84,5608,1,12.046,
spanner,52.86,5609,1,12.331,
spanner,52.87,5610,1,11.627,
spanner,52.88,5611,1,12.364,
spanner,52.89,5612,1,11.815,
spanner,52.90,5613,1,13.364,
spanner,52.92,5614,1,12.300,
spanner,52.93,5615,1,10.625,
spanner,52.94,5616,1,8.520,
spanner,52.95,5617,1,8.907,
spanner,52.96,5618,1,10.841,
spanner,52.97,5619,1,11.107,
spanner,52.98,5620,1,9.094,
spanner,52.99,5621,1,8.333,
spanner,53.00,5622,1,8.941,
spanner,53.01,5623,1,8.131,
spanner,53.01,5624,1,9.618,
spanner,53.02,5625,1,9.971,
spanner,53.03,5626,1,10.696,
spanner,53.04,5627,1,11.734,
spanner,53.06,5628,1,14.593,
spanner,53.07,5629,1,14.917,
spanner,53.09,5630,1,13.139,
spanner,53.10,5631,1,12.156,
spanner,53.11,5632,1,12.201,
spanner,53.12,5633,1,11.530,
spanner,53.14,5634,1,12.787,
spanner,53.15,5635,1,13.570,
spanner,53.16,5636,1,13.284,
spanner,53.18,5637,1,12.954,
spanner,53.19,5638,1,10.993,
spanner,53.20,5639,1,10.294,
spanner,53.21,5640,1,9.091,
spanner,53.22,5641,1,6.828,
spanner,53.23,5642,1,6.652,
spanner,53.23,5643,1,6.564,
spanner,53.24,5644,1,5.893,
spanner,53.24,5645,1,7.490,
spanner,53.25,5646,1,7.169,
spanner,53.26,5647,1,6.357,
spanner,53.27,5648,1,5.749,
spanner,53.27,5649,1,6.505,
spanner,53.28,5650,1,6.938,
spanner,53.29,5651,1,6.849,
spanner,53.29,5652,1,8.405,
spanner,53.30,5653,1,7.121,
spanner,53.31,5654,1,6.844,
spanner,53.31,5655,1,7.546,
spanner,53.32,5656,1,9.459,
spanner,53.33,5657,1,9.216,
spanner,53.34,5658,1,9.303,
spanner,53.35,5659,1,8.576,
spanner,53.36,5660,1,7.944,
spanner,53.37,5661,1,9.357,
spanner,53.38,5662,1,12.294,
spanner,53.39,5663,1,7.615,
spanner,53.40,5664,1,6.617,
spanner,53.40,5665,1,7.048,
spanner,53.41,5666,1,7.047,
spanner,53.42,5667,1,12.193,
spanner,53.43,5668,1,6.343,
spanner,53.44,5669,1,6.560,
spanner,53.44,5670,1,6.449,
spanner,53.45,5671,1,6.880,
spanner,53.46,5672,1,6.164,
spanner,53.46,5673,1,5.729,
spanner,53.47,5674,1,6.729,
spanner,53.47,5675,1,7.949,
spanner,53.48,5676,1,7.011,
spanner,53.49,5677,1,6.422,
spanner,53.50,5678,1,7.969,
spanner,53.50,5679,1,7.334,
spanner,53.51,5680,1,6.599,
spanner,53.52,5681,1,6.402,
spanner,53.52,5682,1,7.131,
spanner,53.53,5683,1,6.368,
spanner,53.54,5684,1,6.743,
spanner,53.54,5685,1,6.381,
spanner,53.55,5686,1,5.721,
spanner,53.56,5687,1,6.382,
spanner,53.56,5688,1,7.709,
spanner,53.57,5689,1,7.721,
spanner,53.58,5690,1,7.089,
spanner,53.59,5691,1,6.793,
spanner,53.59,5692,1,8.748,
spanner,53.60,5693,1,11.409,
spanner,53.61,5694,1,11.888,
spanner,53.62,5695,1,10.470,
spanner,53.64,5696,1,8.698,
spanner,53.64,5697,1,8.017,
spanner,53.65,5698,1,7.292,
spanner,53.66,5699,1,6.677,
spanner,53.67,5700,1,6.537,
spanner,53.67,5701,1,6.668,
spanner,53.68,5702,1,6.958,
spanner,53.69,5703,1,7.348,
spanner,53.69,5704,1,8.053,
spanner,53.70,5705,1,9.269,
spanner,53.71,5706,1,7.875,
spanner,53.72,5707,1,8.203,
spanner,53.73,5708,1,7.358,
spanner,53.73,5709,1,7.267,
spanner,53.74,5710,1,8.043,
spanner,53.75,5711,1,7.482,
spanner,53.76,5712,1,7.042,
spanner,53.76,5713,1,6.319,
spanner,53.77,5714,1,5.778,
spanner,53.78,5715,1,6.397,
spanner,53.78,5716,1,7.117,
spanner,53.79,5717,1,7.011,
spanner,53.80,5718,1,6.660,
spanner,53.80,5719,1,6.929,
spanner,53.81,5720,1,7.262,
spanner,53.82,5721,1,7.104,
spanner,53.83,5722,1,7.405,
spanner,53.83,5723,1,9.619,
spanner,53.84,5724,1,6.687,
spanner,53.85,5725,1,6.879,
spanner,53.86,5726,1,7.772,
spanner,53.86,5727,1,7.776,
spanner,53.87,5728,1,6.421,
spanner,53.88,5729,1,7.561,
spanner,53.89,5730,1,8.268,
spanner,53.89,5731,1,7.697,
spanner,53.90,5732,1,6.638,
spanner,53.91,5733,1,6.834,
spanner,53.91,5734,1,6.224,
spanner,53.92,5735,1,7.791,
spanner,53.93,5736,1,10.080,
spanner,53.94,5737,1,9.987,
spanner,53.95,5738,1,9.617,
spanner,53.96,5739,1,9.797,
spanner,53.97,5740,1,8.101,
spanner,53.98,5741,1,8.872,
spanner,53.99,5742,1,10.881,
spanner,54.00,5743,1,7.614,
spanner,54.00,5744,1,7.064,
spanner,54.01,5745,1,8.208,
spanner,54.02,5746,1,7.177,
spanner,54.03,5747,1,7.857,
spanner,54.03,5748,1,8.908,
spanner,54.04,5749,1,9.787,
spanner,54.05,5750,1,9.285,
spanner,54.06,5751,1,8.307,
spanner,54.07,5752,1,11.514,
spanner,54.08,5753,1,11.869,
spanner,54.09,5754,1,10.948,
spanner,54.11,5755,1,8.574,
spanner,54.11,5756,1,8.689,
spanner,54.12,5757,1,10.098,
spanner,54.13,5758,1,10.194,
spanner,54.14,5759,1,9.409,
spanner,54.15,5760,1,12.286,
spanner,54.17,5761,1,11.305,
spanner,54.18,5762,1,12.225,
spanner,54.19,5763,1,10.835,
spanner,54.20,5764,1,9.315,
spanner,54.21,5765,1,8.716,
spanner,54.22,5766,1,8.101,
spanner,54.23,5767,1,8.507,
spanner,54.23,5768,1,8.125,
spanner,54.24,5769,1,8.565,
spanner,54.25,5770,1,8.372,
spanner,54.26,5771,1,7.299,
spanner,54.27,5772,1,7.362,
spanner,54.27,5773,1,7.441,
spanner,54.28,5774,1,6.865,
spanner,54.29,5775,1,7.191,
spanner,54.30,5776,1,8.505,
spanner,54.30,5777,1,8.666,
spanner,54.31,5778,1,7.471,
spanner,54.32,5779,1,7.357,
spanner,54.33,5780,1,8.884,
spanner,54.34,5781,1,12.398,
spanner,54.35,5782,1,10.446,
spanner,54.36,5783,1,9.991,
spanner,54.37,5784,1,12.207,
spanner,54.38,5785,1,11.357,
spanner,54.39,5786,1,11.175,
spanner,54.40,5787,1,9.959,
spanner,54.41,5788,1,10.681,
spanner,54.43,5789,1,9.610,
spanner,54.43,5790,1,11.655,
spanner,54.45,5791,1,11.474,
spanner,54.46,5792,1,9.667,
spanner,54.47,5793,1,10.705,
spanner,54.48,5794,1,10.888,
spanner,54.49,5795,1,10.003,
spanner,54.50,5796,1,10.666,
spanner,54.51,5797,1,13.502,
spanner,54.52,5798,1,13.314,
spanner,54.54,5799,1,12.902,
spanner,54.55,5800,1,12.209,
spanner,54.56,5801,1,12.725,
spanner,54.58,5802,1,11.676,
spanner,54.59,5803,1,9.337,
spanner,54.60,5804,1,11.900,
spanner,54.61,5805,1,10.209,
spanner,54.62,5806,1,10.887,
spanner,54.63,5807,1,10.225,
spanner,54.64,5808,1,12.495,
spanner,54.65,5809,1,10.565,
spanner,54.66,5810,1,9.469,
spanner,54.67,5811,1,8.589,
spanner,54.68,5812,1,8.648,
spanner,54.69,5813,1,11.739,
spanner,54.70,5814,1,14.195,
spanner,54.72,5815,1,9.377,
spanner,54.73,5816,1,8.174,
spanner,54.73,5817,1,8.445,
spanner,54.74,5818,1,8.591,
spanner,54.75,5819,1,7.989,
spanner,54.76,5820,1,8.815,
spanner,54.77,5821,1,8.644,
spanner,54.78,5822,1,10.889,
spanner,54.79,5823,1,9.127,
spanner,54.80,5824,1,8.510,
spanner,54.80,5825,1,7.989,
spanner,54.81,5826,1,7.324,
spanner,54.82,5827,1,9.230,
spanner,54.83,5828,1,10.636,
spanner,54.84,5829,1,11.106,
spanner,54.85,5830,1,12.129,
spanner,54.86,5831,1,12.040,
spanner,54.88,5832,1,11.103,
spanner,54.89,5833,1,10.144,
spanner,54.90,5834,1,10.393,
spanner,54.91,5835,1,13.141,
spanner,54.92,5836,1,13.498,
spanner,54.93,5837,1,11.795,
spanner,54.95,5838,1,12.507,
spanner,54.96,5839,1,11.574,
spanner,54.97,5840,1,10.184,
spanner,54.98,5841,1,11.204,
spanner,54.99,5842,1,14.839,
spanner,55.01,5843,1,13.093,
spanner,55.02,5844,1,14.256,
spanner,55.03,5845,1,13.091,
spanner,55.05,5846,1,12.768,
spanner,55.06,5847,1,12.193,
spanner,55.07,5848,1,10.407,
spanner,55.08,5849,1,6.562,
spanner,55.09,5850,1,6.085,
spanner,55.09,5851,1,7.057,
spanner,55.10,5852,1,10.966,
spanner,55.11,5853,1,9.120,
spanner,55.12,5854,1,8.721,
spanner,55.13,5855,1,9.814,
spanner,55.14,5856,1,9.137,
spanner,55.15,5857,1,8.167,
spanner,55.16,5858,1,7.033,
spanner,55.17,5859,1,8.291,
spanner,55.17,5860,1,8.001,
spanner,55.18,5861,1,7.484,
spanner,55.19,5862,1,8.607,
spanner,55.20,5863,1,6.978,
spanner,55.20,5864,1,6.301,
spanner,55.21,5865,1,6.272,
spanner,55.22,5866,1,6.266,
spanner,55.22,5867,1,6.216,
spanner,55.23,5868,1,6.197,
spanner,55.24,5869,1,5.977,
spanner,55.24,5870,1,6.955,
spanner,55.25,5871,1,6.775,
spanner,55.26,5872,1,7.686,
spanner,55.26,5873,1,6.955,
spanner,55.27,5874,1,7.052,
spanner,55.28,5875,1,6.391,
spanner,55.28,5876,1,6.497,
spanner,55.29,5877,1,6.572,
spanner,55.30,5878,1,6.149,
spanner,55.30,5879,1,6.269,
spanner,55.31,5880,1,6.704,
spanner,55.32,5881,1,6.233,
spanner,55.32,5882,1,6.818,
spanner,55.33,5883,1,6.727,
spanner,55.34,5884,1,5.918,
spanner,55.34,5885,1,6.852,
spanner,55.35,5886,1,7.011,
spanner,55.36,5887,1,7.656,
spanner,55.36,5888,1,8.800,
spanner,55.37,5889,1,8.991,
spanner,55.38,5890,1,8.060,
spanner,55.39,5891,1,9.035,
spanner,55.40,5892,1,7.320,
spanner,55.41,5893,1,8.741,
spanner,55.41,5894,1,10.610,
spanner,55.43,5895,1,8.757,
spanner,55.43,5896,1,6.714,
spanner,55.44,5897,1,6.440,
spanner,55.45,5898,1,6.185,
spanner,55.45,5899,1,6.999,
spanner,55.46,5900,1,6.334,
spanner,55.47,5901,1,8.089,
spanner,55.48,5902,1,9.635,
spanner,55.48,5903,1,12.458,
spanner,55.50,5904,1,10.255,
spanner,55.51,5905,1,9.441,
spanner,55.52,5906,1,10.678,
spanner,55.53,5907,1,9.011,
spanner,55.54,5908,1,8.620,
spanner,55.55,5909,1,9.041,
spanner,55.55,5910,1,9.815,
spanner,55.56,5911,1,7.425,
spanner,55.57,5912,1,6.598,
spanner,55.58,5913,1,6.623,
spanner,55.59,5914,1,6.744,
spanner,55.59,5915,1,6.795,
spanner,55.60,5916,1,7.987,
spanner,55.61,5917,1,6.996,
spanner,55.61,5918,1,7.634,
spanner,55.62,5919,1,7.858,
spanner,55.63,5920,1,8.407,
spanner,55.64,5921,1,10.189,
spanner,55.65,5922,1,13.565,
spanner,55.66,5923,1,11.927,
spanner,55.67,5924,1,9.004,
spanner,55.68,5925,1,8.168,
spanner,55.69,5926,1,8.891,
spanner,55.70,5927,1,11.451,
spanner,55.71,5928,1,8.024,
spanner,55.72,5929,1,6.521,
spanner,55.73,5930,1,6.706,
spanner,55.73,5931,1,6.624,
spanner,55.74,5932,1,7.956,
spanner,55.75,5933,1,7.591,
spanner,55.76,5934,1,6.680,
spanner,55.76,5935,1,6.500,
spanner,55.77,5936,1,7.304,
spanner,55.78,5937,1,9.243,
spanner,55.78,5938,1,8.425,
spanner,55.79,5939,1,8.944,
spanner,55.80,5940,1,8.783,
spanner,55.81,5941,1,8.244,
spanner,55.82,5942,1,9.385,
spanner,55.83,5943,1,9.311,
spanner,55.84,5944,1,8.877,
spanner,55.85,5945,1,8.485,
spanner,55.86,5946,1,10.892,
spanner,55.87,5947,1,11.641,
spanner,55.88,5948,1,11.763,
spanner,55.89,5949,1,11.893,
spanner,55.90,5950,1,9.711,
spanner,55.91,5951,1,11.056,
spanner,55.92,5952,1,12.047,
spanner,55.93,5953,1,10.855,
spanner,55.95,5954,1,9.414,
spanner,55.96,5955,1,9.476,
spanner,55.96,5956,1,8.933,
spanner,55.97,5957,1,8.221,
spanner,55.98,5958,1,8.065,
spanner,55.99,5959,1,7.458,
spanner,56.00,5960,1,7.460,
spanner,56.01,5961,1,9.092,
spanner,56.01,5962,1,11.101,
spanner,56.03,5963,1,10.394,
spanner,56.04,5964,1,10.977,
spanner,56.05,5965,1,8.572,
spanner,56.06,5966,1,8.644,
spanner,56.06,5967,1,7.518,
spanner,56.07,5968,1,7.042,
spanner,56.08,5969,1,7.479,
spanner,56.09,5970,1,7.335,
spanner,56.09,5971,1,7.198,
spanner,56.10,5972,1,9.932,
spanner,56.11,5973,1,11.094,
spanner,56.12,5974,1,11.528,
spanner,56.13,5975,1,9.076,
spanner,56.14,5976,1,10.862,
spanner,56.15,5977,1,10.709,
spanner,56.16,5978,1,9.657,
spanner,56.17,5979,1,9.547,
spanner,56.18,5980,1,9.789,
spanner,56.19,5981,1,11.439,
spanner,56.20,5982,1,11.787,
spanner,56.22,5983,1,9.453,
spanner,56.23,5984,1,8.410,
spanner,56.23,5985,1,7.678,
spanner,56.24,5986,1,7.155,
spanner,56.25,5987,1,7.534,
spanner,56.26,5988,1,7.703,
spanner,56.26,5989,1,7.673,
spanner,56.27,5990,1,7.706,
spanner,56.28,5991,1,7.802,
spanner,56.29,5992,1,7.569,
spanner,56.30,5993,1,7.582,
spanner,56.30,5994,1,7.299,
spanner,56.31,5995,1,7.318,
spanner,56.32,5996,1,8.366,
spanner,56.33,5997,1,9.019,
spanner,56.34,5998,1,9.682,
spanner,56.35,5999,1,9.587,
spanner,56.35,6000,1,9.600,
spanner,56.36,6001,1,10.194,
spanner,56.37,6002,1,12.456,
spanner,56.39,6003,1,10.507,
spanner,56.40,6004,1,10.847,
spanner,56.41,6005,1,9.657,
spanner,56.42,6006,1,10.691,
spanner,56.43,6007,1,11.389,
spanner,56.44,6008,1,10.904,
spanner,56.45,6009,1,11.280,
spanner,56.46,6010,1,13.620,
spanner,56.48,6011,1,12.466,
spanner,56.49,6012,1,11.735,
spanner,56.50,6013,1,12.383,
spanner,56.51,6014,1,13.043,
spanner,56.53,6015,1,11.776,
spanner,56.54,6016,1,11.962,
spanner,56.55,6017,1,11.964,
spanner,56.56,6018,1,12.776,
spanner,56.57,6019,1,12.014,
spanner,56.59,6020,1,9.069,
spanner,56.60,6021,1,8.855,
spanner,56.60,6022,1,9.201,
spanner,56.61,6023,1,8.040,
spanner,56.62,6024,1,9.128,
spanner,56.63,6025,1,10.574,
spanner,56.64,6026,1,10.413,
spanner,56.65,6027,1,10.838,
spanner,56.66,6028,1,9.898,
spanner,56.67,6029,1,9.815,
spanner,56.68,6030,1,11.829,
spanner,56.69,6031,1,13.755,
spanner,56.71,6032,1,11.472,
spanner,56.72,6033,1,13.895,
spanner,56.73,6034,1,10.614,
spanner,56.74,6035,1,10.368,
spanner,56.76,6036,1,11.575,
spanner,56.77,6037,1,11.921,
spanner,56.78,6038,1,11.054,
spanner,56.79,6039,1,9.920,
spanner,56.80,6040,1,12.568,
spanner,56.81,6041,1,12.328,
spanner,56.82,6042,1,14.163,
spanner,56.84,6043,1,13.424,
spanner,56.85,6044,1,13.135,
spanner,56.87,6045,1,11.276,
spanner,56.88,6046,1,10.001,
spanner,56.89,6047,1,10.819,
spanner,56.90,6048,1,12.329,
spanner,56.91,6049,1,12.359,
spanner,56.92,6050,1,13.539,
spanner,56.94,6051,1,11.397,
spanner,56.95,6052,1,9.967,
spanner,56.96,6053,1,8.758,
spanner,56.97,6054,1,8.493,
spanner,56.98,6055,1,8.499,
spanner,56.98,6056,1,8.171,
spanner,56.99,6057,1,6.729,
spanner,57.00,6058,1,6.150,
spanner,57.00,6059,1,6.080,
spanner,57.01,6060,1,6.667,
spanner,57.02,6061,1,7.163,
spanner,57.02,6062,1,8.950,
spanner,57.03,6063,1,8.869,
spanner,57.04,6064,1,7.001,
spanner,57.05,6065,1,6.860,
spanner,57.06,6066,1,6.719,
spanner,57.06,6067,1,6.018,
spanner,57.07,6068,1,6.228,
spanner,57.08,6069,1,6.580,
spanner,57.08,6070,1,7.205,
spanner,57.09,6071,1,7.193,
spanner,57.10,6072,1,6.632,
spanner,57.10,6073,1,6.572,
spanner,57.11,6074,1,6.560,
spanner,57.12,6075,1,6.260,
spanner,57.12,6076,1,6.864,
spanner,57.13,6077,1,10.674,
spanner,57.14,6078,1,8.874,
spanner,57.15,6079,1,6.743,
spanner,57.16,6080,1,6.310,
spanner,57.16,6081,1,7.675,
spanner,57.17,6082,1,7.517,
spanner,57.18,6083,1,6.937,
spanner,57.18,6084,1,6.280,
spanner,57.19,6085,1,7.944,
spanner,57.20,6086,1,11.128,
spanner,57.21,6087,1,12.622,
spanner,57.22,6088,1,10.406,
spanner,57.23,6089,1,12.363,
spanner,57.25,6090,1,9.883,
spanner,57.26,6091,1,7.078,
spanner,57.26,6092,1,6.509,
spanner,57.27,6093,1,6.510,
spanner,57.28,6094,1,6.746,
spanner,57.28,6095,1,6.993,
spanner,57.29,6096,1,6.685,
spanner,57.30,6097,1,6.488,
spanner,57.30,6098,1,6.300,
spanner,57.31,6099,1,6.361,
spanner,57.32,6100,1,7.027,
spanner,57.32,6101,1,6.723,
spanner,57.33,6102,1,8.404,
spanner,57.34,6103,1,8.330,
spanner,57.35,6104,1,10.634,
spanner,57.36,6105,1,10.560,
spanner,57.37,6106,1,9.508,
spanner,57.38,6107,1,9.040,
spanner,57.39,6108,1,6.998,
spanner,57.39,6109,1,6.570,
spanner,57.40,6110,1,6.455,
spanner,57.41,6111,1,6.448,
spanner,57.41,6112,1,6.528,
spanner,57.42,6113,1,6.666,
spanner,57.43,6114,1,7.848,
spanner,57.43,6115,1,6.815,
spanner,57.44,6116,1,6.715,
spanner,57.45,6117,1,6.624,
spanner,57.45,6118,1,6.736,
spanner,57.46,6119,1,7.123,
spanner,57.47,6120,1,6.005,
spanner,57.47,6121,1,6.186,
spanner,57.48,6122,1,6.256,
spanner,57.49,6123,1,7.391,
spanner,57.49,6124,1,7.862,
spanner,57.50,6125,1,9.598,
spanner,57.51,6126,1,9.481,
spanner,57.52,6127,1,9.989,
spanner,57.53,6128,1,8.859,
spanner,57.54,6129,1,10.373,
spanner,57.55,6130,1,9.672,
spanner,57.56,6131,1,9.772,
spanner,57.57,6132,1,9.094,
spanner,57.58,6133,1,7.896,
spanner,57.59,6134,1,8.306,
spanner,57.60,6135,1,11.446,
spanner,57.61,6136,1,11.342,
spanner,57.62,6137,1,8.132,
spanner,57.63,6138,1,6.972,
spanner,57.63,6139,1,6.971,
spanner,57.64,6140,1,7.225,
spanner,57.65,6141,1,6.958,
spanner,57.65,6142,1,7.438,
spanner,57.66,6143,1,7.065,
spanner,57.67,6144,1,6.815,
spanner,57.68,6145,1,6.540,
spanner,57.68,6146,1,7.069,
spanner,57.69,6147,1,9.849,
spanner,57.70,6148,1,10.140,
spanner,57.71,6149,1,8.325,
spanner,57.72,6150,1,7.797,
spanner,57.73,6151,1,7.716,
spanner,57.73,6152,1,6.635,
spanner,57.74,6153,1,6.319,
spanner,57.75,6154,1,7.510,
spanner,57.75,6155,1,8.475,
spanner,57.76,6156,1,10.020,
spanner,57.77,6157,1,8.764,
spanner,57.78,6158,1,9.096,
spanner,57.79,6159,1,10.388,
spanner,57.80,6160,1,11.122,
spanner,57.81,6161,1,11.692,
spanner,57.82,6162,1,9.926,
spanner,57.83,6163,1,9.355,
spanner,57.84,6164,1,9.026,
spanner,57.85,6165,1,10.148,
spanner,57.86,6166,1,11.510,
spanner,57.87,6167,1,11.329,
spanner,57.89,6168,1,10.437,
spanner,57.90,6169,1,10.560,
spanner,57.91,6170,1,11.237,
spanner,57.92,6171,1,10.573,
spanner,57.93,6172,1,7.735,
spanner,57.94,6173,1,7.414,
spanner,57.94,6174,1,7.782,
spanner,57.95,6175,1,10.834,
spanner,57.96,6176,1,10.616,
spanner,57.97,6177,1,9.097,
spanner,57.98,6178,1,11.176,
spanner,57.99,6179,1,10.557,
spanner,58.00,6180,1,12.026,
spanner,58.02,6181,1,12.117,
spanner,58.03,6182,1,11.545,
spanner,58.04,6183,1,10.677,
spanner,58.05,6184,1,9.728,
spanner,58.06,6185,1,8.214,
spanner,58.07,6186,1,10.596,
spanner,58.08,6187,1,12.316,
spanner,58.09,6188,1,10.885,
spanner,58.10,6189,1,9.839,
spanner,58.11,6190,1,12.703,
spanner,58.13,6191,1,8.298,
spanner,58.13,6192,1,11.401,
spanner,58.14,6193,1,10.126,
spanner,58.15,6194,1,12.453,
spanner,58.17,6195,1,9.742,
spanner,58.18,6196,1,8.296,
spanner,58.19,6197,1,9.108,
spanner,58.19,6198,1,11.316,
spanner,58.21,6199,1,11.629,
spanner,58.22,6200,1,9.640,
spanner,58.23,6201,1,8.455,
spanner,58.24,6202,1,8.619,
spanner,58.24,6203,1,8.469,
spanner,58.25,6204,1,8.178,
spanner,58.26,6205,1,9.105,
spanner,58.27,6206,1,10.929,
spanner,58.28,6207,1,10.092,
spanner,58.29,6208,1,8.049,
spanner,58.30,6209,1,7.770,
spanner,58.31,6210,1,7.656,
spanner,58.32,6211,1,7.615,
spanner,58.32,6212,1,8.664,
spanner,58.33,6213,1,9.045,
spanner,58.34,6214,1,11.204,
spanner,58.35,6215,1,9.978,
spanner,58.36,6216,1,10.439,
spanner,58.37,6217,1,11.154,
spanner,58.38,6218,1,10.853,
spanner,58.39,6219,1,10.986,
spanner,58.41,6220,1,9.272,
spanner,58.41,6221,1,9.836,
spanner,58.42,6222,1,11.853,
spanner,58.44,6223,1,9.693,
spanner,58.45,6224,1,10.432,
spanner,58.46,6225,1,10.522,
spanner,58.47,6226,1,9.657,
spanner,58.48,6227,1,8.835,
spanner,58.49,6228,1,9.914,
spanner,58.50,6229,1,9.824,
spanner,58.51,6230,1,11.374,
spanner,58.52,6231,1,12.491,
spanner,58.53,6232,1,10.603,
spanner,58.54,6233,1,9.042,
spanner,58.55,6234,1,10.091,
spanner,58.56,6235,1,12.801,
spanner,58.57,6236,1,10.969,
spanner,58.58,6237,1,10.331,
spanner,58.59,6238,1,11.950,
spanner,58.61,6239,1,10.508,
spanner,58.62,6240,1,8.692,
spanner,58.62,6241,1,9.016,
spanner,58.63,6242,1,9.849,
spanner,58.64,6243,1,10.319,
spanner,58.65,6244,1,11.389,
spanner,58.67,6245,1,11.237,
spanner,58.68,6246,1,13.593,
spanner,58.69,6247,1,13.210,
spanner,58.70,6248,1,10.834,
spanner,58.71,6249,1,10.886,
spanner,58.73,6250,1,13.585,
spanner,58.74,6251,1,12.724,
spanner,58.75,6252,1,11.637,
spanner,58.76,6253,1,13.121,
spanner,58.78,6254,1,12.844,
spanner,58.79,6255,1,14.869,
spanner,58.80,6256,1,10.956,
spanner,58.82,6257,1,9.142,
spanner,58.82,6258,1,9.044,
spanner,58.83,6259,1,7.587,
spanner,58.84,6260,1,9.877,
spanner,58.85,6261,1,9.431,
spanner,58.86,6262,1,9.363,
spanner,58.87,6263,1,11.275,
spanner,58.88,6264,1,12.107,
spanner,58.89,6265,1,13.684,
spanner,58.91,6266,1,11.712,
spanner,58.92,6267,1,11.918,
spanner,58.93,6268,1,9.769,
spanner,58.94,6269,1,10.657,
spanner,58.95,6270,1,8.647,
spanner,58.96,6271,1,6.605,
spanner,58.97,6272,1,6.028,
spanner,58.97,6273,1,6.386,
spanner,58.98,6274,1,7.203,
spanner,58.99,6275,1,7.181,
spanner,58.99,6276,1,8.884,
spanner,59.00,6277,1,9.424,
spanner,59.01,6278,1,8.015,
spanner,59.02,6279,1,9.655,
spanner,59.03,6280,1,7.864,
spanner,59.04,6281,1,6.433,
spanner,59.04,6282,1,6.852,
spanner,59.05,6283,1,6.678,
spanner,59.06,6284,1,6.527,
spanner,59.06,6285,1,7.684,
spanner,59.07,6286,1,10.206,
spanner,59.08,6287,1,11.701,
spanner,59.09,6288,1,9.949,
spanner,59.10,6289,1,7.201,
spanner,59.11,6290,1,6.684,
spanner,59.12,6291,1,6.519,
spanner,59.12,6292,1,6.667,
spanner,59.13,6293,1,6.396,
spanner,59.14,6294,1,6.417,
spanner,59.14,6295,1,6.451,
spanner,59.15,6296,1,6.264,
spanner,59.16,6297,1,6.599,
spanner,59.16,6298,1,6.378,
spanner,59.17,6299,1,7.205,
spanner,59.18,6300,1,6.310,
spanner,59.18,6301,1,6.218,
spanner,59.19,6302,1,6.403,
spanner,59.20,6303,1,7.679,
spanner,59.20,6304,1,7.300,
spanner,59.21,6305,1,6.718,
spanner,59.22,6306,1,7.087,
spanner,59.23,6307,1,7.019,
spanner,59.23,6308,1,9.049,
spanner,59.24,6309,1,9.284,
spanner,59.25,6310,1,10.462,
spanner,59.26,6311,1,9.181,
spanner,59.27,6312,1,9.073,
spanner,59.28,6313,1,10.660,
spanner,59.29,6314,1,11.621,
spanner,59.30,6315,1,11.559,
spanner,59.31,6316,1,11.773,
spanner,59.33,6317,1,12.037,
spanner,59.34,6318,1,10.905,
spanner,59.35,6319,1,7.513,
spanner,59.36,6320,1,6.626,
spanner,59.36,6321,1,6.596,
spanner,59.37,6322,1,8.722,
spanner,59.38,6323,1,8.964,
spanner,59.39,6324,1,6.706,
spanner,59.39,6325,1,6.843,
spanner,59.40,6326,1,5.982,
spanner,59.41,6327,1,6.592,
spanner,59.41,6328,1,7.014,
spanner,59.42,6329,1,7.220,
spanner,59.43,6330,1,6.844,
spanner,59.43,6331,1,6.754,
spanner,59.44,6332,1,6.715,
spanner,59.45,6333,1,6.646,
spanner,59.45,6334,1,6.068,
spanner,59.46,6335,1,6.946,
spanner,59.47,6336,1,7.641,
spanner,59.48,6337,1,6.643,
spanner,59.48,6338,1,8.077,
spanner,59.49,6339,1,9.467,
spanner,59.50,6340,1,7.680,
spanner,59.51,6341,1,7.100,
spanner,59.51,6342,1,10.624,
spanner,59.52,6343,1,8.535,
spanner,59.53,6344,1,7.953,
spanner,59.54,6345,1,6.837,
spanner,59.55,6346,1,6.481,
spanner,59.55,6347,1,6.126,
spanner,59.56,6348,1,6.838,
spanner,59.57,6349,1,7.642,
spanner,59.58,6350,1,8.444,
spanner,59.58,6351,1,7.996,
spanner,59.59,6352,1,7.716,
spanner,59.60,6353,1,7.671,
spanner,59.61,6354,1,6.592,
spanner,59.61,6355,1,6.614,
spanner,59.62,6356,1,6.639,
spanner,59.63,6357,1,6.745,
spanner,59.63,6358,1,7.470,
spanner,59.64,6359,1,7.492,
spanner,59.65,6360,1,7.618,
spanner,59.66,6361,1,10.068,
spanner,59.67,6362,1,8.548,
spanner,59.68,6363,1,7.583,
spanner,59.68,6364,1,6.962,
spanner,59.69,6365,1,6.395,
spanner,59.70,6366,1,7.475,
spanner,59.70,6367,1,7.658,
spanner,59.71,6368,1,7.357,
spanner,59.72,6369,1,6.816,
spanner,59.73,6370,1,7.163,
spanner,59.73,6371,1,7.263,
spanner,59.74,6372,1,7.005,
spanner,59.75,6373,1,6.619,
spanner,59.75,6374,1,7.497,
spanner,59.76,6375,1,6.901,
spanner,59.77,6376,1,7.217,
spanner,59.78,6377,1,9.021,
spanner,59.78,6378,1,10.827,
spanner,59.80,6379,1,11.911,
spanner,59.81,6380,1,11.983,
spanner,59.82,6381,1,11.243,
spanner,59.83,6382,1,11.773,
spanner,59.84,6383,1,11.465,
spanner,59.85,6384,1,10.724,
spanner,59.87,6385,1,10.991,
spanner,59.88,6386,1,11.090,
spanner,59.89,6387,1,11.308,
spanner,59.90,6388,1,10.782,
spanner,59.91,6389,1,10.922,
spanner,59.92,6390,1,12.231,
spanner,59.93,6391,1,10.009,
spanner,59.94,6392,1,10.886,
spanner,59.95,6393,1,10.078,
spanner,59.96,6394,1,10.836,
spanner,59.97,6395,1,12.688,
spanner,59.99,6396,1,11.514,
spanner,60.00,6397,1,11.744,
spanner,60.01,6398,1,11.344,
spanner,60.02,6399,1,14.448,
spanner,60.04,6400,1,11.789,
spanner,60.05,6401,1,12.318,
spanner,60.06,6402,1,13.236,
spanner,60.07,6403,1,12.860,
spanner,60.09,6404,1,12.226,
spanner,60.10,6405,1,11.437,
spanner,60.11,6406,1,11.689,
spanner,60.12,6407,1,11.193,
spanner,60.13,6408,1,8.224,
spanner,60.14,6409,1,8.254,
spanner,60.15,6410,1,11.224,
spanner,60.16,6411,1,12.635,
spanner,60.17,6412,1,11.872,
spanner,60.19,6413,1,8.424,
spanner,60.19,6414,1,7.455,
spanner,60.20,6415,1,8.249,
spanner,60.21,6416,1,7.964,
spanner,60.22,6417,1,7.117,
spanner,60.23,6418,1,8.855,
spanner,60.23,6419,1,10.103,
spanner,60.24,6420,1,9.382,
spanner,60.25,6421,1,9.495,
spanner,60.26,6422,1,11.660,
spanner,60.28,6423,1,10.717,
spanner,60.29,6424,1,12.286,
spanner,60.30,6425,1,11.783,
spanner,60.31,6426,1,12.371,
spanner,60.32,6427,1,11.335,
spanner,60.33,6428,1,8.980,
spanner,60.34,6429,1,9.639,
spanner,60.35,6430,1,9.746,
spanner,60.36,6431,1,8.252,
spanner,60.37,6432,1,8.660,
spanner,60.38,6433,1,8.793,
spanner,60.39,6434,1,8.615,
spanner,60.40,6435,1,8.774,
spanner,60.41,6436,1,7.923,
spanner,60.41,6437,1,7.562,
spanner,60.42,6438,1,8.402,
spanner,60.43,6439,1,9.868,
spanner,60.44,6440,1,8.319,
spanner,60.45,6441,1,7.898,
spanner,60.46,6442,1,8.576,
spanner,60.46,6443,1,7.691,
spanner,60.47,6444,1,8.007,
spanner,60.48,6445,1,8.431,
spanner,60.49,6446,1,8.611,
spanner,60.50,6447,1,7.680,
spanner,60.50,6448,1,7.466,
spanner,60.51,6449,1,7.571,
spanner,60.52,6450,1,7.561,
spanner,60.53,6451,1,8.028,
spanner,60.54,6452,1,9.966,
spanner,60.55,6453,1,10.678,
spanner,60.56,6454,1,10.159,
spanner,60.57,6455,1,12.148,
spanner,60.58,6456,1,12.704,
spanner,60.59,6457,1,13.646,
spanner,60.61,6458,1,12.201,
spanner,60.62,6459,1,10.780,
spanner,60.63,6460,1,9.898,
spanner,60.64,6461,1,9.493,
spanner,60.65,6462,1,9.446,
spanner,60.66,6463,1,8.661,
spanner,60.67,6464,1,8.264,
spanner,60.67,6465,1,9.318,
spanner,60.68,6466,1,10.332,
spanner,60.69,6467,1,8.808,
spanner,60.70,6468,1,9.292,
spanner,60.71,6469,1,8.046,
spanner,60.72,6470,1,8.015,
spanner,60.73,6471,1,9.558,
spanner,60.74,6472,1,10.998,
spanner,60.75,6473,1,12.004,
spanner,60.76,6474,1,10.937,
spanner,60.77,6475,1,10.047,
spanner,60.78,6476,1,9.205,
spanner,60.79,6477,1,10.445,
spanner,60.80,6478,1,10.140,
spanner,60.81,6479,1,10.963,
spanner,60.82,6480,1,11.365,
spanner,60.83,6481,1,6.901,
spanner,60.84,6482,1,7.770,
spanner,60.85,6483,1,7.530,
spanner,60.86,6484,1,6.481,
spanner,60.86,6485,1,6.866,
spanner,60.87,6486,1,6.343,
spanner,60.88,6487,1,6.319,
spanner,60.88,6488,1,6.087,
spanner,60.89,6489,1,5.819,
spanner,60.89,6490,1,5.934,
spanner,60.90,6491,1,6.829,
spanner,60.91,6492,1,7.675,
spanner,60.92,6493,1,10.618,
spanner,60.93,6494,1,10.286,
spanner,60.94,6495,1,11.129,
spanner,60.95,6496,1,10.005,
spanner,60.96,6497,1,7.592,
spanner,60.96,6498,1,7.306,
spanner,60.97,6499,1,7.171,
spanner,60.98,6500,1,8.435,
spanner,60.99,6501,1,8.510,
spanner,61.00,6502,1,33.994,
spanner,61.03,6503,1,13.300,
spanner,61.04,6504,1,12.519,
spanner,61.06,6505,1,12.208,
spanner,61.07,6506,1,11.692,
spanner,61.08,6507,1,11.483,
spanner,61.09,6508,1,10.883,
spanner,61.10,6509,1,11.585,
spanner,61.11,6510,1,11.015,
spanner,61.13,6511,1,12.289,
spanner,61.14,6512,1,10.789,
spanner,61.15,6513,1,10.460,
spanner,61.16,6514,1,10.424,
spanner,61.17,6515,1,9.779,
spanner,61.18,6516,1,12.470,
spanner,61.19,6517,1,9.477,
spanner,61.20,6518,1,8.270,
spanner,61.21,6519,1,6.499,
spanner,61.22,6520,1,6.902,
spanner,61.22,6521,1,7.096,
spanner,61.23,6522,1,9.241,
spanner,61.24,6523,1,7.995,
spanner,61.25,6524,1,9.431,
spanner,61.26,6525,1,16.002,
spanner,61.27,6526,1,12.506,
spanner,61.29,6527,1,10.429,
spanner,61.30,6528,1,10.027,
spanner,61.31,6529,1,9.934,
spanner,61.32,6530,1,8.282,
spanner,61.32,6531,1,9.120,
spanner,61.33,6532,1,7.552,
spanner,61.34,6533,1,7.728,
spanner,61.35,6534,1,8.344,
spanner,61.36,6535,1,8.383,
spanner,61.37,6536,1,7.883,
spanner,61.37,6537,1,11.488,
spanner,61.39,6538,1,11.038,
spanner,61.40,6539,1,7.797,
spanner,61.40,6540,1,6.965,
spanner,61.41,6541,1,7.295,
spanner,61.42,6542,1,7.839,
spanner,61.43,6543,1,7.502,
spanner,61.43,6544,1,7.510,
spanner,61.44,6545,1,7.024,
spanner,61.45,6546,1,6.987,
spanner,61.46,6547,1,6.849,
spanner,61.46,6548,1,7.097,
spanner,61.47,6549,1,7.003,
spanner,61.48,6550,1,7.582,
spanner,61.48,6551,1,7.063,
spanner,61.49,6552,1,7.391,
spanner,61.50,6553,1,7.199,
spanner,61.51,6554,1,7.021,
spanner,61.51,6555,1,7.106,
spanner,61.52,6556,1,6.698,
spanner,61.53,6557,1,6.764,
spanner,61.53,6558,1,7.166,
spanner,61.54,6559,1,10.953,
spanner,61.55,6560,1,9.411,
spanner,61.56,6561,1,9.267,
spanner,61.57,6562,1,9.242,
spanner,61.58,6563,1,9.003,
spanner,61.59,6564,1,7.746,
spanner,61.60,6565,1,8.266,
spanner,61.60,6566,1,8.954,
spanner,61.61,6567,1,7.576,
spanner,61.62,6568,1,8.010,
spanner,61.63,6569,1,9.683,
spanner,61.64,6570,1,9.602,
spanner,61.65,6571,1,9.310,
spanner,61.66,6572,1,9.128,
spanner,61.67,6573,1,9.938,
spanner,61.68,6574,1,8.440,
spanner,61.69,6575,1,6.799,
spanner,61.69,6576,1,6.903,
spanner,61.70,6577,1,8.306,
spanner,61.71,6578,1,7.593,
spanner,61.72,6579,1,6.991,
spanner,61.72,6580,1,7.200,
spanner,61.73,6581,1,8.172,
spanner,61.74,6582,1,7.700,
spanner,61.75,6583,1,7.689,
spanner,61.75,6584,1,7.826,
spanner,61.76,6585,1,6.729,
spanner,61.77,6586,1,8.012,
spanner,61.78,6587,1,8.582,
spanner,61.78,6588,1,7.925,
spanner,61.79,6589,1,8.702,
spanner,61.80,6590,1,9.301,
spanner,61.81,6591,1,8.703,
spanner,61.82,6592,1,12.290,
spanner,61.83,6593,1,10.516,
spanner,61.84,6594,1,8.789,
spanner,61.85,6595,1,8.569,
spanner,61.86,6596,1,7.452,
spanner,61.87,6597,1,7.303,
spanner,61.87,6598,1,7.858,
spanner,61.88,6599,1,11.076,
spanner,61.89,6600,1,11.371,
spanner,61.91,6601,1,11.706,
spanner,61.92,6602,1,10.428,
spanner,61.93,6603,1,8.446,
spanner,61.94,6604,1,8.171,
spanner,61.94,6605,1,7.919,
spanner,61.95,6606,1,7.726,
spanner,61.96,6607,1,7.436,
spanner,61.97,6608,1,8.907,
spanner,61.98,6609,1,10.094,
spanner,61.99,6610,1,10.107,
spanner,62.00,6611,1,11.477,
spanner,62.01,6612,1,10.164,
spanner,62.02,6613,1,11.275,
spanner,62.03,6614,1,9.260,
spanner,62.04,6615,1,9.483,
spanner,62.05,6616,1,8.427,
spanner,62.06,6617,1,8.147,
spanner,62.06,6618,1,10.430,
spanner,62.08,6619,1,11.041,
spanner,62.09,6620,1,8.491,
spanner,62.09,6621,1,8.175,
spanner,62.10,6622,1,8.750,
spanner,62.11,6623,1,8.011,
spanner,62.12,6624,1,8.191,
spanner,62.13,6625,1,8.377,
spanner,62.14,6626,1,8.326,
spanner,62.14,6627,1,7.443,
spanner,62.15,6628,1,7.912,
spanner,62.16,6629,1,9.068,
spanner,62.17,6630,1,8.186,
spanner,62.18,6631,1,8.282,
spanner,62.19,6632,1,8.009,
spanner,62.19,6633,1,8.008,
spanner,62.20,6634,1,8.793,
spanner,62.21,6635,1,10.137,
spanner,62.22,6636,1,11.537,
spanner,62.23,6637,1,10.384,
spanner,62.24,6638,1,9.239,
spanner,62.25,6639,1,11.309,
spanner,62.26,6640,1,10.187,
spanner,62.27,6641,1,9.890,
spanner,62.28,6642,1,12.347,
spanner,62.30,6643,1,10.847,
spanner,62.31,6644,1,10.019,
spanner,62.32,6645,1,9.893,
spanner,62.33,6646,1,9.436,
spanner,62.34,6647,1,8.441,
spanner,62.34,6648,1,8.673,
spanner,62.35,6649,1,8.684,
spanner,62.36,6650,1,9.338,
spanner,62.37,6651,1,8.161,
spanner,62.38,6652,1,10.765,
spanner,62.39,6653,1,11.589,
spanner,62.40,6654,1,12.510,
spanner,62.41,6655,1,17.914,
spanner,62.43,6656,1,16.896,
spanner,62.45,6657,1,11.031,
spanner,62.46,6658,1,9.777,
spanner,62.47,6659,1,11.738,
spanner,62.48,6660,1,9.899,
spanner,62.49,6661,1,8.934,
spanner,62.50,6662,1,9.033,
spanner,62.51,6663,1,8.220,
spanner,62.52,6664,1,10.517,
spanner,62.53,6665,1,10.906,
spanner,62.54,6666,1,9.608,
spanner,62.55,6667,1,10.177,
spanner,62.56,6668,1,9.202,
spanner,62.57,6669,1,8.556,
spanner,62.58,6670,1,9.387,
spanner,62.59,6671,1,9.225,
spanner,62.60,6672,1,9.944,
spanner,62.61,6673,1,10.108,
spanner,62.62,6674,1,9.060,
spanner,62.63,6675,1,8.988,
spanner,62.63,6676,1,9.120,
spanner,62.64,6677,1,9.720,
spanner,62.65,6678,1,9.078,
spanner,62.66,6679,1,9.347,
spanner,62.67,6680,1,11.932,
spanner,62.68,6681,1,9.988,
spanner,62.69,6682,1,10.696,
spanner,62.70,6683,1,10.019,
spanner,62.71,6684,1,9.627,
spanner,62.72,6685,1,9.558,
spanner,62.73,6686,1,9.474,
spanner,62.74,6687,1,9.104,
spanner,62.75,6688,1,9.034,
spanner,62.76,6689,1,9.243,
spanner,62.77,6690,1,11.160,
spanner,62.78,6691,1,9.750,
spanner,62.79,6692,1,9.864,
spanner,62.80,6693,1,10.024,
spanner,62.81,6694,1,10.657,
spanner,62.82,6695,1,9.787,
spanner,62.83,6696,1,10.946,
spanner,62.84,6697,1,15.588,
spanner,62.86,6698,1,14.159,
spanner,62.87,6699,1,63.812,
spanner,62.94,6700,1,9.188,
spanner,62.95,6701,1,7.149,
spanner,62.95,6702,1,8.477,
spanner,62.96,6703,1,9.511,
spanner,62.97,6704,1,57.846,
spanner,63.03,6705,1,8.192,
spanner,63.04,6706,1,7.478,
spanner,63.05,6707,1,8.793,
spanner,63.05,6708,1,10.498,
spanner,63.06,6709,1,17.187,
spanner,63.08,6710,1,10.234,
spanner,63.09,6711,1,9.901,
spanner,63.10,6712,1,9.821,
spanner,63.11,6713,1,8.875,
spanner,63.12,6714,1,8.768,
spanner,63.13,6715,1,7.420,
spanner,63.14,6716,1,6.897,
spanner,63.14,6717,1,6.824,
spanner,63.15,6718,1,6.519,
spanner,63.16,6719,1,5.720,
spanner,63.16,6720,1,5.945,
spanner,63.17,6721,1,6.524,
spanner,63.18,6722,1,6.349,
spanner,63.18,6723,1,8.325,
spanner,63.19,6724,1,7.354,
spanner,63.20,6725,1,7.604,
spanner,63.21,6726,1,9.428,
spanner,63.21,6727,1,8.250,
spanner,63.22,6728,1,8.015,
spanner,63.23,6729,1,11.132,
spanner,63.24,6730,1,11.894,
spanner,63.25,6731,1,10.994,
spanner,63.27,6732,1,9.383,
spanner,63.27,6733,1,7.861,
spanner,63.28,6734,1,9.153,
spanner,63.29,6735,1,10.335,
spanner,63.30,6736,1,11.539,
spanner,63.31,6737,1,10.959,
spanner,63.32,6738,1,9.917,
spanner,63.33,6739,1,7.358,
spanner,63.34,6740,1,6.882,
spanner,63.35,6741,1,7.022,
spanner,63.36,6742,1,7.507,
spanner,63.36,6743,1,6.655,
spanner,63.37,6744,1,7.073,
spanner,63.38,6745,1,7.359,
spanner,63.38,6746,1,8.271,
spanner,63.39,6747,1,9.161,
spanner,63.40,6748,1,8.544,
spanner,63.41,6749,1,7.239,
spanner,63.42,6750,1,8.274,
spanner,63.43,6751,1,8.621,
spanner,63.44,6752,1,8.176,
spanner,63.44,6753,1,8.998,
spanner,63.45,6754,1,9.780,
spanner,63.46,6755,1,9.021,
spanner,63.47,6756,1,7.739,
spanner,63.48,6757,1,9.173,
spanner,63.49,6758,1,8.176,
spanner,63.50,6759,1,9.010,
spanner,63.51,6760,1,8.244,
spanner,63.51,6761,1,7.491,
spanner,63.52,6762,1,8.683,
spanner,63.53,6763,1,9.468,
spanner,63.54,6764,1,8.669,
spanner,63.55,6765,1,7.816,
spanner,63.56,6766,1,9.639,
spanner,63.57,6767,1,10.325,
spanner,63.58,6768,1,11.366,
spanner,63.59,6769,1,11.116,
spanner,63.60,6770,1,13.211,
spanner,63.61,6771,1,10.834,
spanner,63.62,6772,1,12.368,
spanner,63.64,6773,1,14.158,
spanner,63.65,6774,1,11.867,
spanner,63.66,6775,1,9.951,
spanner,63.67,6776,1,11.384,
spanner,63.68,6777,1,10.500,
spanner,63.69,6778,1,15.539,
spanner,63.71,6779,1,9.142,
spanner,63.72,6780,1,24.805,
spanner,63.74,6781,1,8.248,
spanner,63.75,6782,1,9.409,
spanner,63.76,6783,1,7.803,
spanner,63.77,6784,1,8.114,
spanner,63.78,6785,1,8.101,
spanner,63.78,6786,1,7.649,
spanner,63.79,6787,1,7.895,
spanner,63.80,6788,1,11.484,
spanner,63.81,6789,1,8.303,
spanner,63.82,6790,1,18.494,
spanner,63.84,6791,1,7.195,
spanner,63.85,6792,1,16.934,
spanner,63.86,6793,1,14.122,
spanner,63.88,6794,1,9.932,
spanner,63.89,6795,1,8.252,
spanner,63.90,6796,1,7.205,
spanner,63.90,6797,1,7.197,
spanner,63.91,6798,1,7.487,
spanner,63.92,6799,1,6.566,
spanner,63.92,6800,1,7.494,
spanner,63.93,6801,1,7.271,
spanner,63.94,6802,1,8.829,
spanner,63.95,6803,1,15.172,
spanner,63.96,6804,1,15.988,
spanner,63.98,6805,1,9.219,
spanner,63.99,6806,1,8.322,
spanner,64.00,6807,1,8.704,
spanner,64.01,6808,1,8.351,
spanner,64.01,6809,1,8.498,
spanner,64.02,6810,1,7.759,
spanner,64.03,6811,1,7.672,
spanner,64.04,6812,1,8.271,
spanner,64.05,6813,1,8.207,
spanner,64.05,6814,1,8.926,
spanner,64.06,6815,1,9.289,
spanner,64.07,6816,1,10.945,
spanner,64.08,6817,1,11.600,
spanner,64.09,6818,1,9.776,
spanner,64.10,6819,1,8.783,
spanner,64.11,6820,1,8.665,
spanner,64.12,6821,1,8.921,
spanner,64.13,6822,1,11.160,
spanner,64.14,6823,1,8.057,
spanner,64.15,6824,1,8.656,
spanner,64.16,6825,1,8.710,
spanner,64.17,6826,1,7.772,
spanner,64.18,6827,1,7.801,
spanner,64.18,6828,1,10.084,
spanner,64.19,6829,1,12.248,
spanner,64.21,6830,1,15.109,
spanner,64.22,6831,1,13.148,
spanner,64.23,6832,1,9.809,
spanner,64.24,6833,1,8.395,
spanner,64.25,6834,1,7.497,
spanner,64.26,6835,1,7.410,
spanner,64.27,6836,1,10.352,
spanner,64.28,6837,1,9.839,
spanner,64.29,6838,1,10.308,
spanner,64.30,6839,1,8.222,
spanner,64.31,6840,1,7.651,
spanner,64.31,6841,1,8.286,
spanner,64.32,6842,1,10.947,
spanner,64.33,6843,1,11.677,
spanner,64.35,6844,1,8.347,
spanner,64.35,6845,1,8.860,
spanner,64.36,6846,1,12.142,
spanner,64.37,6847,1,10.157,
spanner,64.38,6848,1,8.486,
spanner,64.39,6849,1,8.472,
spanner,64.40,6850,1,8.241,
spanner,64.41,6851,1,7.986,
spanner,64.42,6852,1,8.061,
spanner,64.43,6853,1,8.217,
spanner,64.43,6854,1,10.434,
spanner,64.44,6855,1,12.969,
spanner,64.46,6856,1,10.488,
spanner,64.47,6857,1,10.624,
spanner,64.48,6858,1,12.939,
spanner,64.49,6859,1,8.008,
spanner,64.50,6860,1,9.058,
spanner,64.51,6861,1,9.031,
spanner,64.52,6862,1,9.603,
spanner,64.53,6863,1,10.580,
spanner,64.54,6864,1,10.532,
spanner,64.55,6865,1,7.675,
spanner,64.56,6866,1,19.522,
spanner,64.58,6867,1,8.817,
spanner,64.59,6868,1,8.608,
spanner,64.59,6869,1,8.789,
spanner,64.60,6870,1,10.656,
spanner,64.61,6871,1,13.099,
spanner,64.63,6872,1,9.703,
spanner,64.64,6873,1,10.068,
spanner,64.65,6874,1,12.741,
spanner,64.66,6875,1,10.441,
spanner,64.67,6876,1,8.072,
spanner,64.68,6877,1,8.345,
spanner,64.69,6878,1,8.306,
spanner,64.70,6879,1,11.004,
spanner,64.71,6880,1,12.832,
spanner,64.72,6881,1,11.718,
spanner,64.73,6882,1,12.906,
spanner,64.74,6883,1,13.442,
spanner,64.76,6884,1,10.404,
spanner,64.77,6885,1,9.899,
spanner,64.78,6886,1,11.050,
spanner,64.79,6887,1,14.224,
spanner,64.80,6888,1,10.875,
spanner,64.81,6889,1,9.304,
spanner,64.82,6890,1,9.139,
spanner,64.83,6891,1,9.090,
spanner,64.84,6892,1,11.438,
spanner,64.85,6893,1,13.694,
spanner,64.87,6894,1,13.755,
spanner,64.88,6895,1,13.573,
spanner,64.89,6896,1,13.079,
spanner,64.91,6897,1,13.001,
spanner,64.92,6898,1,12.636,
spanner,64.93,6899,1,12.072,
spanner,64.95,6900,1,13.513,
spanner,64.96,6901,1,17.079,
spanner,64.98,6902,1,15.288,
spanner,64.99,6903,1,14.439,
spanner,65.01,6904,1,13.760,
spanner,65.02,6905,1,14.279,
spanner,65.03,6906,1,11.600,
spanner,65.05,6907,1,9.802,
spanner,65.06,6908,1,9.371,
spanner,65.07,6909,1,9.645,
spanner,65.07,6910,1,11.459,
spanner,65.09,6911,1,10.579,
spanner,65.10,6912,1,11.554,
spanner,65.11,6913,1,12.035,
spanner,65.12,6914,1,10.815,
spanner,65.13,6915,1,10.064,
spanner,65.14,6916,1,11.225,
spanner,65.15,6917,1,11.806,
spanner,65.16,6918,1,8.021,
spanner,65.17,6919,1,7.632,
spanner,65.18,6920,1,7.457,
spanner,65.19,6921,1,7.210,
spanner,65.20,6922,1,7.520,
spanner,65.20,6923,1,7.835,
spanner,65.21,6924,1,6.579,
spanner,65.22,6925,1,6.062,
spanner,65.22,6926,1,6.435,
spanner,65.23,6927,1,7.250,
spanner,65.24,6928,1,6.141,
spanner,65.24,6929,1,6.337,
spanner,65.25,6930,1,5.942,
spanner,65.26,6931,1,7.051,
spanner,65.26,6932,1,8.973,
spanner,65.27,6933,1,10.628,
spanner,65.28,6934,1,9.636,
spanner,65.29,6935,1,11.083,
spanner,65.30,6936,1,10.359,
spanner,65.31,6937,1,8.945,
spanner,65.32,6938,1,9.537,
spanner,65.33,6939,1,11.537,
spanner,65.34,6940,1,11.140,
spanner,65.35,6941,1,10.738,
spanner,65.37,6942,1,10.472,
spanner,65.38,6943,1,9.046,
spanner,65.39,6944,1,10.556,
spanner,65.40,6945,1,10.749,
spanner,65.41,6946,1,11.461,
spanner,65.42,6947,1,8.150,
spanner,65.43,6948,1,9.381,
spanner,65.44,6949,1,9.625,
spanner,65.45,6950,1,9.628,
spanner,65.46,6951,1,10.559,
spanner,65.47,6952,1,10.804,
spanner,65.48,6953,1,10.343,
spanner,65.49,6954,1,8.742,
spanner,65.50,6955,1,9.905,
spanner,65.51,6956,1,7.492,
spanner,65.51,6957,1,6.393,
spanner,65.52,6958,1,8.231,
spanner,65.53,6959,1,8.430,
spanner,65.54,6960,1,8.339,
spanner,65.54,6961,1,8.118,
spanner,65.55,6962,1,9.927,
spanner,65.56,6963,1,9.365,
spanner,65.57,6964,1,11.282,
spanner,65.58,6965,1,8.429,
spanner,65.59,6966,1,7.346,
spanner,65.60,6967,1,6.875,
spanner,65.61,6968,1,7.254,
spanner,65.61,6969,1,6.729,
spanner,65.62,6970,1,6.272,
spanner,65.63,6971,1,6.746,
spanner,65.63,6972,1,6.852,
spanner,65.64,6973,1,7.475,
spanner,65.65,6974,1,7.710,
spanner,65.66,6975,1,6.913,
spanner,65.66,6976,1,7.905,
spanner,65.67,6977,1,7.655,
spanner,65.68,6978,1,9.715,
spanner,65.69,6979,1,9.220,
spanner,65.70,6980,1,7.421,
spanner,65.70,6981,1,7.322,
spanner,65.71,6982,1,8.464,
spanner,65.72,6983,1,9.020,
spanner,65.73,6984,1,8.491,
spanner,65.74,6985,1,7.436,
spanner,65.75,6986,1,7.129,
spanner,65.75,6987,1,7.758,
spanner,65.76,6988,1,8.179,
spanner,65.77,6989,1,7.120,
spanner,65.78,6990,1,9.614,
spanner,65.79,6991,1,10.821,
spanner,65.80,6992,1,12.241,
spanner,65.81,6993,1,11.811,
spanner,65.82,6994,1,11.723,
spanner,65.83,6995,1,11.651,
spanner,65.84,6996,1,8.770,
spanner,65.85,6997,1,7.952,
spanner,65.86,6998,1,7.701,
spanner,65.87,6999,1,7.166,
spanner,65.88,7000,1,7.161,
spanner,65.88,7001,1,7.888,
spanner,65.89,7002,1,8.480,
spanner,65.90,7003,1,7.181,
spanner,65.91,7004,1,8.208,
spanner,65.91,7005,1,7.413,
spanner,65.92,7006,1,7.015,
spanner,65.93,7007,1,7.202,
spanner,65.94,7008,1,7.542,
spanner,65.94,7009,1,7.522,
spanner,65.95,7010,1,7.145,
spanner,65.96,7011,1,7.316,
spanner,65.97,7012,1,7.087,
spanner,65.97,7013,1,7.305,
spanner,65.98,7014,1,8.047,
spanner,65.99,7015,1,7.151,
spanner,66.00,7016,1,7.931,
spanner,66.00,7017,1,10.206,
spanner,66.01,7018,1,9.558,
spanner,66.02,7019,1,8.826,
spanner,66.03,7020,1,11.200,
spanner,66.04,7021,1,11.280,
spanner,66.06,7022,1,11.758,
spanner,66.07,7023,1,10.458,
spanner,66.08,7024,1,11.025,
spanner,66.09,7025,1,12.788,
spanner,66.10,7026,1,9.893,
spanner,66.11,7027,1,10.552,
spanner,66.12,7028,1,11.805,
spanner,66.13,7029,1,9.837,
spanner,66.14,7030,1,9.869,
spanner,66.15,7031,1,8.968,
spanner,66.16,7032,1,8.724,
spanner,66.17,7033,1,9.655,
spanner,66.18,7034,1,9.274,
spanner,66.19,7035,1,9.177,
spanner,66.20,7036,1,8.380,
spanner,66.21,7037,1,9.485,
spanner,66.22,7038,1,9.797,
spanner,66.23,7039,1,10.224,
spanner,66.24,7040,1,11.798,
spanner,66.25,7041,1,11.317,
spanner,66.26,7042,1,13.613,
spanner,66.27,7043,1,11.090,
spanner,66.29,7044,1,10.440,
spanner,66.30,7045,1,10.791,
spanner,66.31,7046,1,10.337,
spanner,66.32,7047,1,10.127,
spanner,66.33,7048,1,9.957,
spanner,66.34,7049,1,11.538,
spanner,66.35,7050,1,11.300,
spanner,66.36,7051,1,11.308,
spanner,66.37,7052,1,11.078,
spanner,66.38,7053,1,13.533,
spanner,66.40,7054,1,13.326,
spanner,66.41,7055,1,10.980,
spanner,66.42,7056,1,9.948,
spanner,66.43,7057,1,9.827,
spanner,66.44,7058,1,9.555,
spanner,66.45,7059,1,9.640,
spanner,66.46,7060,1,12.053,
spanner,66.47,7061,1,10.511,
spanner,66.48,7062,1,11.488,
spanner,66.49,7063,1,10.183,
spanner,66.50,7064,1,9.681,
spanner,66.51,7065,1,9.557,
spanner,66.52,7066,1,9.020,
spanner,66.53,7067,1,11.152,
spanner,66.54,7068,1,11.325,
spanner,66.56,7069,1,10.053,
spanner,66.57,7070,1,11.144,
spanner,66.58,7071,1,13.728,
spanner,66.59,7072,1,12.900,
spanner,66.60,7073,1,13.181,
spanner,66.62,7074,1,13.252,
spanner,66.63,7075,1,9.901,
spanner,66.64,7076,1,9.380,
spanner,66.65,7077,1,8.670,
spanner,66.66,7078,1,10.266,
spanner,66.67,7079,1,9.530,
spanner,66.68,7080,1,10.827,
spanner,66.69,7081,1,12.225,
spanner,66.70,7082,1,12.936,
spanner,66.71,7083,1,11.391,
spanner,66.73,7084,1,14.525,
spanner,66.74,7085,1,13.540,
spanner,66.75,7086,1,11.602,
spanner,66.76,7087,1,10.930,
spanner,66.78,7088,1,10.787,
spanner,66.79,7089,1,10.925,
spanner,66.80,7090,1,10.290,
spanner,66.81,7091,1,9.863,
spanner,66.82,7092,1,10.243,
spanner,66.83,7093,1,10.240,
spanner,66.84,7094,1,11.730,
spanner,66.85,7095,1,14.311,
spanner,66.86,7096,1,12.770,
spanner,66.88,7097,1,13.251,
spanner,66.89,7098,1,14.269,
spanner,66.91,7099,1,11.236,
spanner,66.92,7100,1,11.325,
spanner,66.93,7101,1,11.751,
spanner,66.94,7102,1,12.453,
spanner,66.95,7103,1,11.300,
spanner,66.96,7104,1,10.151,
spanner,66.97,7105,1,11.393,
spanner,66.99,7106,1,9.730,
spanner,66.99,7107,1,9.608,
spanner,67.00,7108,1,9.691,
spanner,67.01,7109,1,11.323,
spanner,67.03,7110,1,11.710,
spanner,67.04,7111,1,13.147,
spanner,67.05,7112,1,9.975,
spanner,67.06,7113,1,8.149,
spanner,67.07,7114,1,6.767,
spanner,67.08,7115,1,5.904,
spanner,67.08,7116,1,5.585,
spanner,67.09,7117,1,6.507,
spanner,67.09,7118,1,6.615,
spanner,67.10,7119,1,6.301,
spanner,67.11,7120,1,6.113,
spanner,67.11,7121,1,6.314,
spanner,67.12,7122,1,8.509,
spanner,67.13,7123,1,6.532,
spanner,67.13,7124,1,7.175,
spanner,67.14,7125,1,7.865,
spanner,67.15,7126,1,7.481,
spanner,67.16,7127,1,7.807,
spanner,67.16,7128,1,6.801,
spanner,67.17,7129,1,7.377,
spanner,67.18,7130,1,9.422,
spanner,67.19,7131,1,7.399,
spanner,67.20,7132,1,7.969,
spanner,67.20,7133,1,8.667,
spanner,67.21,7134,1,7.619,
spanner,67.22,7135,1,8.279,
spanner,67.23,7136,1,7.521,
spanner,67.24,7137,1,9.216,
spanner,67.25,7138,1,8.346,
spanner,67.25,7139,1,6.462,
spanner,67.26,7140,1,9.682,
spanner,67.27,7141,1,7.517,
spanner,67.28,7142,1,7.347,
spanner,67.28,7143,1,7.122,
spanner,67.29,7144,1,7.305,
spanner,67.30,7145,1,6.493,
spanner,67.31,7146,1,5.851,
spanner,67.31,7147,1,6.414,
spanner,67.32,7148,1,6.468,
spanner,67.32,7149,1,6.062,
spanner,67.33,7150,1,5.628,
spanner,67.34,7151,1,5.588,
spanner,67.34,7152,1,5.828,
spanner,67.35,7153,1,8.236,
spanner,67.36,7154,1,8.928,
spanner,67.36,7155,1,8.368,
spanner,67.37,7156,1,9.404,
spanner,67.38,7157,1,8.795,
spanner,67.39,7158,1,8.961,
spanner,67.40,7159,1,7.654,
spanner,67.41,7160,1,6.522,
spanner,67.41,7161,1,6.207,
spanner,67.42,7162,1,6.097,
spanner,67.43,7163,1,7.045,
spanner,67.43,7164,1,6.094,
spanner,67.44,7165,1,7.128,
spanner,67.45,7166,1,6.795,
spanner,67.45,7167,1,5.843,
spanner,67.46,7168,1,6.891,
spanner,67.47,7169,1,6.218,
spanner,67.47,7170,1,6.000,
spanner,67.48,7171,1,5.998,
spanner,67.49,7172,1,5.712,
spanner,67.49,7173,1,6.115,
spanner,67.50,7174,1,6.161,
spanner,67.50,7175,1,6.135,
spanner,67.51,7176,1,5.884,
spanner,67.52,7177,1,6.168,
spanner,67.52,7178,1,6.817,
spanner,67.53,7179,1,10.305,
spanner,67.54,7180,1,10.155,
spanner,67.55,7181,1,7.979,
spanner,67.56,7182,1,9.819,
spanner,67.57,7183,1,10.694,
spanner,67.58,7184,1,12.957,
spanner,67.59,7185,1,12.060,
spanner,67.60,7186,1,12.128,
spanner,67.62,7187,1,7.461,
spanner,67.62,7188,1,6.508,
spanner,67.63,7189,1,7.619,
spanner,67.64,7190,1,7.421,
spanner,67.64,7191,1,12.711,
spanner,67.66,7192,1,9.810,
spanner,67.67,7193,1,11.413,
spanner,67.68,7194,1,11.539,
spanner,67.69,7195,1,9.522,
spanner,67.70,7196,1,8.170,
spanner,67.71,7197,1,8.776,
spanner,67.72,7198,1,9.909,
spanner,67.73,7199,1,10.809,
spanner,67.74,7200,1,10.223,
spanner,67.75,7201,1,9.031,
spanner,67.76,7202,1,8.463,
spanner,67.76,7203,1,6.457,
spanner,67.77,7204,1,6.223,
spanner,67.78,7205,1,6.639,
spanner,67.78,7206,1,7.128,
spanner,67.79,7207,1,7.504,
spanner,67.80,7208,1,8.160,
spanner,67.81,7209,1,10.630,
spanner,67.82,7210,1,8.901,
spanner,67.83,7211,1,7.892,
spanner,67.83,7212,1,8.380,
spanner,67.84,7213,1,7.569,
spanner,67.85,7214,1,7.773,
spanner,67.86,7215,1,8.257,
spanner,67.87,7216,1,9.437,
spanner,67.88,7217,1,9.587,
spanner,67.89,7218,1,8.612,
spanner,67.89,7219,1,7.043,
spanner,67.90,7220,1,7.406,
spanner,67.91,7221,1,6.775,
spanner,67.92,7222,1,7.448,
spanner,67.92,7223,1,7.098,
spanner,67.93,7224,1,6.731,
spanner,67.94,7225,1,6.430,
spanner,67.94,7226,1,6.700,
spanner,67.95,7227,1,6.474,
spanner,67.96,7228,1,7.664,
spanner,67.96,7229,1,8.782,
spanner,67.97,7230,1,8.133,
spanner,67.98,7231,1,7.543,
spanner,67.99,7232,1,8.237,
spanner,68.00,7233,1,8.604,
spanner,68.01,7234,1,8.295,
spanner,68.01,7235,1,7.210,
spanner,68.02,7236,1,6.642,
spanner,68.03,7237,1,6.550,
spanner,68.03,7238,1,9.436,
spanner,68.04,7239,1,10.035,
spanner,68.05,7240,1,11.173,
spanner,68.07,7241,1,12.919,
spanner,68.08,7242,1,10.913,
spanner,68.09,7243,1,10.789,
spanner,68.10,7244,1,11.887,
spanner,68.11,7245,1,10.182,
spanner,68.12,7246,1,11.696,
spanner,68.13,7247,1,10.872,
spanner,68.15,7248,1,10.337,
spanner,68.16,7249,1,10.619,
spanner,68.17,7250,1,10.621,
spanner,68.18,7251,1,10.872,
spanner,68.19,7252,1,9.327,
spanner,68.20,7253,1,8.920,
spanner,68.21,7254,1,8.982,
spanner,68.22,7255,1,8.834,
spanner,68.22,7256,1,7.730,
spanner,68.23,7257,1,7.088,
spanner,68.24,7258,1,8.004,
spanner,68.25,7259,1,10.162,
spanner,68.26,7260,1,10.381,
spanner,68.27,7261,1,11.048,
spanner,68.28,7262,1,14.825,
spanner,68.29,7263,1,13.431,
spanner,68.31,7264,1,13.338,
spanner,68.32,7265,1,11.638,
spanner,68.33,7266,1,10.678,
spanner,68.34,7267,1,10.614,
spanner,68.35,7268,1,13.519,
spanner,68.37,7269,1,13.011,
spanner,68.38,7270,1,13.147,
spanner,68.39,7271,1,13.011,
spanner,68.41,7272,1,13.324,
spanner,68.42,7273,1,11.931,
spanner,68.43,7274,1,12.005,
spanner,68.44,7275,1,12.092,
spanner,68.46,7276,1,11.653,
spanner,68.47,7277,1,10.450,
spanner,68.48,7278,1,11.941,
spanner,68.49,7279,1,11.643,
spanner,68.50,7280,1,13.106,
spanner,68.52,7281,1,14.746,
spanner,68.53,7282,1,10.693,
spanner,68.54,7283,1,13.439,
spanner,68.55,7284,1,12.838,
spanner,68.57,7285,1,13.634,
spanner,68.58,7286,1,11.749,
spanner,68.59,7287,1,13.124,
spanner,68.61,7288,1,13.619,
spanner,68.62,7289,1,12.850,
spanner,68.63,7290,1,12.183,
spanner,68.64,7291,1,12.138,
spanner,68.66,7292,1,10.771,
spanner,68.67,7293,1,12.458,
spanner,68.68,7294,1,10.862,
spanner,68.69,7295,1,9.767,
spanner,68.70,7296,1,9.702,
spanner,68.71,7297,1,9.258,
spanner,68.72,7298,1,9.674,
spanner,68.73,7299,1,12.221,
spanner,68.74,7300,1,12.707,
spanner,68.75,7301,1,11.825,
spanner,68.77,7302,1,12.714,
spanner,68.78,7303,1,12.996,
spanner,68.79,7304,1,12.487,
spanner,68.80,7305,1,13.541,
spanner,68.82,7306,1,11.337,
spanner,68.83,7307,1,10.407,
spanner,68.84,7308,1,10.404,
spanner,68.85,7309,1,11.244,
spanner,68.86,7310,1,10.172,
spanner,68.87,7311,1,10.319,
spanner,68.88,7312,1,12.112,
spanner,68.89,7313,1,12.705,
spanner,68.91,7314,1,12.853,
spanner,68.92,7315,1,13.374,
spanner,68.93,7316,1,13.155,
spanner,68.95,7317,1,9.355,
spanner,68.96,7318,1,11.525,
spanner,68.97,7319,1,11.511,
spanner,68.98,7320,1,13.028,
spanner,68.99,7321,1,12.718,
spanner,69.01,7322,1,13.089,
spanner,69.02,7323,1,13.911,
spanner,69.03,7324,1,13.831,
spanner,69.05,7325,1,14.195,
spanner,69.06,7326,1,14.073,
spanner,69.07,7327,1,14.600,
spanner,69.09,7328,1,13.993,
spanner,69.10,7329,1,13.232,
spanner,69.12,7330,1,14.701,
spanner,69.13,7331,1,13.746,
spanner,69.14,7332,1,11.432,
spanner,69.16,7333,1,13.465,
spanner,69.17,7334,1,14.909,
spanner,69.19,7335,1,11.513,
spanner,69.20,7336,1,12.796,
spanner,69.21,7337,1,10.308,
spanner,69.22,7338,1,8.341,
spanner,69.23,7339,1,7.121,
spanner,69.24,7340,1,7.283,
spanner,69.24,7341,1,8.322,
spanner,69.25,7342,1,11.195,
spanner,69.26,7343,1,9.642,
spanner,69.27,7344,1,9.365,
spanner,69.28,7345,1,10.792,
spanner,69.29,7346,1,10.769,
spanner,69.30,7347,1,9.552,
spanner,69.31,7348,1,10.362,
spanner,69.32,7349,1,12.231,
spanner,69.34,7350,1,9.893,
spanner,69.35,7351,1,10.233,
spanner,69.36,7352,1,10.196,
spanner,69.37,7353,1,7.071,
spanner,69.37,7354,1,6.836,
spanner,69.38,7355,1,5.982,
spanner,69.39,7356,1,5.989,
spanner,69.39,7357,1,6.192,
spanner,69.40,7358,1,6.127,
spanner,69.40,7359,1,7.112,
spanner,69.41,7360,1,7.204,
spanner,69.42,7361,1,8.286,
spanner,69.43,7362,1,8.357,
spanner,69.43,7363,1,9.713,
spanner,69.44,7364,1,10.185,
spanner,69.45,7365,1,8.585,
spanner,69.46,7366,1,9.026,
spanner,69.47,7367,1,8.660,
spanner,69.48,7368,1,11.131,
spanner,69.49,7369,1,11.874,
spanner,69.50,7370,1,11.178,
spanner,69.52,7371,1,10.506,
spanner,69.53,7372,1,10.896,
spanner,69.54,7373,1,10.515,
spanner,69.55,7374,1,9.581,
spanner,69.56,7375,1,8.437,
spanner,69.57,7376,1,9.910,
spanner,69.58,7377,1,9.509,
spanner,69.59,7378,1,8.048,
spanner,69.59,7379,1,6.251,
spanner,69.60,7380,1,5.687,
spanner,69.61,7381,1,5.933,
spanner,69.61,7382,1,8.321,
spanner,69.62,7383,1,7.624,
spanner,69.63,7384,1,8.061,
spanner,69.64,7385,1,6.459,
spanner,69.64,7386,1,6.895,
spanner,69.65,7387,1,6.481,
spanner,69.66,7388,1,6.908,
spanner,69.66,7389,1,6.550,
spanner,69.67,7390,1,6.568,
spanner,69.68,7391,1,6.622,
spanner,69.68,7392,1,6.394,
spanner,69.69,7393,1,6.488,
spanner,69.70,7394,1,6.322,
spanner,69.70,7395,1,6.772,
spanner,69.71,7396,1,7.874,
spanner,69.72,7397,1,7.103,
spanner,69.72,7398,1,7.431,
spanner,69.73,7399,1,7.809,
spanner,69.74,7400,1,7.720,
spanner,69.75,7401,1,6.129,
spanner,69.75,7402,1,6.918,
spanner,69.76,7403,1,7.926,
spanner,69.77,7404,1,6.227,
spanner,69.77,7405,1,6.192,
spanner,69.78,7406,1,6.725,
spanner,69.79,7407,1,6.638,
spanner,69.79,7408,1,8.692,
spanner,69.80,7409,1,9.281,
spanner,69.81,7410,1,8.500,
spanner,69.82,7411,1,8.332,
spanner,69.83,7412,1,9.861,
spanner,69.84,7413,1,10.058,
spanner,69.85,7414,1,8.497,
spanner,69.86,7415,1,9.181,
spanner,69.87,7416,1,7.937,
spanner,69.87,7417,1,9.587,
spanner,69.88,7418,1,10.000,
spanner,69.89,7419,1,8.148,
spanner,69.90,7420,1,8.512,
spanner,69.91,7421,1,7.228,
spanner,69.92,7422,1,7.086,
spanner,69.92,7423,1,9.050,
spanner,69.93,7424,1,7.939,
spanner,69.94,7425,1,7.014,
spanner,69.95,7426,1,6.881,
spanner,69.96,7427,1,7.445,
spanner,69.96,7428,1,7.351,
spanner,69.97,7429,1,7.020,
spanner,69.98,7430,1,7.108,
spanner,69.98,7431,1,7.194,
spanner,69.99,7432,1,6.304,
spanner,70.00,7433,1,6.199,
spanner,70.00,7434,1,6.701,
spanner,70.01,7435,1,6.938,
spanner,70.02,7436,1,7.039,
spanner,70.03,7437,1,7.079,
spanner,70.03,7438,1,10.011,
spanner,70.04,7439,1,10.278,
spanner,70.05,7440,1,10.283,
spanner,70.06,7441,1,9.339,
spanner,70.07,7442,1,11.854,
spanner,70.08,7443,1,9.210,
spanner,70.09,7444,1,11.253,
spanner,70.10,7445,1,9.564,
spanner,70.11,7446,1,8.205,
spanner,70.12,7447,1,7.022,
spanner,70.13,7448,1,6.810,
spanner,70.14,7449,1,6.793,
spanner,70.14,7450,1,8.350,
spanner,70.15,7451,1,9.044,
spanner,70.16,7452,1,11.239,
spanner,70.17,7453,1,10.681,
spanner,70.18,7454,1,7.963,
spanner,70.19,7455,1,7.889,
spanner,70.20,7456,1,9.979,
spanner,70.21,7457,1,9.003,
spanner,70.22,7458,1,7.831,
spanner,70.23,7459,1,8.079,
spanner,70.23,7460,1,8.114,
spanner,70.24,7461,1,10.447,
spanner,70.25,7462,1,11.905,
spanner,70.26,7463,1,9.787,
spanner,70.27,7464,1,11.470,
spanner,70.29,7465,1,10.999,
spanner,70.30,7466,1,9.465,
spanner,70.31,7467,1,8.869,
spanner,70.32,7468,1,9.290,
spanner,70.32,7469,1,11.427,
spanner,70.34,7470,1,9.864,
spanner,70.35,7471,1,9.328,
spanner,70.36,7472,1,8.029,
spanner,70.36,7473,1,9.479,
spanner,70.37,7474,1,9.727,
spanner,70.38,7475,1,10.658,
spanner,70.39,7476,1,11.573,
spanner,70.40,7477,1,10.838,
spanner,70.42,7478,1,10.596,
spanner,70.43,7479,1,12.534,
spanner,70.44,7480,1,12.245,
spanner,70.45,7481,1,12.699,
spanner,70.46,7482,1,10.354,
spanner,70.47,7483,1,10.831,
spanner,70.49,7484,1,13.503,
spanner,70.50,7485,1,11.837,
spanner,70.51,7486,1,13.429,
spanner,70.52,7487,1,12.609,
spanner,70.54,7488,1,13.165,
spanner,70.55,7489,1,11.325,
spanner,70.56,7490,1,9.430,
spanner,70.57,7491,1,12.381,
spanner,70.58,7492,1,11.346,
spanner,70.59,7493,1,8.775,
spanner,70.60,7494,1,8.890,
spanner,70.61,7495,1,11.098,
spanner,70.62,7496,1,10.281,
spanner,70.63,7497,1,11.284,
spanner,70.65,7498,1,10.631,
spanner,70.66,7499,1,13.255,
spanner,70.67,7500,1,12.277,
spanner,70.68,7501,1,11.807,
spanner,70.69,7502,1,14.469,
spanner,70.71,7503,1,13.136,
spanner,70.72,7504,1,9.601,
spanner,70.73,7505,1,11.011,
spanner,70.74,7506,1,11.917,
spanner,70.75,7507,1,9.257,
spanner,70.76,7508,1,12.613,
spanner,70.78,7509,1,12.038,
spanner,70.79,7510,1,11.437,
spanner,70.80,7511,1,9.921,
spanner,70.81,7512,1,8.109,
spanner,70.82,7513,1,8.945,
spanner,70.83,7514,1,10.622,
spanner,70.84,7515,1,10.780,
spanner,70.85,7516,1,11.297,
spanner,70.86,7517,1,12.343,
spanner,70.87,7518,1,10.667,
spanner,70.88,7519,1,10.157,
spanner,70.89,7520,1,11.584,
spanner,70.90,7521,1,12.142,
spanner,70.92,7522,1,10.903,
spanner,70.93,7523,1,10.354,
spanner,70.94,7524,1,9.186,
spanner,70.95,7525,1,8.980,
spanner,70.96,7526,1,8.596,
spanner,70.96,7527,1,8.883,
spanner,70.97,7528,1,9.550,
spanner,70.98,7529,1,11.158,
spanner,70.99,7530,1,36.157,
spanner,71.03,7531,1,15.036,
spanner,71.05,7532,1,13.118,
spanner,71.06,7533,1,13.460,
spanner,71.07,7534,1,12.247,
spanner,71.08,7535,1,13.051,
spanner,71.10,7536,1,14.603,
spanner,71.11,7537,1,13.925,
spanner,71.13,7538,1,14.128,
spanner,71.14,7539,1,13.710,
spanner,71.15,7540,1,12.334,
spanner,71.17,7541,1,11.224,
spanner,71.18,7542,1,10.381,
spanner,71.19,7543,1,8.944,
spanner,71.20,7544,1,9.824,
spanner,71.21,7545,1,12.135,
spanner,71.22,7546,1,9.493,
spanner,71.23,7547,1,12.461,
spanner,71.24,7548,1,13.296,
spanner,71.25,7549,1,14.525,
spanner,71.27,7550,1,13.683,
spanner,71.28,7551,1,13.846,
spanner,71.30,7552,1,13.795,
spanner,71.31,7553,1,14.339,
spanner,71.32,7554,1,13.412,
spanner,71.34,7555,1,14.181,
spanner,71.35,7556,1,13.539,
spanner,71.37,7557,1,9.441,
spanner,71.38,7558,1,7.420,
spanner,71.38,7559,1,6.434,
spanner,71.39,7560,1,5.911,
spanner,71.40,7561,1,6.865,
spanner,71.40,7562,1,10.936,
spanner,71.41,7563,1,9.788,
spanner,71.42,7564,1,8.430,
spanner,71.43,7565,1,7.835,
spanner,71.44,7566,1,9.509,
spanner,71.45,7567,1,8.935,
spanner,71.46,7568,1,7.820,
spanner,71.47,7569,1,8.347,
spanner,71.47,7570,1,9.632,
spanner,71.48,7571,1,8.717,
spanner,71.49,7572,1,9.383,
spanner,71.50,7573,1,8.395,
spanner,71.51,7574,1,6.922,
spanner,71.52,7575,1,7.332,
spanner,71.52,7576,1,8.588,
spanner,71.53,7577,1,7.701,
spanner,71.54,7578,1,7.191,
spanner,71.55,7579,1,8.430,
spanner,71.56,7580,1,9.297,
spanner,71.57,7581,1,13.395,
spanner,71.58,7582,1,9.393,
spanner,71.59,7583,1,6.046,
spanner,71.60,7584,1,6.513,
spanner,71.60,7585,1,6.674,
spanner,71.61,7586,1,7.002,
spanner,71.62,7587,1,6.470,
spanner,71.62,7588,1,6.093,
spanner,71.63,7589,1,5.892,
spanner,71.63,7590,1,5.992,
spanner,71.64,7591,1,6.593,
spanner,71.65,7592,1,6.174,
spanner,71.65,7593,1,7.001,
spanner,71.66,7594,1,7.706,
spanner,71.67,7595,1,7.042,
spanner,71.67,7596,1,7.423,
spanner,71.68,7597,1,6.895,
spanner,71.69,7598,1,6.522,
spanner,71.70,7599,1,6.465,
spanner,71.70,7600,1,8.429,
spanner,71.71,7601,1,7.441,
spanner,71.72,7602,1,8.029,
spanner,71.73,7603,1,7.667,
spanner,71.73,7604,1,6.449,
spanner,71.74,7605,1,6.561,
spanner,71.75,7606,1,6.344,
spanner,71.75,7607,1,6.480,
spanner,71.76,7608,1,7.699,
spanner,71.77,7609,1,8.721,
spanner,71.78,7610,1,7.865,
spanner,71.78,7611,1,6.477,
spanner,71.79,7612,1,6.510,
spanner,71.80,7613,1,6.610,
spanner,71.80,7614,1,7.120,
spanner,71.81,7615,1,7.523,
spanner,71.82,7616,1,8.611,
spanner,71.83,7617,1,7.894,
spanner,71.84,7618,1,7.831,
spanner,71.84,7619,1,7.885,
spanner,71.85,7620,1,7.309,
spanner,71.86,7621,1,7.664,
spanner,71.87,7622,1,7.564,
spanner,71.87,7623,1,7.949,
spanner,71.88,7624,1,8.108,
spanner,71.89,7625,1,7.937,
spanner,71.90,7626,1,7.636,
spanner,71.91,7627,1,8.677,
spanner,71.91,7628,1,7.604,
spanner,71.92,7629,1,8.006,
spanner,71.93,7630,1,8.224,
spanner,71.94,7631,1,7.579,
spanner,71.95,7632,1,6.924,
spanner,71.95,7633,1,7.154,
spanner,71.96,7634,1,6.727,
spanner,71.97,7635,1,9.407,
spanner,71.98,7636,1,6.618,
spanner,71.98,7637,1,6.557,
spanner,71.99,7638,1,7.708,
spanner,72.00,7639,1,8.899,
spanner,72.01,7640,1,9.464,
spanner,72.02,7641,1,8.647,
spanner,72.02,7642,1,10.445,
spanner,72.03,7643,1,8.217,
spanner,72.04,7644,1,8.061,
spanner,72.05,7645,1,8.468,
spanner,72.06,7646,1,8.896,
spanner,72.07,7647,1,11.016,
spanner,72.08,7648,1,11.609,
spanner,72.09,7649,1,11.966,
spanner,72.10,7650,1,11.392,
spanner,72.11,7651,1,12.444,
spanner,72.13,7652,1,12.412,
spanner,72.14,7653,1,11.700,
spanner,72.15,7654,1,11.527,
spanner,72.16,7655,1,10.923,
spanner,72.17,7656,1,10.129,
spanner,72.18,7657,1,9.458,
spanner,72.19,7658,1,7.453,
spanner,72.20,7659,1,7.541,
spanner,72.21,7660,1,7.770,
spanner,72.22,7661,1,7.609,
spanner,72.22,7662,1,8.186,
spanner,72.23,7663,1,8.490,
spanner,72.24,7664,1,8.311,
spanner,72.25,7665,1,8.991,
spanner,72.26,7666,1,7.725,
spanner,72.27,7667,1,7.970,
spanner,72.27,7668,1,9.106,
spanner,72.28,7669,1,8.011,
spanner,72.29,7670,1,9.272,
spanner,72.30,7671,1,9.710,
spanner,72.31,7672,1,9.875,
spanner,72.32,7673,1,10.192,
spanner,72.33,7674,1,11.170,
spanner,72.34,7675,1,9.996,
spanner,72.35,7676,1,9.600,
spanner,72.36,7677,1,11.171,
spanner,72.37,7678,1,11.567,
spanner,72.38,7679,1,12.064,
spanner,72.40,7680,1,11.810,
spanner,72.41,7681,1,9.947,
spanner,72.42,7682,1,10.159,
spanner,72.43,7683,1,9.848,
spanner,72.44,7684,1,12.231,
spanner,72.45,7685,1,11.052,
spanner,72.46,7686,1,12.769,
spanner,72.47,7687,1,10.703,
spanner,72.48,7688,1,9.335,
spanner,72.49,7689,1,12.009,
spanner,72.51,7690,1,11.171,
spanner,72.52,7691,1,11.013,
spanner,72.53,7692,1,10.433,
spanner,72.54,7693,1,9.906,
spanner,72.55,7694,1,12.728,
spanner,72.56,7695,1,10.822,
spanner,72.57,7696,1,10.083,
spanner,72.58,7697,1,10.125,
spanner,72.59,7698,1,8.330,
spanner,72.60,7699,1,7.768,
spanner,72.61,7700,1,9.380,
spanner,72.62,7701,1,9.148,
spanner,72.63,7702,1,12.209,
spanner,72.64,7703,1,11.326,
spanner,72.65,7704,1,12.094,
spanner,72.66,7705,1,12.229,
spanner,72.68,7706,1,12.224,
spanner,72.69,7707,1,11.098,
spanner,72.70,7708,1,13.272,
spanner,72.71,7709,1,12.956,
spanner,72.73,7710,1,11.221,
spanner,72.74,7711,1,8.365,
spanner,72.74,7712,1,8.804,
spanner,72.75,7713,1,9.825,
spanner,72.76,7714,1,10.464,
spanner,72.77,7715,1,8.242,
spanner,72.78,7716,1,7.825,
spanner,72.79,7717,1,7.420,
spanner,72.80,7718,1,8.116,
spanner,72.81,7719,1,9.068,
spanner,72.81,7720,1,9.952,
spanner,72.82,7721,1,10.240,
spanner,72.84,7722,1,12.148,
spanner,72.85,7723,1,8.630,
spanner,72.86,7724,1,9.403,
spanner,72.87,7725,1,9.355,
spanner,72.87,7726,1,9.942,
spanner,72.88,7727,1,8.663,
spanner,72.89,7728,1,8.350,
spanner,72.90,7729,1,9.332,
spanner,72.91,7730,1,11.877,
spanner,72.92,7731,1,9.909,
spanner,72.93,7732,1,8.942,
spanner,72.94,7733,1,10.369,
spanner,72.95,7734,1,8.982,
spanner,72.96,7735,1,10.930,
spanner,72.97,7736,1,10.858,
spanner,72.98,7737,1,9.603,
spanner,72.99,7738,1,10.834,
spanner,73.00,7739,1,10.376,
spanner,73.01,7740,1,9.428,
spanner,73.02,7741,1,7.980,
spanner,73.03,7742,1,10.577,
spanner,73.04,7743,1,10.335,
spanner,73.05,7744,1,12.111,
spanner,73.06,7745,1,10.615,
spanner,73.08,7746,1,12.576,
spanner,73.09,7747,1,10.572,
spanner,73.10,7748,1,8.556,
spanner,73.11,7749,1,8.266,
spanner,73.12,7750,1,9.656,
spanner,73.13,7751,1,10.130,
spanner,73.14,7752,1,11.058,
spanner,73.15,7753,1,10.026,
spanner,73.16,7754,1,9.620,
spanner,73.17,7755,1,11.441,
spanner,73.18,7756,1,12.969,
spanner,73.19,7757,1,15.276,
spanner,73.21,7758,1,12.724,
spanner,73.22,7759,1,11.937,
spanner,73.23,7760,1,10.653,
spanner,73.24,7761,1,8.987,
spanner,73.25,7762,1,10.334,
spanner,73.26,7763,1,9.491,
spanner,73.27,7764,1,10.931,
spanner,73.28,7765,1,11.679,
spanner,73.29,7766,1,10.359,
spanner,73.30,7767,1,10.541,
spanner,73.31,7768,1,13.559,
spanner,73.33,7769,1,13.631,
spanner,73.34,7770,1,12.923,
spanner,73.35,7771,1,13.374,
spanner,73.37,7772,1,13.453,
spanner,73.38,7773,1,12.224,
spanner,73.39,7774,1,13.016,
spanner,73.41,7775,1,13.415,
spanner,73.42,7776,1,14.385,
spanner,73.43,7777,1,14.201,
spanner,73.45,7778,1,14.480,
spanner,73.46,7779,1,15.731,
spanner,73.48,7780,1,13.922,
spanner,73.49,7781,1,14.674,
spanner,73.51,7782,1,12.489,
spanner,73.52,7783,1,12.881,
spanner,73.53,7784,1,11.957,
spanner,73.55,7785,1,10.180,
spanner,73.56,7786,1,13.163,
spanner,73.57,7787,1,12.663,
spanner,73.58,7788,1,10.331,
spanner,73.59,7789,1,10.364,
spanner,73.60,7790,1,9.978,
spanner,73.61,7791,1,10.024,
spanner,73.62,7792,1,8.290,
spanner,73.63,7793,1,8.624,
spanner,73.64,7794,1,8.684,
spanner,73.65,7795,1,6.635,
spanner,73.65,7796,1,6.403,
spanner,73.66,7797,1,7.204,
spanner,73.67,7798,1,6.573,
spanner,73.68,7799,1,6.405,
spanner,73.68,7800,1,6.867,
spanner,73.69,7801,1,6.647,
spanner,73.70,7802,1,7.245,
spanner,73.70,7803,1,7.589,
spanner,73.71,7804,1,6.954,
spanner,73.72,7805,1,7.219,
spanner,73.72,7806,1,8.320,
spanner,73.73,7807,1,7.678,
spanner,73.74,7808,1,10.405,
spanner,73.75,7809,1,10.976,
spanner,73.76,7810,1,9.218,
spanner,73.77,7811,1,8.390,
spanner,73.78,7812,1,8.573,
spanner,73.79,7813,1,10.239,
spanner,73.80,7814,1,9.904,
spanner,73.81,7815,1,8.511,
spanner,73.82,7816,1,9.924,
spanner,73.83,7817,1,10.449,
spanner,73.84,7818,1,11.847,
spanner,73.85,7819,1,11.548,
spanner,73.86,7820,1,12.140,
spanner,73.87,7821,1,11.948,
spanner,73.88,7822,1,9.904,
spanner,73.89,7823,1,6.636,
spanner,73.90,7824,1,6.373,
spanner,73.91,7825,1,6.858,
spanner,73.91,7826,1,7.900,
spanner,73.92,7827,1,6.953,
spanner,73.93,7828,1,6.893,
spanner,73.94,7829,1,6.807,
spanner,73.94,7830,1,6.636,
spanner,73.95,7831,1,6.593,
spanner,73.96,7832,1,6.462,
spanner,73.96,7833,1,6.542,
spanner,73.97,7834,1,6.742,
spanner,73.98,7835,1,6.515,
spanner,73.98,7836,1,6.947,
spanner,73.99,7837,1,6.637,
spanner,74.00,7838,1,6.782,
spanner,74.00,7839,1,6.596,
spanner,74.01,7840,1,6.449,
spanner,74.02,7841,1,6.642,
spanner,74.02,7842,1,7.746,
spanner,74.03,7843,1,6.862,
spanner,74.04,7844,1,8.749,
spanner,74.05,7845,1,7.428,
spanner,74.05,7846,1,9.427,
spanner,74.06,7847,1,10.896,
spanner,74.07,7848,1,11.005,
spanner,74.09,7849,1,10.789,
spanner,74.10,7850,1,11.058,
spanner,74.11,7851,1,9.977,
spanner,74.12,7852,1,8.098,
spanner,74.13,7853,1,8.288,
spanner,74.13,7854,1,10.725,
spanner,74.14,7855,1,9.858,
spanner,74.15,7856,1,10.004,
spanner,74.16,7857,1,10.807,
spanner,74.18,7858,1,7.655,
spanner,74.18,7859,1,7.452,
spanner,74.19,7860,1,7.806,
spanner,74.20,7861,1,7.691,
spanner,74.21,7862,1,8.741,
spanner,74.22,7863,1,9.419,
spanner,74.22,7864,1,6.628,
spanner,74.23,7865,1,7.303,
spanner,74.24,7866,1,9.587,
spanner,74.25,7867,1,9.842,
spanner,74.26,7868,1,8.784,
spanner,74.27,7869,1,10.270,
spanner,74.28,7870,1,9.316,
spanner,74.29,7871,1,8.718,
spanner,74.30,7872,1,9.400,
spanner,74.30,7873,1,10.192,
spanner,74.31,7874,1,10.940,
spanner,74.33,7875,1,11.073,
spanner,74.34,7876,1,10.589,
spanner,74.35,7877,1,10.868,
spanner,74.36,7878,1,12.730,
spanner,74.37,7879,1,12.140,
spanner,74.38,7880,1,12.261,
spanner,74.40,7881,1,11.133,
spanner,74.41,7882,1,9.160,
spanner,74.42,7883,1,7.408,
spanner,74.42,7884,1,7.684,
spanner,74.43,7885,1,7.501,
spanner,74.44,7886,1,8.607,
spanner,74.45,7887,1,11.788,
spanner,74.46,7888,1,12.852,
spanner,74.47,7889,1,9.345,
spanner,74.48,7890,1,8.410,
spanner,74.49,7891,1,8.727,
spanner,74.50,7892,1,7.873,
spanner,74.51,7893,1,8.135,
spanner,74.52,7894,1,10.089,
spanner,74.53,7895,1,9.594,
spanner,74.53,7896,1,11.318,
spanner,74.55,7897,1,10.670,
spanner,74.56,7898,1,10.912,
spanner,74.57,7899,1,10.475,
spanner,74.58,7900,1,9.184,
spanner,74.59,7901,1,8.396,
spanner,74.60,7902,1,11.624,
spanner,74.61,7903,1,9.690,
spanner,74.62,7904,1,12.844,
spanner,74.63,7905,1,10.377,
spanner,74.64,7906,1,9.021,
spanner,74.65,7907,1,7.666,
spanner,74.66,7908,1,7.412,
spanner,74.66,7909,1,7.450,
spanner,74.67,7910,1,7.624,
spanner,74.68,7911,1,8.891,
spanner,74.69,7912,1,10.488,
spanner,74.70,7913,1,12.511,
spanner,74.71,7914,1,10.693,
spanner,74.72,7915,1,8.672,
spanner,74.73,7916,1,8.070,
spanner,74.74,7917,1,8.772,
spanner,74.75,7918,1,11.557,
spanner,74.76,7919,1,12.540,
spanner,74.77,7920,1,11.493,
spanner,74.78,7921,1,12.473,
spanner,74.80,7922,1,10.931,
spanner,74.81,7923,1,9.016,
spanner,74.82,7924,1,8.956,
spanner,74.83,7925,1,9.794,
spanner,74.84,7926,1,9.914,
spanner,74.85,7927,1,9.222,
spanner,74.85,7928,1,9.033,
spanner,74.86,7929,1,8.483,
spanner,74.87,7930,1,7.779,
spanner,74.88,7931,1,7.703,
spanner,74.89,7932,1,7.457,
spanner,74.90,7933,1,8.135,
spanner,74.90,7934,1,10.955,
spanner,74.91,7935,1,12.129,
spanner,74.93,7936,1,11.531,
spanner,74.94,7937,1,12.267,
spanner,74.95,7938,1,11.932,
spanner,74.96,7939,1,12.108,
spanner,74.97,7940,1,12.082,
spanner,74.99,7941,1,12.384,
spanner,75.00,7942,1,11.175,
spanner,75.01,7943,1,9.394,
spanner,75.02,7944,1,10.314,
spanner,75.03,7945,1,8.130,
spanner,75.04,7946,1,8.171,
spanner,75.05,7947,1,8.798,
spanner,75.06,7948,1,9.726,
spanner,75.07,7949,1,9.550,
spanner,75.07,7950,1,9.212,
spanner,75.08,7951,1,8.803,
spanner,75.09,7952,1,8.623,
spanner,75.10,7953,1,10.528,
spanner,75.11,7954,1,12.414,
spanner,75.12,7955,1,12.983,
spanner,75.14,7956,1,10.142,
spanner,75.15,7957,1,9.720,
spanner,75.16,7958,1,12.723,
spanner,75.17,7959,1,14.045,
spanner,75.18,7960,1,10.986,
spanner,75.20,7961,1,9.958,
spanner,75.21,7962,1,10.046,
spanner,75.22,7963,1,8.715,
spanner,75.22,7964,1,9.706,
spanner,75.23,7965,1,12.473,
spanner,75.25,7966,1,12.981,
spanner,75.26,7967,1,13.117,
spanner,75.27,7968,1,14.276,
spanner,75.29,7969,1,12.934,
spanner,75.30,7970,1,14.308,
spanner,75.31,7971,1,13.098,
spanner,75.33,7972,1,9.596,
spanner,75.34,7973,1,8.685,
spanner,75.35,7974,1,9.813,
spanner,75.36,7975,1,11.604,
spanner,75.37,7976,1,10.870,
spanner,75.38,7977,1,11.394,
spanner,75.39,7978,1,13.212,
spanner,75.40,7979,1,12.844,
spanner,75.42,7980,1,12.517,
spanner,75.43,7981,1,14.936,
spanner,75.44,7982,1,15.734,
spanner,75.46,7983,1,15.554,
spanner,75.47,7984,1,12.121,
spanner,75.49,7985,1,11.187,
spanner,75.50,7986,1,9.139,
spanner,75.51,7987,1,7.554,
spanner,75.52,7988,1,7.369,
spanner,75.52,7989,1,7.984,
spanner,75.53,7990,1,9.835,
spanner,75.54,7991,1,8.911,
spanner,75.55,7992,1,9.488,
spanner,75.56,7993,1,10.207,
spanner,75.57,7994,1,10.643,
spanner,75.58,7995,1,10.325,
spanner,75.59,7996,1,8.070,
spanner,75.60,7997,1,7.601,
spanner,75.61,7998,1,7.037,
spanner,75.61,7999,1,10.255,
spanner,75.62,8000,1,15.655,
spanner,75.64,8001,1,20.283,
spanner,75.66,8002,1,14.182,
spanner,75.67,8003,1,7.087,
spanner,75.68,8004,1,6.901,
spanner,75.69,8005,1,6.287,
spanner,75.69,8006,1,6.803,
spanner,75.70,8007,1,6.756,
spanner,75.71,8008,1,6.710,
spanner,75.71,8009,1,7.065,
spanner,75.72,8010,1,9.451,
spanner,75.73,8011,1,12.375,
spanner,75.74,8012,1,10.259,
spanner,75.75,8013,1,6.128,
spanner,75.76,8014,1,5.970,
spanner,75.77,8015,1,5.829,
spanner,75.77,8016,1,5.986,
spanner,75.78,8017,1,6.611,
spanner,75.78,8018,1,7.569,
spanner,75.79,8019,1,9.089,
spanner,75.80,8020,1,9.192,
spanner,75.81,8021,1,8.279,
spanner,75.82,8022,1,10.418,
spanner,75.83,8023,1,18.731,
spanner,75.85,8024,1,8.374,
spanner,75.86,8025,1,6.032,
spanner,75.86,8026,1,6.359,
spanner,75.87,8027,1,5.758,
spanner,75.87,8028,1,6.050,
spanner,75.88,8029,1,5.898,
spanner,75.89,8030,1,6.097,
spanner,75.89,8031,1,5.901,
spanner,75.90,8032,1,7.006,
spanner,75.91,8033,1,8.008,
spanner,75.91,8034,1,7.595,
spanner,75.92,8035,1,8.121,
spanner,75.93,8036,1,15.077,
spanner,75.94,8037,1,10.431,
spanner,75.95,8038,1,7.047,
spanner,75.96,8039,1,6.844,
spanner,75.97,8040,1,6.849,
spanner,75.98,8041,1,6.747,
spanner,75.98,8042,1,9.253,
spanner,75.99,8043,1,10.770,
spanner,76.00,8044,1,9.253,
spanner,76.01,8045,1,9.203,
spanner,76.02,8046,1,7.052,
spanner,76.03,8047,1,11.096,
spanner,76.04,8048,1,9.843,
spanner,76.05,8049,1,7.360,
spanner,76.06,8050,1,6.322,
spanner,76.06,8051,1,6.198,
spanner,76.07,8052,1,6.376,
spanner,76.08,8053,1,7.178,
spanner,76.08,8054,1,7.446,
spanner,76.09,8055,1,7.368,
spanner,76.10,8056,1,7.020,
spanner,76.10,8057,1,8.157,
spanner,76.11,8058,1,8.865,
spanner,76.12,8059,1,12.175,
spanner,76.13,8060,1,8.152,
spanner,76.14,8061,1,8.571,
spanner,76.15,8062,1,7.627,
spanner,76.16,8063,1,6.481,
spanner,76.16,8064,1,6.416,
spanner,76.17,8065,1,8.528,
spanner,76.18,8066,1,9.144,
spanner,76.19,8067,1,9.925,
spanner,76.20,8068,1,9.637,
spanner,76.21,8069,1,9.496,
spanner,76.22,8070,1,7.668,
spanner,76.23,8071,1,14.809,
spanner,76.24,8072,1,12.887,
spanner,76.25,8073,1,7.252,
spanner,76.26,8074,1,7.341,
spanner,76.27,8075,1,8.219,
spanner,76.28,8076,1,7.039,
spanner,76.28,8077,1,6.310,
spanner,76.29,8078,1,7.234,
spanner,76.30,8079,1,7.682,
spanner,76.31,8080,1,7.537,
spanner,76.31,8081,1,6.677,
spanner,76.32,8082,1,7.291,
spanner,76.33,8083,1,10.882,
spanner,76.34,8084,1,9.098,
spanner,76.35,8085,1,8.094,
spanner,76.35,8086,1,6.746,
spanner,76.36,8087,1,6.461,
spanner,76.37,8088,1,7.550,
spanner,76.38,8089,1,8.215,
spanner,76.38,8090,1,7.911,
spanner,76.39,8091,1,7.911,
spanner,76.40,8092,1,8.018,
spanner,76.41,8093,1,7.733,
spanner,76.42,8094,1,7.560,
spanner,76.42,8095,1,10.267,
spanner,76.43,8096,1,9.788,
spanner,76.44,8097,1,9.194,
spanner,76.45,8098,1,8.057,
spanner,76.46,8099,1,8.580,
spanner,76.47,8100,1,8.211,
spanner,76.48,8101,1,7.878,
spanner,76.49,8102,1,8.084,
spanner,76.49,8103,1,7.630,
spanner,76.50,8104,1,7.498,
spanner,76.51,8105,1,7.469,
spanner,76.52,8106,1,7.346,
spanner,76.52,8107,1,10.248,
spanner,76.53,8108,1,10.765,
spanner,76.54,8109,1,9.784,
spanner,76.55,8110,1,7.695,
spanner,76.56,8111,1,7.466,
spanner,76.57,8112,1,7.726,
spanner,76.58,8113,1,7.464,
spanner,76.58,8114,1,7.881,
spanner,76.59,8115,1,7.343,
spanner,76.60,8116,1,7.733,
spanner,76.61,8117,1,8.712,
spanner,76.62,8118,1,10.072,
spanner,76.63,8119,1,11.634,
spanner,76.64,8120,1,8.723,
spanner,76.65,8121,1,8.019,
spanner,76.66,8122,1,8.164,
spanner,76.66,8123,1,8.892,
spanner,76.67,8124,1,7.451,
spanner,76.68,8125,1,8.506,
spanner,76.69,8126,1,10.122,
spanner,76.70,8127,1,8.904,
spanner,76.71,8128,1,8.260,
spanner,76.72,8129,1,9.780,
spanner,76.73,8130,1,16.923,
spanner,76.74,8131,1,11.351,
spanner,76.75,8132,1,9.169,
spanner,76.76,8133,1,10.831,
spanner,76.77,8134,1,12.469,
spanner,76.79,8135,1,12.349,
spanner,76.80,8136,1,10.200,
spanner,76.81,8137,1,13.135,
spanner,76.82,8138,1,17.348,
spanner,76.84,8139,1,13.046,
spanner,76.85,8140,1,7.457,
spanner,76.86,8141,1,7.949,
spanner,76.87,8142,1,9.304,
spanner,76.88,8143,1,8.175,
spanner,76.89,8144,1,8.337,
spanner,76.89,8145,1,7.600,
spanner,76.90,8146,1,7.885,
spanner,76.91,8147,1,9.017,
spanner,76.92,8148,1,12.574,
spanner,76.93,8149,1,11.096,
spanner,76.94,8150,1,9.834,
spanner,76.95,8151,1,9.451,
spanner,76.96,8152,1,8.323,
spanner,76.97,8153,1,8.127,
spanner,76.98,8154,1,9.221,
spanner,76.99,8155,1,8.857,
spanner,77.00,8156,1,9.716,
spanner,77.01,8157,1,11.935,
spanner,77.02,8158,1,13.055,
spanner,77.03,8159,1,16.194,
spanner,77.05,8160,1,9.692,
spanner,77.06,8161,1,8.562,
spanner,77.07,8162,1,9.286,
spanner,77.08,8163,1,11.617,
spanner,77.09,8164,1,8.642,
spanner,77.10,8165,1,8.543,
spanner,77.10,8166,1,8.351,
spanner,77.11,8167,1,8.543,
spanner,77.12,8168,1,9.714,
spanner,77.13,8169,1,13.402,
spanner,77.14,8170,1,8.692,
spanner,77.15,8171,1,9.057,
spanner,77.16,8172,1,8.568,
spanner,77.17,8173,1,8.546,
spanner,77.18,8174,1,8.323,
spanner,77.19,8175,1,8.618,
spanner,77.20,8176,1,8.286,
spanner,77.20,8177,1,9.269,
spanner,77.21,8178,1,9.444,
spanner,77.22,8179,1,15.970,
spanner,77.24,8180,1,9.232,
spanner,77.25,8181,1,8.986,
spanner,77.26,8182,1,9.386,
spanner,77.27,8183,1,8.785,
spanner,77.28,8184,1,8.772,
spanner,77.28,8185,1,8.385,
spanner,77.29,8186,1,8.526,
spanner,77.30,8187,1,9.001,
spanner,77.31,8188,1,8.703,
spanner,77.32,8189,1,10.419,
spanner,77.33,8190,1,13.695,
spanner,77.34,8191,1,8.700,
spanner,77.35,8192,1,8.505,
spanner,77.36,8193,1,8.484,
spanner,77.37,8194,1,8.626,
spanner,77.38,8195,1,9.023,
spanner,77.39,8196,1,13.483,
spanner,77.40,8197,1,14.292,
spanner,77.42,8198,1,16.642,
spanner,77.43,8199,1,17.141,
spanner,77.45,8200,1,8.693,
spanner,77.46,8201,1,10.656,
spanner,77.47,8202,1,13.344,
spanner,77.48,8203,1,9.335,
spanner,77.49,8204,1,11.810,
spanner,77.50,8205,1,11.062,
spanner,77.51,8206,1,7.554,
spanner,77.52,8207,1,10.668,
spanner,77.53,8208,1,12.833,
spanner,77.55,8209,1,7.288,
spanner,77.55,8210,1,6.806,
spanner,77.56,8211,1,6.550,
spanner,77.57,8212,1,6.866,
spanner,77.57,8213,1,6.761,
spanner,77.58,8214,1,6.918,
spanner,77.59,8215,1,7.349,
spanner,77.59,8216,1,6.725,
spanner,77.60,8217,1,6.494,
spanner,77.61,8218,1,5.939,
spanner,77.61,8219,1,6.746,
spanner,77.62,8220,1,12.382,
spanner,77.63,8221,1,10.854,
spanner,77.64,8222,1,7.854,
spanner,77.65,8223,1,6.639,
spanner,77.66,8224,1,6.119,
spanner,77.66,8225,1,7.194,
spanner,77.67,8226,1,8.017,
spanner,77.68,8227,1,8.354,
spanner,77.69,8228,1,7.617,
spanner,77.70,8229,1,6.727,
spanner,77.70,8230,1,8.699,
spanner,77.71,8231,1,7.149,
spanner,77.72,8232,1,6.943,
spanner,77.73,8233,1,15.363,
spanner,77.74,8234,1,7.084,
spanner,77.75,8235,1,6.244,
spanner,77.75,8236,1,5.917,
spanner,77.76,8237,1,5.798,
spanner,77.77,8238,1,6.419,
spanner,77.77,8239,1,6.229,
spanner,77.78,8240,1,6.590,
spanner,77.79,8241,1,8.029,
spanner,77.79,8242,1,9.149,
spanner,77.80,8243,1,7.630,
spanner,77.81,8244,1,6.524,
spanner,77.82,8245,1,8.584,
spanner,77.83,8246,1,16.640,
spanner,77.84,8247,1,7.020,
spanner,77.85,8248,1,6.748,
spanner,77.86,8249,1,6.858,
spanner,77.86,8250,1,6.940,
spanner,77.87,8251,1,6.501,
spanner,77.88,8252,1,6.879,
spanner,77.88,8253,1,7.718,
spanner,77.89,8254,1,7.060,
spanner,77.90,8255,1,7.028,
spanner,77.90,8256,1,6.610,
spanner,77.91,8257,1,6.951,
spanner,77.92,8258,1,9.649,
spanner,77.93,8259,1,14.739,
spanner,77.94,8260,1,7.218,
spanner,77.95,8261,1,5.900,
spanner,77.96,8262,1,6.225,
spanner,77.96,8263,1,7.256,
spanner,77.97,8264,1,8.335,
spanner,77.98,8265,1,9.598,
spanner,77.99,8266,1,9.272,
spanner,78.00,8267,1,8.664,
spanner,78.01,8268,1,10.039,
spanner,78.02,8269,1,10.245,
spanner,78.03,8270,1,14.210,
spanner,78.04,8271,1,10.333,
spanner,78.05,8272,1,7.034,
spanner,78.06,8273,1,6.645,
spanner,78.06,8274,1,6.774,
spanner,78.07,8275,1,6.885,
spanner,78.08,8276,1,6.127,
spanner,78.08,8277,1,6.373,
spanner,78.09,8278,1,7.884,
spanner,78.10,8279,1,7.667,
spanner,78.11,8280,1,6.732,
spanner,78.11,8281,1,7.316,
spanner,78.12,8282,1,9.226,
spanner,78.13,8283,1,18.257,
spanner,78.15,8284,1,7.796,
spanner,78.16,8285,1,7.287,
spanner,78.16,8286,1,7.266,
spanner,78.17,8287,1,8.756,
spanner,78.18,8288,1,8.083,
spanner,78.19,8289,1,8.842,
spanner,78.20,8290,1,9.001,
spanner,78.21,8291,1,10.209,
spanner,78.22,8292,1,10.261,
spanner,78.23,8293,1,13.281,
spanner,78.24,8294,1,10.388,
spanner,78.25,8295,1,6.904,
spanner,78.26,8296,1,6.408,
spanner,78.26,8297,1,6.549,
spanner,78.27,8298,1,6.981,
spanner,78.28,8299,1,8.058,
spanner,78.28,8300,1,9.456,
spanner,78.29,8301,1,11.171,
spanner,78.31,8302,1,12.607,
spanner,78.32,8303,1,8.289,
spanner,78.33,8304,1,11.302,
spanner,78.34,8305,1,9.028,
spanner,78.35,8306,1,7.968,
spanner,78.35,8307,1,6.737,
spanner,78.36,8308,1,6.935,
spanner,78.37,8309,1,8.348,
spanner,78.38,8310,1,7.359,
spanner,78.38,8311,1,8.059,
spanner,78.39,8312,1,8.477,
spanner,78.40,8313,1,9.439,
spanner,78.41,8314,1,8.013,
spanner,78.42,8315,1,7.285,
spanner,78.43,8316,1,11.906,
spanner,78.44,8317,1,12.028,
spanner,78.45,8318,1,8.040,
spanner,78.46,8319,1,8.234,
spanner,78.47,8320,1,9.664,
spanner,78.48,8321,1,8.255,
spanner,78.48,8322,1,8.839,
spanner,78.49,8323,1,10.969,
spanner,78.50,8324,1,11.105,
spanner,78.51,8325,1,11.525,
spanner,78.53,8326,1,18.789,
spanner,78.55,8327,1,9.665,
spanner,78.56,8328,1,7.499,
spanner,78.56,8329,1,8.213,
spanner,78.57,8330,1,8.749,
spanner,78.58,8331,1,7.867,
spanner,78.59,8332,1,8.035,
spanner,78.60,8333,1,7.761,
spanner,78.60,8334,1,7.688,
spanner,78.61,8335,1,7.927,
spanner,78.62,8336,1,7.894,
spanner,78.63,8337,1,18.279,
spanner,78.65,8338,1,12.064,
spanner,78.66,8339,1,7.936,
spanner,78.67,8340,1,7.284,
spanner,78.67,8341,1,7.279,
spanner,78.68,8342,1,9.179,
spanner,78.69,8343,1,9.742,
spanner,78.70,8344,1,7.684,
spanner,78.71,8345,1,7.977,
spanner,78.71,8346,1,7.009,
spanner,78.72,8347,1,9.154,
spanner,78.73,8348,1,19.991,
spanner,78.75,8349,1,9.224,
spanner,78.76,8350,1,8.706,
spanner,78.77,8351,1,8.775,
spanner,78.78,8352,1,8.110,
spanner,78.79,8353,1,8.557,
spanner,78.79,8354,1,8.334,
spanner,78.80,8355,1,8.839,
spanner,78.81,8356,1,7.725,
spanner,78.82,8357,1,8.920,
spanner,78.83,8358,1,21.031,
spanner,78.85,8359,1,9.159,
spanner,78.86,8360,1,10.458,
spanner,78.87,8361,1,9.285,
spanner,78.88,8362,1,12.601,
spanner,78.89,8363,1,11.105,
spanner,78.90,8364,1,13.572,
spanner,78.92,8365,1,14.153,
spanner,78.93,8366,1,20.127,
spanner,78.95,8367,1,9.292,
spanner,78.96,8368,1,11.761,
spanner,78.97,8369,1,10.659,
spanner,78.98,8370,1,13.345,
spanner,79.00,8371,1,10.991,
spanner,79.01,8372,1,10.324,
spanner,79.02,8373,1,12.602,
spanner,79.03,8374,1,19.357,
spanner,79.05,8375,1,8.653,
spanner,79.06,8376,1,8.856,
spanner,79.07,8377,1,8.737,
spanner,79.08,8378,1,8.441,
spanner,79.08,8379,1,8.631,
spanner,79.09,8380,1,8.999,
spanner,79.10,8381,1,10.878,
spanner,79.11,8382,1,13.565,
spanner,79.13,8383,1,15.305,
spanner,79.14,8384,1,11.434,
spanner,79.15,8385,1,8.586,
spanner,79.16,8386,1,9.821,
spanner,79.17,8387,1,11.616,
spanner,79.18,8388,1,10.390,
spanner,79.19,8389,1,12.076,
spanner,79.21,8390,1,11.550,
spanner,79.22,8391,1,9.507,
spanner,79.23,8392,1,19.508,
spanner,79.25,8393,1,9.243,
spanner,79.26,8394,1,8.955,
spanner,79.26,8395,1,9.073,
spanner,79.27,8396,1,11.552,
spanner,79.29,8397,1,12.179,
spanner,79.30,8398,1,10.473,
spanner,79.31,8399,1,12.581,
spanner,79.32,8400,1,14.279,
spanner,79.34,8401,1,14.159,
spanner,79.35,8402,1,9.182,
spanner,79.36,8403,1,8.878,
spanner,79.37,8404,1,11.239,
spanner,79.38,8405,1,11.281,
spanner,79.39,8406,1,9.643,
spanner,79.40,8407,1,9.013,
spanner,79.41,8408,1,9.281,
spanner,79.42,8409,1,8.869,
spanner,79.43,8410,1,20.976,
spanner,79.45,8411,1,15.445,
spanner,79.46,8412,1,13.250,
spanner,79.48,8413,1,11.429,
spanner,79.49,8414,1,10.230,
spanner,79.50,8415,1,8.872,
spanner,79.51,8416,1,8.670,
spanner,79.52,8417,1,9.653,
spanner,79.53,8418,1,17.398,
spanner,79.54,8419,1,11.039,
spanner,79.55,8420,1,11.436,
spanner,79.57,8421,1,9.333,
spanner,79.58,8422,1,9.965,
spanner,79.59,8423,1,10.019,
spanner,79.60,8424,1,11.156,
spanner,79.61,8425,1,10.235,
spanner,79.62,8426,1,10.644,
spanner,79.63,8427,1,18.886,
spanner,79.65,8428,1,9.927,
spanner,79.66,8429,1,8.851,
spanner,79.67,8430,1,9.068,
spanner,79.67,8431,1,8.023,
spanner,79.68,8432,1,7.928,
spanner,79.69,8433,1,9.144,
spanner,79.70,8434,1,8.170,
spanner,79.71,8435,1,6.923,
spanner,79.71,8436,1,6.997,
spanner,79.72,8437,1,7.612,
spanner,79.73,8438,1,12.302,
spanner,79.74,8439,1,8.704,
spanner,79.75,8440,1,6.029,
spanner,79.76,8441,1,6.569,
spanner,79.76,8442,1,9.624,
spanner,79.77,8443,1,7.491,
spanner,79.78,8444,1,8.331,
spanner,79.79,8445,1,8.084,
spanner,79.80,8446,1,9.197,
spanner,79.81,8447,1,9.868,
spanner,79.82,8448,1,6.727,
spanner,79.82,8449,1,7.213,
spanner,79.83,8450,1,17.292,
spanner,79.85,8451,1,6.926,
spanner,79.85,8452,1,6.704,
spanner,79.86,8453,1,7.247,
spanner,79.87,8454,1,6.330,
spanner,79.87,8455,1,6.921,
spanner,79.88,8456,1,8.340,
spanner,79.89,8457,1,7.026,
spanner,79.90,8458,1,7.284,
spanner,79.90,8459,1,8.075,
spanner,79.91,8460,1,6.799,
spanner,79.92,8461,1,6.460,
spanner,79.93,8462,1,12.175,
spanner,79.94,8463,1,9.877,
spanner,79.95,8464,1,6.998,
spanner,79.95,8465,1,6.846,
spanner,79.96,8466,1,6.747,
spanner,79.97,8467,1,6.468,
spanner,79.97,8468,1,6.650,
spanner,79.98,8469,1,6.962,
spanner,79.99,8470,1,8.583,
spanner,80.00,8471,1,7.102,
spanner,80.00,8472,1,6.748,
spanner,80.01,8473,1,6.806,
spanner,80.02,8474,1,6.761,
spanner,80.02,8475,1,12.466,
spanner,80.04,8476,1,9.036,
spanner,80.05,8477,1,6.534,
spanner,80.05,8478,1,6.598,
spanner,80.06,8479,1,6.160,
spanner,80.07,8480,1,6.225,
spanner,80.07,8481,1,6.930,
spanner,80.08,8482,1,7.241,
spanner,80.09,8483,1,7.142,
spanner,80.09,8484,1,6.586,
spanner,80.10,8485,1,6.388,
spanner,80.11,8486,1,6.553,
spanner,80.11,8487,1,6.197,
spanner,80.12,8488,1,6.846,
spanner,80.13,8489,1,13.145,
spanner,80.14,8490,1,7.526,
spanner,80.15,8491,1,6.643,
spanner,80.15,8492,1,6.579,
spanner,80.16,8493,1,6.042,
spanner,80.17,8494,1,6.950,
spanner,80.17,8495,1,8.266,
spanner,80.18,8496,1,9.732,
spanner,80.19,8497,1,9.911,
spanner,80.20,8498,1,9.950,
spanner,80.21,8499,1,10.268,
spanner,80.22,8500,1,12.880,
spanner,80.23,8501,1,9.054,
spanner,80.24,8502,1,8.877,
spanner,80.25,8503,1,7.829,
spanner,80.26,8504,1,6.803,
spanner,80.27,8505,1,6.872,
spanner,80.27,8506,1,7.301,
spanner,80.28,8507,1,8.734,
spanner,80.29,8508,1,11.725,
spanner,80.30,8509,1,9.700,
spanner,80.31,8510,1,9.052,
spanner,80.32,8511,1,10.559,
spanner,80.33,8512,1,9.899,
spanner,80.34,8513,1,6.632,
spanner,80.35,8514,1,5.780,
spanner,80.35,8515,1,6.586,
spanner,80.36,8516,1,7.681,
spanner,80.37,8517,1,7.239,
spanner,80.38,8518,1,7.899,
spanner,80.38,8519,1,9.484,
spanner,80.39,8520,1,10.100,
spanner,80.40,8521,1,11.351,
spanner,80.41,8522,1,10.426,
spanner,80.42,8523,1,14.893,
spanner,80.44,8524,1,7.785,
spanner,80.45,8525,1,8.941,
spanner,80.46,8526,1,8.094,
spanner,80.46,8527,1,7.295,
spanner,80.47,8528,1,7.714,
spanner,80.48,8529,1,7.556,
spanner,80.49,8530,1,7.950,
spanner,80.50,8531,1,8.326,
spanner,80.50,8532,1,9.466,
spanner,80.51,8533,1,8.865,
spanner,80.52,8534,1,11.726,
spanner,80.53,8535,1,10.928,
spanner,80.54,8536,1,8.059,
spanner,80.55,8537,1,7.770,
spanner,80.56,8538,1,7.272,
spanner,80.57,8539,1,7.710,
spanner,80.58,8540,1,10.160,
spanner,80.59,8541,1,8.485,
spanner,80.59,8542,1,9.628,
spanner,80.60,8543,1,9.376,
spanner,80.61,8544,1,11.676,
spanner,80.63,8545,1,22.985,
spanner,80.65,8546,1,7.209,
spanner,80.66,8547,1,6.750,
spanner,80.66,8548,1,7.140,
spanner,80.67,8549,1,8.062,
spanner,80.68,8550,1,8.643,
spanner,80.69,8551,1,11.051,
spanner,80.70,8552,1,10.738,
spanner,80.71,8553,1,8.658,
spanner,80.72,8554,1,9.830,
spanner,80.73,8555,1,15.907,
spanner,80.74,8556,1,8.156,
spanner,80.75,8557,1,7.764,
spanner,80.76,8558,1,8.017,
spanner,80.77,8559,1,8.327,
spanner,80.78,8560,1,10.610,
spanner,80.79,8561,1,10.205,
spanner,80.80,8562,1,10.578,
spanner,80.81,8563,1,7.614,
spanner,80.81,8564,1,7.408,
spanner,80.82,8565,1,11.795,
spanner,80.83,8566,1,11.064,
spanner,80.84,8567,1,7.265,
spanner,80.85,8568,1,8.449,
spanner,80.86,8569,1,8.487,
spanner,80.87,8570,1,10.901,
spanner,80.88,8571,1,9.883,
spanner,80.89,8572,1,8.899,
spanner,80.90,8573,1,7.833,
spanner,80.91,8574,1,8.091,
spanner,80.91,8575,1,7.135,
spanner,80.92,8576,1,10.108,
spanner,80.93,8577,1,10.956,
spanner,80.94,8578,1,7.920,
spanner,80.95,8579,1,8.251,
spanner,80.96,8580,1,7.223,
spanner,80.97,8581,1,8.020,
spanner,80.97,8582,1,11.335,
spanner,80.99,8583,1,10.417,
spanner,81.00,8584,1,10.708,
spanner,81.01,8585,1,11.956,
spanner,81.02,8586,1,16.352,
spanner,81.04,8587,1,11.154,
spanner,81.05,8588,1,7.938,
spanner,81.05,8589,1,7.969,
spanner,81.06,8590,1,9.704,
spanner,81.07,8591,1,7.973,
spanner,81.08,8592,1,9.523,
spanner,81.09,8593,1,10.496,
spanner,81.10,8594,1,8.287,
spanner,81.11,8595,1,7.821,
spanner,81.12,8596,1,7.685,
spanner,81.12,8597,1,12.945,
spanner,81.14,8598,1,8.775,
spanner,81.15,8599,1,7.604,
spanner,81.15,8600,1,8.011,
spanner,81.16,8601,1,8.409,
spanner,81.17,8602,1,8.162,
spanner,81.18,8603,1,9.665,
spanner,81.19,8604,1,8.931,
spanner,81.20,8605,1,8.544,
spanner,81.21,8606,1,10.383,
spanner,81.22,8607,1,9.408,
spanner,81.23,8608,1,16.624,
spanner,81.24,8609,1,8.432,
spanner,81.25,8610,1,7.687,
spanner,81.26,8611,1,8.556,
spanner,81.27,8612,1,9.571,
spanner,81.28,8613,1,9.248,
spanner,81.29,8614,1,8.915,
spanner,81.29,8615,1,8.631,
spanner,81.30,8616,1,8.573,
spanner,81.31,8617,1,8.448,
spanner,81.32,8618,1,11.701,
spanner,81.33,8619,1,12.286,
spanner,81.34,8620,1,8.950,
spanner,81.35,8621,1,8.739,
spanner,81.36,8622,1,9.439,
spanner,81.37,8623,1,8.469,
spanner,81.38,8624,1,7.985,
spanner,81.39,8625,1,8.424,
spanner,81.40,8626,1,7.971,
spanner,81.40,8627,1,8.377,
spanner,81.41,8628,1,8.143,
spanner,81.42,8629,1,12.355,
spanner,81.43,8630,1,8.925,
spanner,81.44,8631,1,8.614,
spanner,81.45,8632,1,8.106,
spanner,81.46,8633,1,8.723,
spanner,81.47,8634,1,9.522,
spanner,81.48,8635,1,8.556,
spanner,81.49,8636,1,8.485,
spanner,81.49,8637,1,8.176,
spanner,81.50,8638,1,10.266,
spanner,81.51,8639,1,11.429,
spanner,81.52,8640,1,13.107,
spanner,81.54,8641,1,9.041,
spanner,81.55,8642,1,9.425,
spanner,81.56,8643,1,9.520,
spanner,81.57,8644,1,8.801,
spanner,81.57,8645,1,9.399,
spanner,81.58,8646,1,9.146,
spanner,81.59,8647,1,10.061,
spanner,81.60,8648,1,10.210,
spanner,81.61,8649,1,12.000,
spanner,81.63,8650,1,11.772,
spanner,81.64,8651,1,8.701,
spanner,81.65,8652,1,8.635,
spanner,81.66,8653,1,9.112,
spanner,81.66,8654,1,9.425,
spanner,81.67,8655,1,11.424,
spanner,81.69,8656,1,9.204,
spanner,81.69,8657,1,9.212,
spanner,81.70,8658,1,7.514,
spanner,81.71,8659,1,7.056,
spanner,81.72,8660,1,6.833,
spanner,81.73,8661,1,8.005,
spanner,81.73,8662,1,10.899,
spanner,81.74,8663,1,7.834,
spanner,81.75,8664,1,7.790,
spanner,81.76,8665,1,6.967,
spanner,81.77,8666,1,7.170,
spanner,81.77,8667,1,6.211,
spanner,81.78,8668,1,6.517,
spanner,81.79,8669,1,7.063,
spanner,81.79,8670,1,7.463,
spanner,81.80,8671,1,7.484,
spanner,81.81,8672,1,9.425,
spanner,81.82,8673,1,10.651,
spanner,81.83,8674,1,13.903,
spanner,81.84,8675,1,7.049,
spanner,81.85,8676,1,6.962,
spanner,81.86,8677,1,6.377,
spanner,81.86,8678,1,7.490,
spanner,81.87,8679,1,7.245,
spanner,81.88,8680,1,6.580,
spanner,81.88,8681,1,7.590,
spanner,81.89,8682,1,9.789,
spanner,81.90,8683,1,8.395,
spanner,81.91,8684,1,9.677,
spanner,81.92,8685,1,8.751,
spanner,81.93,8686,1,14.468,
spanner,81.94,8687,1,8.492,
spanner,81.95,8688,1,8.037,
spanner,81.96,8689,1,7.288,
spanner,81.97,8690,1,6.909,
spanner,81.97,8691,1,6.592,
spanner,81.98,8692,1,8.732,
spanner,81.99,8693,1,8.504,
spanner,82.00,8694,1,9.451,
spanner,82.01,8695,1,9.784,
spanner,82.02,8696,1,9.681,
spanner,82.03,8697,1,16.808,
spanner,82.04,8698,1,7.598,
spanner,82.05,8699,1,7.731,
spanner,82.06,8700,1,6.911,
spanner,82.07,8701,1,8.359,
spanner,82.08,8702,1,9.385,
spanner,82.08,8703,1,8.504,
spanner,82.09,8704,1,8.995,
spanner,82.10,8705,1,8.862,
spanner,82.11,8706,1,7.322,
spanner,82.12,8707,1,7.913,
spanner,82.13,8708,1,10.371,
spanner,82.14,8709,1,8.381,
spanner,82.15,8710,1,6.660,
spanner,82.15,8711,1,6.173,
spanner,82.16,8712,1,6.596,
spanner,82.16,8713,1,6.106,
spanner,82.17,8714,1,6.594,
spanner,82.18,8715,1,6.296,
spanner,82.18,8716,1,6.484,
spanner,82.19,8717,1,7.263,
spanner,82.20,8718,1,6.933,
spanner,82.20,8719,1,7.416,
spanner,82.21,8720,1,6.888,
spanner,82.22,8721,1,6.330,
spanner,82.23,8722,1,13.624,
spanner,82.24,8723,1,10.001,
spanner,82.25,8724,1,7.065,
spanner,82.26,8725,1,6.942,
spanner,82.26,8726,1,7.168,
spanner,82.27,8727,1,7.053,
spanner,82.28,8728,1,7.045,
spanner,82.28,8729,1,6.973,
spanner,82.29,8730,1,6.962,
spanner,82.30,8731,1,6.323,
spanner,82.30,8732,1,6.923,
spanner,82.31,8733,1,7.265,
spanner,82.32,8734,1,9.771,
spanner,82.33,8735,1,9.988,
spanner,82.34,8736,1,7.252,
spanner,82.35,8737,1,6.552,
spanner,82.35,8738,1,6.340,
spanner,82.36,8739,1,6.714,
spanner,82.37,8740,1,8.283,
spanner,82.37,8741,1,7.044,
spanner,82.38,8742,1,7.222,
spanner,82.39,8743,1,7.891,
spanner,82.40,8744,1,6.974,
spanner,82.40,8745,1,7.011,
spanner,82.41,8746,1,7.086,
spanner,82.42,8747,1,7.657,
spanner,82.43,8748,1,10.770,
spanner,82.44,8749,1,12.139,
spanner,82.45,8750,1,8.453,
spanner,82.46,8751,1,8.051,
spanner,82.46,8752,1,7.504,
spanner,82.47,8753,1,9.381,
spanner,82.48,8754,1,7.971,
spanner,82.49,8755,1,9.366,
spanner,82.50,8756,1,7.219,
spanner,82.51,8757,1,9.826,
spanner,82.52,8758,1,8.015,
spanner,82.52,8759,1,18.424,
spanner,82.54,8760,1,7.090,
spanner,82.55,8761,1,6.649,
spanner,82.56,8762,1,7.358,
spanner,82.56,8763,1,7.325,
spanner,82.57,8764,1,7.689,
spanner,82.58,8765,1,8.314,
spanner,82.59,8766,1,7.981,
spanner,82.60,8767,1,7.311,
spanner,82.60,8768,1,6.993,
spanner,82.61,8769,1,9.265,
spanner,82.62,8770,1,12.892,
spanner,82.63,8771,1,14.958,
spanner,82.65,8772,1,7.712,
spanner,82.65,8773,1,8.177,
spanner,82.66,8774,1,7.352,
spanner,82.67,8775,1,7.836,
spanner,82.68,8776,1,7.587,
spanner,82.69,8777,1,8.180,
spanner,82.69,8778,1,7.538,
spanner,82.70,8779,1,9.169,
spanner,82.71,8780,1,8.240,
spanner,82.72,8781,1,8.808,
spanner,82.73,8782,1,19.090,
spanner,82.75,8783,1,7.494,
spanner,82.75,8784,1,6.957,
spanner,82.76,8785,1,7.418,
spanner,82.77,8786,1,6.715,
spanner,82.78,8787,1,8.265,
spanner,82.78,8788,1,10.604,
spanner,82.79,8789,1,8.990,
spanner,82.80,8790,1,7.621,
spanner,82.81,8791,1,8.233,
spanner,82.82,8792,1,7.621,
spanner,82.83,8793,1,16.869,
spanner,82.84,8794,1,8.643,
spanner,82.85,8795,1,9.264,
spanner,82.86,8796,1,9.205,
spanner,82.87,8797,1,9.252,
spanner,82.88,8798,1,9.150,
spanner,82.89,8799,1,9.455,
spanner,82.90,8800,1,10.584,
spanner,82.91,8801,1,8.577,
spanner,82.92,8802,1,10.416,
spanner,82.93,8803,1,17.971,
spanner,82.95,8804,1,8.730,
spanner,82.96,8805,1,9.917,
spanner,82.97,8806,1,9.435,
spanner,82.98,8807,1,8.291,
spanner,82.98,8808,1,12.380,
spanner,83.00,8809,1,11.407,
spanner,83.01,8810,1,10.977,
spanner,83.02,8811,1,10.161,
spanner,83.03,8812,1,12.157,
spanner,83.04,8813,1,9.362,
spanner,83.05,8814,1,7.519,
spanner,83.06,8815,1,7.747,
spanner,83.07,8816,1,7.980,
spanner,83.07,8817,1,8.715,
spanner,83.08,8818,1,10.600,
spanner,83.09,8819,1,9.253,
spanner,83.10,8820,1,11.112,
spanner,83.11,8821,1,17.870,
spanner,83.13,8822,1,17.528,
spanner,83.15,8823,1,8.111,
spanner,83.16,8824,1,8.983,
spanner,83.17,8825,1,10.127,
spanner,83.18,8826,1,11.411,
spanner,83.19,8827,1,10.109,
spanner,83.20,8828,1,8.805,
spanner,83.21,8829,1,10.232,
spanner,83.22,8830,1,10.543,
spanner,83.23,8831,1,12.345,
spanner,83.24,8832,1,9.619,
spanner,83.25,8833,1,8.323,
spanner,83.26,8834,1,8.577,
spanner,83.27,8835,1,8.305,
spanner,83.27,8836,1,9.289,
spanner,83.28,8837,1,8.801,
spanner,83.29,8838,1,10.690,
spanner,83.30,8839,1,10.414,
spanner,83.31,8840,1,11.132,
spanner,83.33,8841,1,13.651,
spanner,83.34,8842,1,10.300,
spanner,83.35,8843,1,9.314,
spanner,83.36,8844,1,8.188,
spanner,83.37,8845,1,7.744,
spanner,83.37,8846,1,7.209,
spanner,83.38,8847,1,8.468,
spanner,83.39,8848,1,10.491,
spanner,83.40,8849,1,9.009,
spanner,83.41,8850,1,9.892,
spanner,83.42,8851,1,10.954,
spanner,83.43,8852,1,18.049,
spanner,83.45,8853,1,9.268,
spanner,83.46,8854,1,11.503,
spanner,83.47,8855,1,12.113,
spanner,83.48,8856,1,10.655,
spanner,83.49,8857,1,13.353,
spanner,83.51,8858,1,12.189,
spanner,83.52,8859,1,13.638,
spanner,83.53,8860,1,11.327,
spanner,83.54,8861,1,9.978,
spanner,83.55,8862,1,9.605,
spanner,83.56,8863,1,8.567,
spanner,83.57,8864,1,8.197,
spanner,83.58,8865,1,8.591,
spanner,83.59,8866,1,9.290,
spanner,83.60,8867,1,8.636,
spanner,83.61,8868,1,8.040,
spanner,83.61,8869,1,8.366,
spanner,83.62,8870,1,13.322,
spanner,83.64,8871,1,10.200,
spanner,83.65,8872,1,8.381,
spanner,83.65,8873,1,9.275,
spanner,83.66,8874,1,11.301,
spanner,83.68,8875,1,9.701,
spanner,83.69,8876,1,9.926,
spanner,83.70,8877,1,12.314,
spanner,83.71,8878,1,10.861,
spanner,83.72,8879,1,9.926,
spanner,83.73,8880,1,18.807,
spanner,83.75,8881,1,9.399,
spanner,83.76,8882,1,11.463,
spanner,83.77,8883,1,8.783,
spanner,83.78,8884,1,8.818,
spanner,83.79,8885,1,8.714,
spanner,83.79,8886,1,9.436,
spanner,83.80,8887,1,9.062,
spanner,83.81,8888,1,8.721,
spanner,83.82,8889,1,9.442,
spanner,83.83,8890,1,9.823,
spanner,83.84,8891,1,9.813,
spanner,83.85,8892,1,8.772,
spanner,83.86,8893,1,9.144,
spanner,83.87,8894,1,8.832,
spanner,83.88,8895,1,9.060,
spanner,83.89,8896,1,8.435,
spanner,83.90,8897,1,8.597,
spanner,83.90,8898,1,7.668,
spanner,83.91,8899,1,7.099,
spanner,83.92,8900,1,8.271,
spanner,83.93,8901,1,11.699,
spanner,83.94,8902,1,10.078,
spanner,83.95,8903,1,7.478,
spanner,83.96,8904,1,7.561,
spanner,83.96,8905,1,6.845,
spanner,83.97,8906,1,6.691,
spanner,83.98,8907,1,6.959,
spanner,83.98,8908,1,7.112,
spanner,83.99,8909,1,7.930,
spanner,84.00,8910,1,16.187,
spanner,84.02,8911,1,7.173,
spanner,84.02,8912,1,13.278,
spanner,84.04,8913,1,18.538,
spanner,84.06,8914,1,12.290,
spanner,84.07,8915,1,7.181,
spanner,84.07,8916,1,6.644,
spanner,84.08,8917,1,6.477,
spanner,84.09,8918,1,7.561,
spanner,84.10,8919,1,44.118,
spanner,84.14,8920,1,20.701,
spanner,84.16,8921,1,12.897,
spanner,84.17,8922,1,7.202,
spanner,84.18,8923,1,6.669,
spanner,84.19,8924,1,7.607,
spanner,84.20,8925,1,7.228,
spanner,84.20,8926,1,7.064,
spanner,84.21,8927,1,6.788,
spanner,84.22,8928,1,6.845,
spanner,84.22,8929,1,9.515,
spanner,84.23,8930,1,17.492,
spanner,84.25,8931,1,15.753,
spanner,84.27,8932,1,8.505,
spanner,84.27,8933,1,9.307,
spanner,84.28,8934,1,7.937,
spanner,84.29,8935,1,7.405,
spanner,84.30,8936,1,7.417,
spanner,84.31,8937,1,7.033,
spanner,84.31,8938,1,7.236,
spanner,84.32,8939,1,7.174,
spanner,84.33,8940,1,17.914,
spanner,84.35,8941,1,7.638,
spanner,84.35,8942,1,6.963,
spanner,84.36,8943,1,7.050,
spanner,84.37,8944,1,6.846,
spanner,84.38,8945,1,7.616,
spanner,84.38,8946,1,8.266,
spanner,84.39,8947,1,7.720,
spanner,84.40,8948,1,6.219,
spanner,84.40,8949,1,8.042,
spanner,84.41,8950,1,8.662,
spanner,84.42,8951,1,11.020,
spanner,84.43,8952,1,9.123,
spanner,84.44,8953,1,8.648,
spanner,84.45,8954,1,7.188,
spanner,84.46,8955,1,7.098,
spanner,84.47,8956,1,7.647,
spanner,84.47,8957,1,8.074,
spanner,84.48,8958,1,6.779,
spanner,84.49,8959,1,7.745,
spanner,84.50,8960,1,6.930,
spanner,84.50,8961,1,6.952,
spanner,84.51,8962,1,8.212,
spanner,84.52,8963,1,7.387,
spanner,84.53,8964,1,10.827,
spanner,84.54,8965,1,8.939,
spanner,84.54,8966,1,8.011,
spanner,84.55,8967,1,6.359,
spanner,84.56,8968,1,6.370,
spanner,84.57,8969,1,6.371,
spanner,84.57,8970,1,6.192,
spanner,84.58,8971,1,6.037,
spanner,84.58,8972,1,6.721,
spanner,84.59,8973,1,8.846,
spanner,84.60,8974,1,8.636,
spanner,84.61,8975,1,7.531,
spanner,84.62,8976,1,6.301,
spanner,84.62,8977,1,10.238,
spanner,84.63,8978,1,14.864,
spanner,84.65,8979,1,7.912,
spanner,84.66,8980,1,6.926,
spanner,84.66,8981,1,6.918,
spanner,84.67,8982,1,9.364,
spanner,84.68,8983,1,9.656,
spanner,84.69,8984,1,10.821,
spanner,84.70,8985,1,12.574,
spanner,84.71,8986,1,8.871,
spanner,84.72,8987,1,8.476,
spanner,84.73,8988,1,16.759,
spanner,84.75,8989,1,8.367,
spanner,84.75,8990,1,7.724,
spanner,84.76,8991,1,9.061,
spanner,84.77,8992,1,8.874,
spanner,84.78,8993,1,9.948,
spanner,84.79,8994,1,10.930,
spanner,84.80,8995,1,10.290,
spanner,84.81,8996,1,7.839,
spanner,84.82,8997,1,7.247,
spanner,84.83,8998,1,11.179,
spanner,84.84,8999,1,9.237,
spanner,84.85,9000,1,8.171,
spanner,84.86,9001,1,7.670,
spanner,84.86,9002,1,8.729,
spanner,84.87,9003,1,7.721,
spanner,84.88,9004,1,7.707,
spanner,84.89,9005,1,8.768,
spanner,84.90,9006,1,7.385,
spanner,84.90,9007,1,7.661,
spanner,84.91,9008,1,7.104,
spanner,84.92,9009,1,7.190,
spanner,84.93,9010,1,10.978,
spanner,84.94,9011,1,8.982,
spanner,84.95,9012,1,7.407,
spanner,84.95,9013,1,7.633,
spanner,84.96,9014,1,7.961,
spanner,84.97,9015,1,7.960,
spanner,84.98,9016,1,9.428,
spanner,84.99,9017,1,11.531,
spanner,85.00,9018,1,7.953,
spanner,85.01,9019,1,9.295,
spanner,85.02,9020,1,9.395,
spanner,85.02,9021,1,12.217,
spanner,85.04,9022,1,10.857,
spanner,85.05,9023,1,8.846,
spanner,85.06,9024,1,7.975,
spanner,85.06,9025,1,7.474,
spanner,85.07,9026,1,9.705,
spanner,85.08,9027,1,10.496,
spanner,85.09,9028,1,9.384,
spanner,85.10,9029,1,8.011,
spanner,85.11,9030,1,8.246,
spanner,85.12,9031,1,8.035,
spanner,85.13,9032,1,17.173,
spanner,85.14,9033,1,9.352,
spanner,85.15,9034,1,8.342,
spanner,85.16,9035,1,9.835,
spanner,85.17,9036,1,11.472,
spanner,85.18,9037,1,10.394,
spanner,85.19,9038,1,9.121,
spanner,85.20,9039,1,9.624,
spanner,85.21,9040,1,7.948,
spanner,85.22,9041,1,7.385,
spanner,85.23,9042,1,18.944,
spanner,85.25,9043,1,7.919,
spanner,85.25,9044,1,10.081,
spanner,85.26,9045,1,8.686,
spanner,85.27,9046,1,8.020,
spanner,85.28,9047,1,8.027,
spanner,85.29,9048,1,9.206,
spanner,85.30,9049,1,7.969,
spanner,85.31,9050,1,7.992,
spanner,85.31,9051,1,9.196,
spanner,85.32,9052,1,15.871,
spanner,85.34,9053,1,13.311,
spanner,85.35,9054,1,8.960,
spanner,85.36,9055,1,8.363,
spanner,85.37,9056,1,7.592,
spanner,85.38,9057,1,8.586,
spanner,85.39,9058,1,10.548,
spanner,85.40,9059,1,8.068,
spanner,85.41,9060,1,8.251,
spanner,85.41,9061,1,9.716,
spanner,85.42,9062,1,20.336,
spanner,85.44,9063,1,10.005,
spanner,85.45,9064,1,8.626,
spanner,85.46,9065,1,8.020,
spanner,85.47,9066,1,7.908,
spanner,85.48,9067,1,9.942,
spanner,85.49,9068,1,8.841,
spanner,85.50,9069,1,7.418,
spanner,85.50,9070,1,7.678,
spanner,85.51,9071,1,8.729,
spanner,85.52,9072,1,10.206,
spanner,85.53,9073,1,17.971,
spanner,85.55,9074,1,8.470,
spanner,85.56,9075,1,8.659,
spanner,85.57,9076,1,8.485,
spanner,85.58,9077,1,8.112,
spanner,85.58,9078,1,10.582,
spanner,85.59,9079,1,11.706,
spanner,85.61,9080,1,13.223,
spanner,85.62,9081,1,17.666,
spanner,85.64,9082,1,17.064,
spanner,85.65,9083,1,10.490,
spanner,85.66,9084,1,9.215,
spanner,85.67,9085,1,8.400,
spanner,85.68,9086,1,8.322,
spanner,85.69,9087,1,8.911,
spanner,85.70,9088,1,8.079,
spanner,85.71,9089,1,7.120,
spanner,85.71,9090,1,6.221,
spanner,85.72,9091,1,7.007,
spanner,85.73,9092,1,10.150,
spanner,85.74,9093,1,9.566,
spanner,85.75,9094,1,8.119,
spanner,85.76,9095,1,6.830,
spanner,85.76,9096,1,6.803,
spanner,85.77,9097,1,6.853,
spanner,85.78,9098,1,6.606,
spanner,85.78,9099,1,6.559,
spanner,85.79,9100,1,8.543,
spanner,85.80,9101,1,9.581,
spanner,85.81,9102,1,10.314,
spanner,85.82,9103,1,7.721,
spanner,85.83,9104,1,10.654,
spanner,85.84,9105,1,9.005,
spanner,85.85,9106,1,8.845,
spanner,85.85,9107,1,6.185,
spanner,85.86,9108,1,6.408,
spanner,85.87,9109,1,5.913,
spanner,85.87,9110,1,6.699,
spanner,85.88,9111,1,7.468,
spanner,85.89,9112,1,8.199,
spanner,85.90,9113,1,6.958,
spanner,85.90,9114,1,6.966,
spanner,85.91,9115,1,6.979,
spanner,85.92,9116,1,6.846,
spanner,85.92,9117,1,8.611,
spanner,85.93,9118,1,8.611,
spanner,85.94,9119,1,8.763,
spanner,85.95,9120,1,8.089,
spanner,85.96,9121,1,7.042,
spanner,85.96,9122,1,7.492,
spanner,85.97,9123,1,7.018,
spanner,85.98,9124,1,7.261,
spanner,85.99,9125,1,7.812,
spanner,85.99,9126,1,7.050,
spanner,86.00,9127,1,6.683,
spanner,86.01,9128,1,6.806,
spanner,86.02,9129,1,6.824,
spanner,86.02,9130,1,7.340,
spanner,86.03,9131,1,10.551,
spanner,86.04,9132,1,8.959,
spanner,86.05,9133,1,7.397,
spanner,86.06,9134,1,7.117,
spanner,86.06,9135,1,6.109,
spanner,86.07,9136,1,5.795,
spanner,86.08,9137,1,6.167,
spanner,86.08,9138,1,6.997,
spanner,86.09,9139,1,7.675,
spanner,86.10,9140,1,6.870,
spanner,86.10,9141,1,6.083,
spanner,86.11,9142,1,7.693,
spanner,86.12,9143,1,9.093,
spanner,86.13,9144,1,15.016,
spanner,86.14,9145,1,12.695,
spanner,86.15,9146,1,6.643,
spanner,86.16,9147,1,6.598,
spanner,86.17,9148,1,5.997,
spanner,86.17,9149,1,6.997,
spanner,86.18,9150,1,7.503,
spanner,86.19,9151,1,8.667,
spanner,86.20,9152,1,7.950,
spanner,86.20,9153,1,8.246,
spanner,86.21,9154,1,6.425,
spanner,86.22,9155,1,6.744,
spanner,86.23,9156,1,10.874,
spanner,86.24,9157,1,8.517,
spanner,86.25,9158,1,8.928,
spanner,86.25,9159,1,7.040,
spanner,86.26,9160,1,6.871,
spanner,86.27,9161,1,6.682,
spanner,86.28,9162,1,7.467,
spanner,86.28,9163,1,7.011,
spanner,86.29,9164,1,7.642,
spanner,86.30,9165,1,6.592,
spanner,86.30,9166,1,7.136,
spanner,86.31,9167,1,7.609,
spanner,86.32,9168,1,9.030,
spanner,86.33,9169,1,16.388,
spanner,86.34,9170,1,10.695,
spanner,86.36,9171,1,6.987,
spanner,86.36,9172,1,8.484,
spanner,86.37,9173,1,7.776,
spanner,86.38,9174,1,7.749,
spanner,86.39,9175,1,10.762,
spanner,86.40,9176,1,9.124,
spanner,86.41,9177,1,7.157,
spanner,86.41,9178,1,6.666,
spanner,86.42,9179,1,7.898,
spanner,86.43,9180,1,10.300,
spanner,86.44,9181,1,8.111,
spanner,86.45,9182,1,9.100,
spanner,86.46,9183,1,7.211,
spanner,86.46,9184,1,8.374,
spanner,86.47,9185,1,8.020,
spanner,86.48,9186,1,8.005,
spanner,86.49,9187,1,8.137,
spanner,86.50,9188,1,7.636,
spanner,86.50,9189,1,6.700,
spanner,86.51,9190,1,6.449,
spanner,86.52,9191,1,6.498,
spanner,86.52,9192,1,7.274,
spanner,86.53,9193,1,11.614,
spanner,86.54,9194,1,9.382,
spanner,86.55,9195,1,7.893,
spanner,86.56,9196,1,7.144,
spanner,86.57,9197,1,6.317,
spanner,86.57,9198,1,6.380,
spanner,86.58,9199,1,6.241,
spanner,86.59,9200,1,6.775,
spanner,86.59,9201,1,7.305,
spanner,86.60,9202,1,8.867,
spanner,86.61,9203,1,6.989,
spanner,86.62,9204,1,6.840,
spanner,86.62,9205,1,8.031,
spanner,86.63,9206,1,9.804,
spanner,86.64,9207,1,9.961,
spanner,86.65,9208,1,7.538,
spanner,86.66,9209,1,6.954,
spanner,86.66,9210,1,6.590,
spanner,86.67,9211,1,6.652,
spanner,86.68,9212,1,6.957,
spanner,86.69,9213,1,7.326,
spanner,86.69,9214,1,7.295,
spanner,86.70,9215,1,8.114,
spanner,86.71,9216,1,7.513,
spanner,86.72,9217,1,6.936,
spanner,86.72,9218,1,7.942,
spanner,86.73,9219,1,17.140,
spanner,86.75,9220,1,8.457,
spanner,86.76,9221,1,7.882,
spanner,86.76,9222,1,8.467,
spanner,86.77,9223,1,8.068,
spanner,86.78,9224,1,8.591,
spanner,86.79,9225,1,12.133,
spanner,86.80,9226,1,11.060,
spanner,86.81,9227,1,11.976,
spanner,86.82,9228,1,13.178,
spanner,86.84,9229,1,13.914,
spanner,86.85,9230,1,7.543,
spanner,86.86,9231,1,8.085,
spanner,86.87,9232,1,7.914,
spanner,86.88,9233,1,8.312,
spanner,86.88,9234,1,9.563,
spanner,86.89,9235,1,8.294,
spanner,86.90,9236,1,7.938,
spanner,86.91,9237,1,7.897,
spanner,86.92,9238,1,8.769,
spanner,86.93,9239,1,13.105,
spanner,86.94,9240,1,9.955,
spanner,86.95,9241,1,8.174,
spanner,86.96,9242,1,8.971,
spanner,86.97,9243,1,7.868,
spanner,86.97,9244,1,7.869,
spanner,86.98,9245,1,8.054,
spanner,86.99,9246,1,9.226,
spanner,87.00,9247,1,8.159,
spanner,87.01,9248,1,8.450,
spanner,87.02,9249,1,7.820,
spanner,87.02,9250,1,11.408,
spanner,87.04,9251,1,15.508,
spanner,87.05,9252,1,8.322,
spanner,87.06,9253,1,7.838,
spanner,87.07,9254,1,7.145,
spanner,87.07,9255,1,7.201,
spanner,87.08,9256,1,7.392,
spanner,87.09,9257,1,9.783,
spanner,87.10,9258,1,10.184,
spanner,87.11,9259,1,9.328,
spanner,87.12,9260,1,8.158,
spanner,87.13,9261,1,12.273,
spanner,87.14,9262,1,10.949,
spanner,87.15,9263,1,8.408,
spanner,87.16,9264,1,8.695,
spanner,87.17,9265,1,7.551,
spanner,87.17,9266,1,7.781,
spanner,87.18,9267,1,12.351,
spanner,87.20,9268,1,11.156,
spanner,87.21,9269,1,10.104,
spanner,87.22,9270,1,8.651,
spanner,87.23,9271,1,12.595,
spanner,87.24,9272,1,9.814,
spanner,87.25,9273,1,8.606,
spanner,87.26,9274,1,8.494,
spanner,87.26,9275,1,8.655,
spanner,87.27,9276,1,11.331,
spanner,87.28,9277,1,10.483,
spanner,87.30,9278,1,8.659,
spanner,87.30,9279,1,8.528,
spanner,87.31,9280,1,8.417,
spanner,87.32,9281,1,9.465,
spanner,87.33,9282,1,20.553,
spanner,87.35,9283,1,11.434,
spanner,87.36,9284,1,11.858,
spanner,87.37,9285,1,12.347,
spanner,87.39,9286,1,13.553,
spanner,87.40,9287,1,10.673,
spanner,87.41,9288,1,10.159,
spanner,87.42,9289,1,13.328,
spanner,87.43,9290,1,15.327,
spanner,87.45,9291,1,8.089,
spanner,87.46,9292,1,11.609,
spanner,87.47,9293,1,11.256,
spanner,87.48,9294,1,11.458,
spanner,87.49,9295,1,12.665,
spanner,87.51,9296,1,11.308,
spanner,87.52,9297,1,9.926,
spanner,87.53,9298,1,12.794,
spanner,87.54,9299,1,11.102,
spanner,87.55,9300,1,9.005,
spanner,87.56,9301,1,8.983,
spanner,87.57,9302,1,10.528,
spanner,87.58,9303,1,9.328,
spanner,87.59,9304,1,11.696,
spanner,87.60,9305,1,12.567,
spanner,87.61,9306,1,8.611,
spanner,87.62,9307,1,10.516,
spanner,87.63,9308,1,21.979,
spanner,87.65,9309,1,10.110,
spanner,87.66,9310,1,8.994,
spanner,87.67,9311,1,8.246,
spanner,87.68,9312,1,8.428,
spanner,87.69,9313,1,11.512,
spanner,87.70,9314,1,13.089,
spanner,87.71,9315,1,9.574,
spanner,87.72,9316,1,15.240,
spanner,87.74,9317,1,13.465,
spanner,87.75,9318,1,7.532,
spanner,87.76,9319,1,7.359,
spanner,87.77,9320,1,6.855,
spanner,87.78,9321,1,7.038,
spanner,87.78,9322,1,7.467,
spanner,87.79,9323,1,8.731,
spanner,87.80,9324,1,6.992,
spanner,87.81,9325,1,6.857,
spanner,87.81,9326,1,6.986,
spanner,87.82,9327,1,7.084,
spanner,87.83,9328,1,14.082,
spanner,87.84,9329,1,12.599,
spanner,87.85,9330,1,7.200,
spanner,87.86,9331,1,8.015,
spanner,87.87,9332,1,6.755,
spanner,87.88,9333,1,7.237,
spanner,87.88,9334,1,7.105,
spanner,87.89,9335,1,8.090,
spanner,87.90,9336,1,6.527,
spanner,87.90,9337,1,7.070,
spanner,87.91,9338,1,6.878,
spanner,87.92,9339,1,6.555,
spanner,87.93,9340,1,9.437,
spanner,87.93,9341,1,7.339,
spanner,87.94,9342,1,8.112,
spanner,87.95,9343,1,7.846,
spanner,87.96,9344,1,7.700,
spanner,87.97,9345,1,7.294,
spanner,87.97,9346,1,6.705,
spanner,87.98,9347,1,7.033,
spanner,87.99,9348,1,7.279,
spanner,87.99,9349,1,7.078,
spanner,88.00,9350,1,6.511,
spanner,88.01,9351,1,7.042,
spanner,88.01,9352,1,6.784,
spanner,88.02,9353,1,7.092,
spanner,88.03,9354,1,6.298,
spanner,88.04,9355,1,7.017,
spanner,88.04,9356,1,6.371,
spanner,88.05,9357,1,7.353,
spanner,88.06,9358,1,7.175,
spanner,88.06,9359,1,6.818,
spanner,88.07,9360,1,6.773,
spanner,88.08,9361,1,7.047,
spanner,88.08,9362,1,7.936,
spanner,88.09,9363,1,6.840,
spanner,88.10,9364,1,7.011,
spanner,88.11,9365,1,8.173,
spanner,88.11,9366,1,8.227,
spanner,88.12,9367,1,10.289,
spanner,88.13,9368,1,10.647,
spanner,88.14,9369,1,12.015,
spanner,88.16,9370,1,10.971,
spanner,88.17,9371,1,9.936,
spanner,88.18,9372,1,10.928,
spanner,88.19,9373,1,9.606,
spanner,88.20,9374,1,13.386,
spanner,88.21,9375,1,9.252,
spanner,88.22,9376,1,7.831,
spanner,88.23,9377,1,8.209,
spanner,88.24,9378,1,7.228,
spanner,88.24,9379,1,6.982,
spanner,88.25,9380,1,6.519,
spanner,88.26,9381,1,6.235,
spanner,88.26,9382,1,6.924,
spanner,88.27,9383,1,6.165,
spanner,88.28,9384,1,6.216,
spanner,88.28,9385,1,5.945,
spanner,88.29,9386,1,6.895,
spanner,88.30,9387,1,7.301,
spanner,88.30,9388,1,7.906,
spanner,88.31,9389,1,8.111,
spanner,88.32,9390,1,6.734,
spanner,88.33,9391,1,8.666,
spanner,88.33,9392,1,9.517,
spanner,88.34,9393,1,9.699,
spanner,88.35,9394,1,9.600,
spanner,88.36,9395,1,8.851,
spanner,88.37,9396,1,9.151,
spanner,88.38,9397,1,10.848,
spanner,88.39,9398,1,10.338,
spanner,88.40,9399,1,11.656,
spanner,88.41,9400,1,10.494,
spanner,88.42,9401,1,10.276,
spanner,88.43,9402,1,12.579,
spanner,88.45,9403,1,12.010,
spanner,88.46,9404,1,12.634,
spanner,88.47,9405,1,10.734,
spanner,88.48,9406,1,9.144,
spanner,88.49,9407,1,10.198,
spanner,88.50,9408,1,10.366,
spanner,88.51,9409,1,9.172,
spanner,88.52,9410,1,9.833,
spanner,88.53,9411,1,10.787,
spanner,88.54,9412,1,10.446,
spanner,88.55,9413,1,9.090,
spanner,88.56,9414,1,9.072,
spanner,88.57,9415,1,7.971,
spanner,88.58,9416,1,10.955,
spanner,88.59,9417,1,9.349,
spanner,88.60,9418,1,7.740,
spanner,88.61,9419,1,7.107,
spanner,88.61,9420,1,7.503,
spanner,88.62,9421,1,7.477,
spanner,88.63,9422,1,8.492,
spanner,88.64,9423,1,7.399,
spanner,88.65,9424,1,7.044,
spanner,88.65,9425,1,7.178,
spanner,88.66,9426,1,7.452,
spanner,88.67,9427,1,7.246,
spanner,88.67,9428,1,6.839,
spanner,88.68,9429,1,8.056,
spanner,88.69,9430,1,8.043,
spanner,88.70,9431,1,8.480,
spanner,88.71,9432,1,9.468,
spanner,88.72,9433,1,8.170,
spanner,88.72,9434,1,10.572,
spanner,88.73,9435,1,9.897,
spanner,88.74,9436,1,10.842,
spanner,88.76,9437,1,7.961,
spanner,88.76,9438,1,6.916,
spanner,88.77,9439,1,7.513,
spanner,88.78,9440,1,7.800,
spanner,88.79,9441,1,7.713,
spanner,88.79,9442,1,8.698,
spanner,88.80,9443,1,6.648,
spanner,88.81,9444,1,7.100,
spanner,88.82,9445,1,8.789,
spanner,88.82,9446,1,8.810,
spanner,88.83,9447,1,8.924,
spanner,88.84,9448,1,8.141,
spanner,88.85,9449,1,7.659,
spanner,88.86,9450,1,8.145,
spanner,88.87,9451,1,6.967,
spanner,88.87,9452,1,7.100,
spanner,88.88,9453,1,7.553,
spanner,88.89,9454,1,8.298,
spanner,88.90,9455,1,8.045,
spanner,88.90,9456,1,6.861,
spanner,88.91,9457,1,7.819,
spanner,88.92,9458,1,9.281,
spanner,88.93,9459,1,9.559,
spanner,88.94,9460,1,10.043,
spanner,88.95,9461,1,13.327,
spanner,88.96,9462,1,14.200,
spanner,88.98,9463,1,12.532,
spanner,88.99,9464,1,9.830,
spanner,89.00,9465,1,10.657,
spanner,89.01,9466,1,11.936,
spanner,89.02,9467,1,11.605,
spanner,89.03,9468,1,9.375,
spanner,89.04,9469,1,9.573,
spanner,89.05,9470,1,10.315,
spanner,89.06,9471,1,11.756,
spanner,89.07,9472,1,12.114,
spanner,89.09,9473,1,13.307,
spanner,89.10,9474,1,12.340,
spanner,89.11,9475,1,12.684,
spanner,89.12,9476,1,10.718,
spanner,89.14,9477,1,11.987,
spanner,89.15,9478,1,13.110,
spanner,89.16,9479,1,11.504,
spanner,89.17,9480,1,11.159,
spanner,89.18,9481,1,8.712,
spanner,89.19,9482,1,9.794,
spanner,89.20,9483,1,8.633,
spanner,89.21,9484,1,8.838,
spanner,89.22,9485,1,10.312,
spanner,89.23,9486,1,11.107,
spanner,89.24,9487,1,10.994,
spanner,89.25,9488,1,11.294,
spanner,89.26,9489,1,10.365,
spanner,89.27,9490,1,9.136,
spanner,89.28,9491,1,9.504,
spanner,89.29,9492,1,12.440,
spanner,89.30,9493,1,12.868,
spanner,89.32,9494,1,11.570,
spanner,89.33,9495,1,14.075,
spanner,89.34,9496,1,11.132,
spanner,89.35,9497,1,9.090,
spanner,89.36,9498,1,8.249,
spanner,89.37,9499,1,7.622,
spanner,89.38,9500,1,7.576,
spanner,89.39,9501,1,9.808,
spanner,89.40,9502,1,12.116,
spanner,89.41,9503,1,10.285,
spanner,89.42,9504,1,9.186,
spanner,89.43,9505,1,8.728,
spanner,89.44,9506,1,10.107,
spanner,89.45,9507,1,12.007,
spanner,89.46,9508,1,9.681,
spanner,89.47,9509,1,8.667,
spanner,89.48,9510,1,8.065,
spanner,89.49,9511,1,9.355,
spanner,89.50,9512,1,9.100,
spanner,89.50,9513,1,8.719,
spanner,89.51,9514,1,8.992,
spanner,89.52,9515,1,9.691,
spanner,89.53,9516,1,11.459,
spanner,89.54,9517,1,9.845,
spanner,89.55,9518,1,10.936,
spanner,89.56,9519,1,12.486,
spanner,89.58,9520,1,14.376,
spanner,89.59,9521,1,13.438,
spanner,89.61,9522,1,12.141,
spanner,89.62,9523,1,12.055,
spanner,89.63,9524,1,15.989,
spanner,89.65,9525,1,12.976,
spanner,89.66,9526,1,10.825,
spanner,89.67,9527,1,8.187,
spanner,89.68,9528,1,8.594,
spanner,89.69,9529,1,10.808,
spanner,89.70,9530,1,7.560,
spanner,89.70,9531,1,6.773,
spanner,89.71,9532,1,6.829,
spanner,89.72,9533,1,7.016,
spanner,89.73,9534,1,6.848,
spanner,89.73,9535,1,8.151,
spanner,89.74,9536,1,6.825,
spanner,89.75,9537,1,6.233,
spanner,89.75,9538,1,6.951,
spanner,89.76,9539,1,6.884,
spanner,89.77,9540,1,6.011,
spanner,89.77,9541,1,5.879,
spanner,89.78,9542,1,6.799,
spanner,89.79,9543,1,8.225,
spanner,89.79,9544,1,7.132,
spanner,89.80,9545,1,7.790,
spanner,89.81,9546,1,7.200,
spanner,89.82,9547,1,6.836,
spanner,89.82,9548,1,6.460,
spanner,89.83,9549,1,6.737,
spanner,89.84,9550,1,6.433,
spanner,89.84,9551,1,6.424,
spanner,89.85,9552,1,6.506,
spanner,89.86,9553,1,5.848,
spanner,89.86,9554,1,6.446,
spanner,89.87,9555,1,7.285,
spanner,89.88,9556,1,7.990,
spanner,89.88,9557,1,7.313,
spanner,89.89,9558,1,6.295,
spanner,89.90,9559,1,5.866,
spanner,89.90,9560,1,6.057,
spanner,89.91,9561,1,7.452,
spanner,89.92,9562,1,7.380,
spanner,89.92,9563,1,8.253,
spanner,89.93,9564,1,6.584,
spanner,89.94,9565,1,6.289,
spanner,89.95,9566,1,6.601,
spanner,89.95,9567,1,6.372,
spanner,89.96,9568,1,6.465,
spanner,89.97,9569,1,6.645,
spanner,89.97,9570,1,6.515,
spanner,89.98,9571,1,6.610,
spanner,89.99,9572,1,6.936,
spanner,89.99,9573,1,8.983,
spanner,90.00,9574,1,6.518,
spanner,90.01,9575,1,6.619,
spanner,90.01,9576,1,6.455,
spanner,90.02,9577,1,5.932,
spanner,90.03,9578,1,6.530,
spanner,90.03,9579,1,6.411,
spanner,90.04,9580,1,6.935,
spanner,90.05,9581,1,6.625,
spanner,90.05,9582,1,7.051,
spanner,90.06,9583,1,6.677,
spanner,90.07,9584,1,6.797,
spanner,90.07,9585,1,6.690,
spanner,90.08,9586,1,6.319,
spanner,90.09,9587,1,6.386,
spanner,90.09,9588,1,6.590,
spanner,90.10,9589,1,6.064,
spanner,90.11,9590,1,7.077,
spanner,90.11,9591,1,7.369,
spanner,90.12,9592,1,6.950,
spanner,90.13,9593,1,6.424,
spanner,90.13,9594,1,6.739,
spanner,90.14,9595,1,8.079,
spanner,90.15,9596,1,10.636,
spanner,90.16,9597,1,9.616,
spanner,90.17,9598,1,10.675,
spanner,90.18,9599,1,10.619,
spanner,90.19,9600,1,9.565,
spanner,90.20,9601,1,8.754,
spanner,90.21,9602,1,8.022,
spanner,90.22,9603,1,8.416,
spanner,90.23,9604,1,6.995,
spanner,90.23,9605,1,6.877,
spanner,90.24,9606,1,7.204,
spanner,90.25,9607,1,7.270,
spanner,90.25,9608,1,7.393,
spanner,90.26,9609,1,6.258,
spanner,90.27,9610,1,6.181,
spanner,90.27,9611,1,6.027,
spanner,90.28,9612,1,6.116,
spanner,90.29,9613,1,6.115,
spanner,90.29,9614,1,6.360,
spanner,90.30,9615,1,5.866,
spanner,90.30,9616,1,7.070,
spanner,90.31,9617,1,7.158,
spanner,90.32,9618,1,7.189,
spanner,90.33,9619,1,7.195,
spanner,90.33,9620,1,7.979,
spanner,90.34,9621,1,10.164,
spanner,90.35,9622,1,9.046,
spanner,90.36,9623,1,6.889,
spanner,90.37,9624,1,7.434,
spanner,90.37,9625,1,7.884,
spanner,90.38,9626,1,6.902,
spanner,90.39,9627,1,6.867,
spanner,90.40,9628,1,8.799,
spanner,90.41,9629,1,9.206,
spanner,90.41,9630,1,9.060,
spanner,90.42,9631,1,7.820,
spanner,90.43,9632,1,7.673,
spanner,90.44,9633,1,7.261,
spanner,90.45,9634,1,9.061,
spanner,90.46,9635,1,11.113,
spanner,90.47,9636,1,12.458,
spanner,90.48,9637,1,10.414,
spanner,90.49,9638,1,10.379,
spanner,90.50,9639,1,7.691,
spanner,90.51,9640,1,7.147,
spanner,90.52,9641,1,7.869,
spanner,90.52,9642,1,8.266,
spanner,90.53,9643,1,7.179,
spanner,90.54,9644,1,7.649,
spanner,90.55,9645,1,9.423,
spanner,90.56,9646,1,8.932,
spanner,90.56,9647,1,10.248,
spanner,90.57,9648,1,10.368,
spanner,90.59,9649,1,9.212,
spanner,90.59,9650,1,9.506,
spanner,90.60,9651,1,11.242,
spanner,90.62,9652,1,8.418,
spanner,90.62,9653,1,7.546,
spanner,90.63,9654,1,7.145,
spanner,90.64,9655,1,7.269,
spanner,90.65,9656,1,7.595,
spanner,90.65,9657,1,7.528,
spanner,90.66,9658,1,7.492,
spanner,90.67,9659,1,9.189,
spanner,90.68,9660,1,8.886,
spanner,90.69,9661,1,8.480,
spanner,90.70,9662,1,9.389,
spanner,90.70,9663,1,9.462,
spanner,90.71,9664,1,9.299,
spanner,90.72,9665,1,11.569,
spanner,90.74,9666,1,11.208,
spanner,90.75,9667,1,10.984,
spanner,90.76,9668,1,12.005,
spanner,90.77,9669,1,11.173,
spanner,90.78,9670,1,10.787,
spanner,90.79,9671,1,10.373,
spanner,90.80,9672,1,10.094,
spanner,90.81,9673,1,10.696,
spanner,90.82,9674,1,10.240,
spanner,90.83,9675,1,10.590,
spanner,90.84,9676,1,11.045,
spanner,90.85,9677,1,11.403,
spanner,90.87,9678,1,8.320,
spanner,90.87,9679,1,7.990,
spanner,90.88,9680,1,7.913,
spanner,90.89,9681,1,7.397,
spanner,90.90,9682,1,7.741,
spanner,90.91,9683,1,8.342,
spanner,90.91,9684,1,8.043,
spanner,90.92,9685,1,8.196,
spanner,90.93,9686,1,10.819,
spanner,90.94,9687,1,11.264,
spanner,90.95,9688,1,10.041,
spanner,90.96,9689,1,8.342,
spanner,90.97,9690,1,7.518,
spanner,90.98,9691,1,8.060,
spanner,90.99,9692,1,8.488,
spanner,91.00,9693,1,8.908,
spanner,91.00,9694,1,9.237,
spanner,91.01,9695,1,34.459,
spanner,91.05,9696,1,12.116,
spanner,91.06,9697,1,11.784,
spanner,91.07,9698,1,9.672,
spanner,91.08,9699,1,8.968,
spanner,91.09,9700,1,8.830,
spanner,91.10,9701,1,10.385,
spanner,91.11,9702,1,10.652,
spanner,91.12,9703,1,9.618,
spanner,91.13,9704,1,13.202,
spanner,91.14,9705,1,11.549,
spanner,91.16,9706,1,12.865,
spanner,91.17,9707,1,10.405,
spanner,91.18,9708,1,9.318,
spanner,91.19,9709,1,11.340,
spanner,91.20,9710,1,8.598,
spanner,91.21,9711,1,9.600,
spanner,91.22,9712,1,8.717,
spanner,91.23,9713,1,8.145,
spanner,91.23,9714,1,8.629,
spanner,91.24,9715,1,9.252,
spanner,91.25,9716,1,11.376,
spanner,91.26,9717,1,12.755,
spanner,91.28,9718,1,12.546,
spanner,91.29,9719,1,11.371,
spanner,91.30,9720,1,13.253,
spanner,91.31,9721,1,12.454,
spanner,91.33,9722,1,10.049,
spanner,91.34,9723,1,10.290,
spanner,91.35,9724,1,12.925,
spanner,91.36,9725,1,12.912,
spanner,91.37,9726,1,13.394,
spanner,91.39,9727,1,12.309,
spanner,91.40,9728,1,13.751,
spanner,91.41,9729,1,10.435,
spanner,91.42,9730,1,9.370,
spanner,91.43,9731,1,10.115,
spanner,91.44,9732,1,11.619,
spanner,91.45,9733,1,9.585,
spanner,91.46,9734,1,11.269,
spanner,91.47,9735,1,11.808,
spanner,91.49,9736,1,11.527,
spanner,91.50,9737,1,11.128,
spanner,91.51,9738,1,10.819,
spanner,91.52,9739,1,13.132,
spanner,91.53,9740,1,14.293,
spanner,91.55,9741,1,14.337,
spanner,91.56,9742,1,13.168,
spanner,91.58,9743,1,11.301,
spanner,91.59,9744,1,9.427,
spanner,91.60,9745,1,11.964,
spanner,91.61,9746,1,13.266,
spanner,91.62,9747,1,12.021,
spanner,91.63,9748,1,13.118,
spanner,91.65,9749,1,11.826,
spanner,91.66,9750,1,11.411,
spanner,91.67,9751,1,13.972,
spanner,91.68,9752,1,8.460,
spanner,91.69,9753,1,7.512,
spanner,91.70,9754,1,16.679,
spanner,91.72,9755,1,15.824,
spanner,91.73,9756,1,7.314,
spanner,91.74,9757,1,7.343,
spanner,91.75,9758,1,7.255,
spanner,91.75,9759,1,7.986,
spanner,91.76,9760,1,8.135,
spanner,91.77,9761,1,8.421,
spanner,91.78,9762,1,8.963,
spanner,91.79,9763,1,7.815,
spanner,91.80,9764,1,7.201,
spanner,91.80,9765,1,6.081,
spanner,91.81,9766,1,6.189,
spanner,91.82,9767,1,6.961,
spanner,91.82,9768,1,6.112,
spanner,91.83,9769,1,5.904,
spanner,91.83,9770,1,6.009,
spanner,91.84,9771,1,6.202,
spanner,91.85,9772,1,6.169,
spanner,91.85,9773,1,6.094,
spanner,91.86,9774,1,7.596,
spanner,91.87,9775,1,8.875,
spanner,91.88,9776,1,8.399,
spanner,91.88,9777,1,8.259,
spanner,91.89,9778,1,7.861,
spanner,91.90,9779,1,7.064,
spanner,91.91,9780,1,6.810,
spanner,91.91,9781,1,6.847,
spanner,91.92,9782,1,7.766,
spanner,91.93,9783,1,6.674,
spanner,91.94,9784,1,6.242,
spanner,91.94,9785,1,8.464,
spanner,91.95,9786,1,9.658,
spanner,91.96,9787,1,10.625,
spanner,91.97,9788,1,13.147,
spanner,91.98,9789,1,11.897,
spanner,92.00,9790,1,6.205,
spanner,92.00,9791,1,6.320,
spanner,92.01,9792,1,5.687,
spanner,92.01,9793,1,15.119,
spanner,92.03,9794,1,11.547,
spanner,92.04,9795,1,9.146,
spanner,92.05,9796,1,7.566,
spanner,92.06,9797,1,6.639,
spanner,92.06,9798,1,7.958,
spanner,92.07,9799,1,7.953,
spanner,92.08,9800,1,7.800,
spanner,92.09,9801,1,7.657,
spanner,92.10,9802,1,7.631,
spanner,92.10,9803,1,7.164,
spanner,92.11,9804,1,6.701,
spanner,92.12,9805,1,6.879,
spanner,92.12,9806,1,6.982,
spanner,92.13,9807,1,6.243,
spanner,92.14,9808,1,7.153,
spanner,92.15,9809,1,6.498,
spanner,92.15,9810,1,6.007,
spanner,92.16,9811,1,7.538,
spanner,92.17,9812,1,7.363,
spanner,92.17,9813,1,8.128,
spanner,92.18,9814,1,7.049,
spanner,92.19,9815,1,7.010,
spanner,92.19,9816,1,7.011,
spanner,92.20,9817,1,6.658,
spanner,92.21,9818,1,7.729,
spanner,92.22,9819,1,6.336,
spanner,92.22,9820,1,6.209,
spanner,92.23,9821,1,6.751,
spanner,92.24,9822,1,8.576,
spanner,92.24,9823,1,8.207,
spanner,92.25,9824,1,8.042,
spanner,92.26,9825,1,12.195,
spanner,92.27,9826,1,7.573,
spanner,92.28,9827,1,7.614,
spanner,92.29,9828,1,7.609,
spanner,92.30,9829,1,7.938,
spanner,92.30,9830,1,7.525,
spanner,92.31,9831,1,6.744,
spanner,92.32,9832,1,6.770,
spanner,92.32,9833,1,7.716,
spanner,92.33,9834,1,7.201,
spanner,92.34,9835,1,7.919,
spanner,92.35,9836,1,9.173,
spanner,92.36,9837,1,10.307,
spanner,92.37,9838,1,9.035,
spanner,92.38,9839,1,10.211,
spanner,92.39,9840,1,9.139,
spanner,92.40,9841,1,8.809,
spanner,92.40,9842,1,9.101,
spanner,92.41,9843,1,8.081,
spanner,92.42,9844,1,7.476,
spanner,92.43,9845,1,6.698,
spanner,92.44,9846,1,6.458,
spanner,92.44,9847,1,6.747,
spanner,92.45,9848,1,7.036,
spanner,92.46,9849,1,8.330,
spanner,92.46,9850,1,15.228,
spanner,92.48,9851,1,15.098,
spanner,92.50,9852,1,8.815,
spanner,92.50,9853,1,8.779,
spanner,92.51,9854,1,6.978,
spanner,92.52,9855,1,6.583,
spanner,92.53,9856,1,8.020,
spanner,92.53,9857,1,7.699,
spanner,92.54,9858,1,8.372,
spanner,92.55,9859,1,8.029,
spanner,92.56,9860,1,6.908,
spanner,92.57,9861,1,18.923,
spanner,92.58,9862,1,7.893,
spanner,92.59,9863,1,11.553,
spanner,92.60,9864,1,7.620,
spanner,92.61,9865,1,7.032,
spanner,92.62,9866,1,8.243,
spanner,92.63,9867,1,14.538,
spanner,92.64,9868,1,10.771,
spanner,92.65,9869,1,7.722,
spanner,92.66,9870,1,8.061,
spanner,92.67,9871,1,9.074,
spanner,92.68,9872,1,8.002,
spanner,92.69,9873,1,9.294,
spanner,92.69,9874,1,9.289,
spanner,92.70,9875,1,32.542,
spanner,92.74,9876,1,9.905,
spanner,92.75,9877,1,7.978,
spanner,92.75,9878,1,8.260,
spanner,92.76,9879,1,11.856,
spanner,92.77,9880,1,8.947,
spanner,92.78,9881,1,8.262,
spanner,92.79,9882,1,11.907,
spanner,92.80,9883,1,7.402,
spanner,92.81,9884,1,7.030,
spanner,92.82,9885,1,7.525,
spanner,92.83,9886,1,12.866,
spanner,92.84,9887,1,9.448,
spanner,92.85,9888,1,7.698,
spanner,92.86,9889,1,8.105,
spanner,92.86,9890,1,9.809,
spanner,92.87,9891,1,9.500,
spanner,92.88,9892,1,9.572,
spanner,92.89,9893,1,9.901,
spanner,92.90,9894,1,7.709,
spanner,92.91,9895,1,7.623,
spanner,92.92,9896,1,7.886,
spanner,92.93,9897,1,9.575,
spanner,92.94,9898,1,9.148,
spanner,92.95,9899,1,8.134,
spanner,92.95,9900,1,7.892,
spanner,92.96,9901,1,10.376,
spanner,92.97,9902,1,16.588,
spanner,92.99,9903,1,12.257,
spanner,93.00,9904,1,7.930,
spanner,93.01,9905,1,7.753,
spanner,93.02,9906,1,8.103,
spanner,93.02,9907,1,14.190,
spanner,93.04,9908,1,8.777,
spanner,93.05,9909,1,7.927,
spanner,93.06,9910,1,8.237,
spanner,93.06,9911,1,12.222,
spanner,93.08,9912,1,10.060,
spanner,93.09,9913,1,10.773,
spanner,93.10,9914,1,9.265,
spanner,93.11,9915,1,7.789,
spanner,93.11,9916,1,7.989,
spanner,93.12,9917,1,9.854,
spanner,93.13,9918,1,11.011,
spanner,93.14,9919,1,7.948,
spanner,93.15,9920,1,9.279,
spanner,93.16,9921,1,12.421,
spanner,93.17,9922,1,11.756,
spanner,93.18,9923,1,11.110,
spanner,93.20,9924,1,11.567,
spanner,93.21,9925,1,9.151,
spanner,93.22,9926,1,8.744,
spanner,93.23,9927,1,13.984,
spanner,93.24,9928,1,8.822,
spanner,93.25,9929,1,7.988,
spanner,93.26,9930,1,7.964,
spanner,93.26,9931,1,10.409,
spanner,93.27,9932,1,8.609,
spanner,93.28,9933,1,10.499,
spanner,93.29,9934,1,13.869,
spanner,93.31,9935,1,8.055,
spanner,93.32,9936,1,7.966,
spanner,93.32,9937,1,12.846,
spanner,93.34,9938,1,9.915,
spanner,93.35,9939,1,8.797,
spanner,93.36,9940,1,11.362,
spanner,93.37,9941,1,12.152,
spanner,93.38,9942,1,17.721,
spanner,93.40,9943,1,12.191,
spanner,93.41,9944,1,8.729,
spanner,93.42,9945,1,8.726,
spanner,93.43,9946,1,15.704,
spanner,93.44,9947,1,8.751,
spanner,93.45,9948,1,11.337,
spanner,93.46,9949,1,20.061,
spanner,93.48,9950,1,11.158,
spanner,93.49,9951,1,11.934,
spanner,93.51,9952,1,9.216,
spanner,93.52,9953,1,10.648,
spanner,93.53,9954,1,15.679,
spanner,93.54,9955,1,9.684,
spanner,93.55,9956,1,12.117,
spanner,93.56,9957,1,14.246,
spanner,93.58,9958,1,10.042,
spanner,93.59,9959,1,11.248,
spanner,93.60,9960,1,9.786,
spanner,93.61,9961,1,9.050,
spanner,93.62,9962,1,12.353,
spanner,93.63,9963,1,13.448,
spanner,93.64,9964,1,9.405,
spanner,93.65,9965,1,9.731,
spanner,93.66,9966,1,12.125,
spanner,93.68,9967,1,9.233,
spanner,93.68,9968,1,10.494,
spanner,93.70,9969,1,10.105,
spanner,93.71,9970,1,9.395,
spanner,93.71,9971,1,10.233,
spanner,93.73,9972,1,16.640,
spanner,93.74,9973,1,9.300,
spanner,93.75,9974,1,8.782,
spanner,93.76,9975,1,9.158,
spanner,93.77,9976,1,10.439,
spanner,93.78,9977,1,10.424,
spanner,93.79,9978,1,16.496,
spanner,93.81,9979,1,9.670,
spanner,93.82,9980,1,9.723,
spanner,93.83,9981,1,17.827,
spanner,93.84,9982,1,8.799,
spanner,93.85,9983,1,11.153,
spanner,93.86,9984,1,12.057,
spanner,93.88,9985,1,12.250,
spanner,93.89,9986,1,16.769,
spanner,93.91,9987,1,12.773,
spanner,93.92,9988,1,12.420,
spanner,93.93,9989,1,13.005,
spanner,93.94,9990,1,11.281,
spanner,93.95,9991,1,10.952,
spanner,93.97,9992,1,10.445,
spanner,93.98,9993,1,12.019,
spanner,93.99,9994,1,16.908,
spanner,94.01,9995,1,10.473,
spanner,94.02,9996,1,10.367,
spanner,94.03,9997,1,19.417,
spanner,94.05,9998,1,9.924,
spanner,94.06,9999,1,11.051,
spanner,94.07,10000,1,12.404,
spanner,94.08,10001,1,15.340,
spanner,94.09,10002,1,13.802,
spanner,94.11,10003,1,10.041,
spanner,94.12,10004,1,11.210,
spanner,94.13,10005,1,13.823,
spanner,94.14,10006,1,9.722,
spanner,94.15,10007,1,10.343,
spanner,94.16,10008,1,9.702,
spanner,94.17,10009,1,9.431,
spanner,94.18,10010,1,10.317,
spanner,94.19,10011,1,11.613,
spanner,94.21,10012,1,10.593,
spanner,94.22,10013,1,10.244,
spanner,94.23,10014,1,15.372,
spanner,94.24,10015,1,10.017,
spanner,94.25,10016,1,9.215,
spanner,94.26,10017,1,11.599,
spanner,94.27,10018,1,13.958,
spanner,94.29,10019,1,15.917,
spanner,94.30,10020,1,10.439,
spanner,94.31,10021,1,10.459,
spanner,94.32,10022,1,19.707,
spanner,94.34,10023,1,12.048,
spanner,94.36,10024,1,12.413,
spanner,94.37,10025,1,12.899,
spanner,94.38,10026,1,14.327,
spanner,94.39,10027,1,12.925,
spanner,94.41,10028,1,10.745,
spanner,94.42,10029,1,11.854,
spanner,94.43,10030,1,15.278,
spanner,94.45,10031,1,12.356,
spanner,94.46,10032,1,14.035,
spanner,94.47,10033,1,12.956,
spanner,94.49,10034,1,18.226,
spanner,94.50,10035,1,15.057,
spanner,94.52,10036,1,15.036,
spanner,94.53,10037,1,15.165,
spanner,94.55,10038,1,14.114,
spanner,94.56,10039,1,15.353,
spanner,94.58,10040,1,11.770,
spanner,94.59,10041,1,16.336,
spanner,94.61,10042,1,11.421,
spanner,94.62,10043,1,13.866,
spanner,94.63,10044,1,16.562,
spanner,94.65,10045,1,12.158,
spanner,94.66,10046,1,11.961,
spanner,94.67,10047,1,11.322,
spanner,94.68,10048,1,11.285,
spanner,94.70,10049,1,12.509,
spanner,94.71,10050,1,11.860,
spanner,94.72,10051,1,12.262,
spanner,94.73,10052,1,12.944,
spanner,94.75,10053,1,12.228,
spanner,94.76,10054,1,10.200,
spanner,94.77,10055,1,10.453,
spanner,94.78,10056,1,10.705,
spanner,94.79,10057,1,15.513,
spanner,94.80,10058,1,11.149,
spanner,94.82,10059,1,13.023,
spanner,94.83,10060,1,20.119,
spanner,94.85,10061,1,13.707,
spanner,94.86,10062,1,15.984,
spanner,94.88,10063,1,15.842,
spanner,94.89,10064,1,16.197,
spanner,94.91,10065,1,13.338,
spanner,94.92,10066,1,18.308,
spanner,94.94,10067,1,12.680,
spanner,94.96,10068,1,17.357,
spanner,94.97,10069,1,16.572,
spanner,94.99,10070,1,17.825,
spanner,95.01,10071,1,14.794,
spanner,95.02,10072,1,18.791,
spanner,95.04,10073,1,12.025,
spanner,95.05,10074,1,14.829,
spanner,95.07,10075,1,14.280,
spanner,95.08,10076,1,13.601,
spanner,95.10,10077,1,12.452,
spanner,95.11,10078,1,11.478,
spanner,95.12,10079,1,19.438,
spanner,95.14,10080,1,12.308,
spanner,95.15,10081,1,12.211,
spanner,95.16,10082,1,11.524,
spanner,95.18,10083,1,11.572,
spanner,95.19,10084,1,15.943,
spanner,95.20,10085,1,11.312,
spanner,95.21,10086,1,11.434,
spanner,95.23,10087,1,19.509,
spanner,95.25,10088,1,13.783,
spanner,95.26,10089,1,13.057,
spanner,95.27,10090,1,12.531,
spanner,95.29,10091,1,12.856,
spanner,95.30,10092,1,12.546,
spanner,95.31,10093,1,13.878,
spanner,95.32,10094,1,19.335,
spanner,95.34,10095,1,14.532,
spanner,95.36,10096,1,15.883,
spanner,95.37,10097,1,16.605,
spanner,95.39,10098,1,20.396,
spanner,95.41,10099,1,13.209,
spanner,95.42,10100,1,20.646,
spanner,95.45,10101,1,13.034,
spanner,95.46,10102,1,14.653,
spanner,95.47,10103,1,14.576,
spanner,95.49,10104,1,18.803,
spanner,95.51,10105,1,15.761,
spanner,95.52,10106,1,19.074,
spanner,95.54,10107,1,16.356,
spanner,95.56,10108,1,14.446,
spanner,95.57,10109,1,14.317,
spanner,95.59,10110,1,17.695,
spanner,95.60,10111,1,15.412,
spanner,95.62,10112,1,15.091,
spanner,95.64,10113,1,17.579,
spanner,95.65,10114,1,13.513,
spanner,95.67,10115,1,15.927,
spanner,95.68,10116,1,14.963,
spanner,95.70,10117,1,17.215,
spanner,95.71,10118,1,11.746,
spanner,95.73,10119,1,15.685,
spanner,95.74,10120,1,13.073,
spanner,95.76,10121,1,11.941,
spanner,95.77,10122,1,8.476,
spanner,95.78,10123,1,8.055,
spanner,95.78,10124,1,10.232,
spanner,95.79,10125,1,11.272,
spanner,95.81,10126,1,6.974,
spanner,95.81,10127,1,6.475,
spanner,95.82,10128,1,6.093,
spanner,95.83,10129,1,9.144,
spanner,95.83,10130,1,13.078,
spanner,95.85,10131,1,7.064,
spanner,95.85,10132,1,8.400,
spanner,95.86,10133,1,7.390,
spanner,95.87,10134,1,7.247,
spanner,95.88,10135,1,13.633,
spanner,95.89,10136,1,13.155,
spanner,95.90,10137,1,6.428,
spanner,95.91,10138,1,6.462,
spanner,95.92,10139,1,6.268,
spanner,95.92,10140,1,9.554,
spanner,95.93,10141,1,8.942,
spanner,95.94,10142,1,8.724,
spanner,95.95,10143,1,6.247,
spanner,95.96,10144,1,6.488,
spanner,95.96,10145,1,5.801,
spanner,95.97,10146,1,7.015,
spanner,95.98,10147,1,6.642,
spanner,95.98,10148,1,6.741,
spanner,95.99,10149,1,13.983,
spanner,96.00,10150,1,7.142,
spanner,96.01,10151,1,6.726,
spanner,96.02,10152,1,28.072,
spanner,96.05,10153,1,8.577,
spanner,96.05,10154,1,7.022,
spanner,96.06,10155,1,6.456,
spanner,96.07,10156,1,6.614,
spanner,96.08,10157,1,7.384,
spanner,96.08,10158,1,8.068,
spanner,96.09,10159,1,13.041,
spanner,96.10,10160,1,36.077,
spanner,96.14,10161,1,12.405,
spanner,96.15,10162,1,9.949,
spanner,96.16,10163,1,7.771,
spanner,96.17,10164,1,7.572,
spanner,96.18,10165,1,7.530,
spanner,96.19,10166,1,6.699,
spanner,96.19,10167,1,14.605,
spanner,96.21,10168,1,8.696,
spanner,96.22,10169,1,7.491,
spanner,96.22,10170,1,6.732,
spanner,96.23,10171,1,11.880,
spanner,96.24,10172,1,8.588,
spanner,96.25,10173,1,6.641,
spanner,96.26,10174,1,7.450,
spanner,96.26,10175,1,7.673,
spanner,96.27,10176,1,7.657,
spanner,96.28,10177,1,7.416,
spanner,96.29,10178,1,8.005,
spanner,96.30,10179,1,9.559,
spanner,96.30,10180,1,7.204,
spanner,96.31,10181,1,7.260,
spanner,96.32,10182,1,7.869,
spanner,96.33,10183,1,11.914,
spanner,96.34,10184,1,9.007,
spanner,96.35,10185,1,6.759,
spanner,96.36,10186,1,6.157,
spanner,96.36,10187,1,6.120,
spanner,96.37,10188,1,7.142,
spanner,96.37,10189,1,7.656,
spanner,96.38,10190,1,8.884,
spanner,96.39,10191,1,13.686,
spanner,96.40,10192,1,6.858,
spanner,96.41,10193,1,6.356,
spanner,96.42,10194,1,7.655,
spanner,96.43,10195,1,10.258,
spanner,96.44,10196,1,12.006,
spanner,96.45,10197,1,7.641,
spanner,96.46,10198,1,7.617,
spanner,96.46,10199,1,6.943,
spanner,96.47,10200,1,6.979,
spanner,96.48,10201,1,7.523,
spanner,96.49,10202,1,8.349,
spanner,96.49,10203,1,9.617,
spanner,96.50,10204,1,7.429,
spanner,96.51,10205,1,6.857,
spanner,96.52,10206,1,6.895,
spanner,96.52,10207,1,11.655,
spanner,96.54,10208,1,9.403,
spanner,96.55,10209,1,7.230,
spanner,96.55,10210,1,7.420,
spanner,96.56,10211,1,7.339,
spanner,96.57,10212,1,6.853,
spanner,96.57,10213,1,6.876,
spanner,96.58,10214,1,6.945,
spanner,96.59,10215,1,8.599,
spanner,96.60,10216,1,44.131,
spanner,96.64,10217,1,12.688,
spanner,96.65,10218,1,7.296,
spanner,96.66,10219,1,6.826,
spanner,96.67,10220,1,6.622,
spanner,96.67,10221,1,8.440,
spanner,96.68,10222,1,10.623,
spanner,96.69,10223,1,11.736,
spanner,96.71,10224,1,8.817,
spanner,96.71,10225,1,22.821,
spanner,96.74,10226,1,10.501,
spanner,96.75,10227,1,7.459,
spanner,96.76,10228,1,8.035,
spanner,96.76,10229,1,7.319,
spanner,96.77,10230,1,7.243,
spanner,96.78,10231,1,6.640,
spanner,96.78,10232,1,7.964,
spanner,96.79,10233,1,13.751,
spanner,96.81,10234,1,6.741,
spanner,96.81,10235,1,6.036,
spanner,96.82,10236,1,6.272,
spanner,96.83,10237,1,8.156,
spanner,96.83,10238,1,9.642,
spanner,96.84,10239,1,8.372,
spanner,96.85,10240,1,7.487,
spanner,96.86,10241,1,9.752,
spanner,96.87,10242,1,9.402,
spanner,96.88,10243,1,7.736,
spanner,96.89,10244,1,8.349,
spanner,96.89,10245,1,11.093,
spanner,96.91,10246,1,7.333,
spanner,96.91,10247,1,6.900,
spanner,96.92,10248,1,7.125,
spanner,96.93,10249,1,16.075,
spanner,96.94,10250,1,8.114,
spanner,96.95,10251,1,10.160,
spanner,96.96,10252,1,7.685,
spanner,96.97,10253,1,8.977,
spanner,96.98,10254,1,11.601,
spanner,96.99,10255,1,12.832,
spanner,97.00,10256,1,7.945,
spanner,97.01,10257,1,7.993,
spanner,97.02,10258,1,9.972,
spanner,97.03,10259,1,12.545,
spanner,97.04,10260,1,8.747,
spanner,97.05,10261,1,7.701,
spanner,97.06,10262,1,9.288,
spanner,97.07,10263,1,8.760,
spanner,97.08,10264,1,9.938,
spanner,97.09,10265,1,12.039,
spanner,97.10,10266,1,11.422,
spanner,97.11,10267,1,11.018,
spanner,97.12,10268,1,12.577,
spanner,97.13,10269,1,9.876,
spanner,97.14,10270,1,8.580,
spanner,97.15,10271,1,8.008,
spanner,97.16,10272,1,8.203,
spanner,97.17,10273,1,7.992,
spanner,97.18,10274,1,7.827,
spanner,97.18,10275,1,9.175,
spanner,97.19,10276,1,14.465,
spanner,97.21,10277,1,7.921,
spanner,97.22,10278,1,9.703,
spanner,97.23,10279,1,13.982,
spanner,97.24,10280,1,9.510,
spanner,97.25,10281,1,7.248,
spanner,97.26,10282,1,8.182,
spanner,97.26,10283,1,8.992,
spanner,97.27,10284,1,10.692,
spanner,97.28,10285,1,11.341,
spanner,97.30,10286,1,11.115,
spanner,97.31,10287,1,8.096,
spanner,97.32,10288,1,10.367,
spanner,97.33,10289,1,10.636,
spanner,97.34,10290,1,9.435,
spanner,97.35,10291,1,8.454,
spanner,97.35,10292,1,7.635,
spanner,97.36,10293,1,7.171,
spanner,97.37,10294,1,7.958,
spanner,97.38,10295,1,8.380,
spanner,97.39,10296,1,8.760,
spanner,97.39,10297,1,10.178,
spanner,97.40,10298,1,8.315,
spanner,97.41,10299,1,8.449,
spanner,97.42,10300,1,9.170,
spanner,97.43,10301,1,9.371,
spanner,97.44,10302,1,11.213,
spanner,97.45,10303,1,8.066,
spanner,97.46,10304,1,7.654,
spanner,97.47,10305,1,8.535,
spanner,97.48,10306,1,8.471,
spanner,97.48,10307,1,7.752,
spanner,97.49,10308,1,8.796,
spanner,97.50,10309,1,8.899,
spanner,97.51,10310,1,7.909,
spanner,97.52,10311,1,7.586,
spanner,97.53,10312,1,9.191,
spanner,97.53,10313,1,9.388,
spanner,97.54,10314,1,8.937,
spanner,97.55,10315,1,8.583,
spanner,97.56,10316,1,8.166,
spanner,97.57,10317,1,8.456,
spanner,97.58,10318,1,7.672,
spanner,97.59,10319,1,10.183,
spanner,97.60,10320,1,13.158,
spanner,97.61,10321,1,13.858,
spanner,97.62,10322,1,11.956,
spanner,97.64,10323,1,12.376,
spanner,97.65,10324,1,11.522,
spanner,97.66,10325,1,13.106,
spanner,97.67,10326,1,13.863,
spanner,97.69,10327,1,15.028,
spanner,97.70,10328,1,12.952,
spanner,97.71,10329,1,8.956,
spanner,97.72,10330,1,8.178,
spanner,97.73,10331,1,8.651,
spanner,97.74,10332,1,8.343,
spanner,97.75,10333,1,7.952,
spanner,97.76,10334,1,7.984,
spanner,97.76,10335,1,5.934,
spanner,97.77,10336,1,6.136,
spanner,97.78,10337,1,6.304,
spanner,97.78,10338,1,7.199,
spanner,97.79,10339,1,8.149,
spanner,97.80,10340,1,9.070,
spanner,97.81,10341,1,7.933,
spanner,97.82,10342,1,8.976,
spanner,97.82,10343,1,8.289,
spanner,97.83,10344,1,6.661,
spanner,97.84,10345,1,7.804,
spanner,97.85,10346,1,9.373,
spanner,97.86,10347,1,9.681,
spanner,97.87,10348,1,10.310,
spanner,97.88,10349,1,11.286,
spanner,97.89,10350,1,10.525,
spanner,97.90,10351,1,10.131,
spanner,97.91,10352,1,11.474,
spanner,97.92,10353,1,11.334,
spanner,97.93,10354,1,9.713,
spanner,97.94,10355,1,8.263,
spanner,97.95,10356,1,6.720,
spanner,97.96,10357,1,6.509,
spanner,97.96,10358,1,7.842,
spanner,97.97,10359,1,10.308,
spanner,97.98,10360,1,11.287,
spanner,97.99,10361,1,10.980,
spanner,98.00,10362,1,8.928,
spanner,98.01,10363,1,7.636,
spanner,98.02,10364,1,7.018,
spanner,98.03,10365,1,8.641,
spanner,98.04,10366,1,11.329,
spanner,98.05,10367,1,12.877,
spanner,98.06,10368,1,11.012,
spanner,98.07,10369,1,10.236,
spanner,98.08,10370,1,7.148,
spanner,98.09,10371,1,6.353,
spanner,98.10,10372,1,7.083,
spanner,98.10,10373,1,9.230,
spanner,98.11,10374,1,7.230,
spanner,98.12,10375,1,6.827,
spanner,98.13,10376,1,8.936,
spanner,98.13,10377,1,7.532,
spanner,98.14,10378,1,10.000,
spanner,98.15,10379,1,9.429,
spanner,98.16,10380,1,10.721,
spanner,98.17,10381,1,8.964,
spanner,98.18,10382,1,9.146,
spanner,98.19,10383,1,8.897,
spanner,98.20,10384,1,6.811,
spanner,98.21,10385,1,7.675,
spanner,98.21,10386,1,8.862,
spanner,98.22,10387,1,9.139,
spanner,98.23,10388,1,8.089,
spanner,98.24,10389,1,8.157,
spanner,98.25,10390,1,6.037,
spanner,98.25,10391,1,6.077,
spanner,98.26,10392,1,6.352,
spanner,98.27,10393,1,8.420,
spanner,98.28,10394,1,8.648,
spanner,98.28,10395,1,9.739,
spanner,98.29,10396,1,8.922,
spanner,98.30,10397,1,7.173,
spanner,98.31,10398,1,6.561,
spanner,98.32,10399,1,6.580,
spanner,98.32,10400,1,6.648,
spanner,98.33,10401,1,6.645,
spanner,98.34,10402,1,6.338,
spanner,98.34,10403,1,7.531,
spanner,98.35,10404,1,5.999,
spanner,98.36,10405,1,5.691,
spanner,98.36,10406,1,5.717,
spanner,98.37,10407,1,5.712,
spanner,98.37,10408,1,5.894,
spanner,98.38,10409,1,6.145,
spanner,98.39,10410,1,6.284,
spanner,98.39,10411,1,7.369,
spanner,98.40,10412,1,8.146,
spanner,98.41,10413,1,9.110,
spanner,98.42,10414,1,8.290,
spanner,98.43,10415,1,8.368,
spanner,98.43,10416,1,6.854,
spanner,98.44,10417,1,6.414,
spanner,98.45,10418,1,7.830,
spanner,98.45,10419,1,7.103,
spanner,98.46,10420,1,7.031,
spanner,98.47,10421,1,6.578,
spanner,98.48,10422,1,7.478,
spanner,98.48,10423,1,6.444,
spanner,98.49,10424,1,7.399,
spanner,98.50,10425,1,7.150,
spanner,98.50,10426,1,8.129,
spanner,98.51,10427,1,17.332,
spanner,98.53,10428,1,12.453,
spanner,98.54,10429,1,8.733,
spanner,98.55,10430,1,8.916,
spanner,98.56,10431,1,8.596,
spanner,98.57,10432,1,6.998,
spanner,98.58,10433,1,6.803,
spanner,98.58,10434,1,7.082,
spanner,98.59,10435,1,6.564,
spanner,98.60,10436,1,7.255,
spanner,98.60,10437,1,7.015,
spanner,98.61,10438,1,6.905,
spanner,98.62,10439,1,6.846,
spanner,98.62,10440,1,7.456,
spanner,98.63,10441,1,9.333,
spanner,98.64,10442,1,9.260,
spanner,98.65,10443,1,7.824,
spanner,98.66,10444,1,7.636,
spanner,98.67,10445,1,7.318,
spanner,98.67,10446,1,8.585,
spanner,98.68,10447,1,7.076,
spanner,98.69,10448,1,7.590,
spanner,98.70,10449,1,7.632,
spanner,98.70,10450,1,8.676,
spanner,98.71,10451,1,7.163,
spanner,98.72,10452,1,8.578,
spanner,98.73,10453,1,8.920,
spanner,98.74,10454,1,9.040,
spanner,98.75,10455,1,9.118,
spanner,98.76,10456,1,9.315,
spanner,98.77,10457,1,10.306,
spanner,98.78,10458,1,11.244,
spanner,98.79,10459,1,11.784,
spanner,98.80,10460,1,11.198,
spanner,98.81,10461,1,7.953,
spanner,98.82,10462,1,9.278,
spanner,98.83,10463,1,11.513,
spanner,98.84,10464,1,12.871,
spanner,98.85,10465,1,12.442,
spanner,98.86,10466,1,9.419,
spanner,98.87,10467,1,7.907,
spanner,98.88,10468,1,8.486,
spanner,98.89,10469,1,10.916,
spanner,98.90,10470,1,10.518,
spanner,98.91,10471,1,11.463,
spanner,98.92,10472,1,10.289,
spanner,98.93,10473,1,9.106,
spanner,98.94,10474,1,11.312,
spanner,98.95,10475,1,9.697,
spanner,98.96,10476,1,10.998,
spanner,98.97,10477,1,9.968,
spanner,98.98,10478,1,9.789,
spanner,98.99,10479,1,8.775,
spanner,99.00,10480,1,8.988,
spanner,99.01,10481,1,10.399,
spanner,99.02,10482,1,11.498,
spanner,99.03,10483,1,9.595,
spanner,99.04,10484,1,8.196,
spanner,99.05,10485,1,8.003,
spanner,99.06,10486,1,7.518,
spanner,99.07,10487,1,8.259,
spanner,99.08,10488,1,7.606,
spanner,99.08,10489,1,8.509,
spanner,99.09,10490,1,7.955,
spanner,99.10,10491,1,7.488,
spanner,99.11,10492,1,7.345,
spanner,99.12,10493,1,7.518,
spanner,99.12,10494,1,8.468,
spanner,99.13,10495,1,8.290,
spanner,99.14,10496,1,7.435,
spanner,99.15,10497,1,7.406,
spanner,99.15,10498,1,7.713,
spanner,99.16,10499,1,9.369,
spanner,99.17,10500,1,8.466,
spanner,99.18,10501,1,7.927,
spanner,99.19,10502,1,9.645,
spanner,99.20,10503,1,11.367,
spanner,99.21,10504,1,11.939,
spanner,99.22,10505,1,11.410,
spanner,99.23,10506,1,11.503,
spanner,99.24,10507,1,13.089,
spanner,99.26,10508,1,12.210,
spanner,99.27,10509,1,8.845,
spanner,99.28,10510,1,7.448,
spanner,99.29,10511,1,7.942,
spanner,99.29,10512,1,9.542,
spanner,99.30,10513,1,9.361,
spanner,99.31,10514,1,9.713,
spanner,99.32,10515,1,8.682,
spanner,99.33,10516,1,11.346,
spanner,99.34,10517,1,13.331,
spanner,99.36,10518,1,11.821,
spanner,99.37,10519,1,11.427,
spanner,99.38,10520,1,10.740,
spanner,99.39,10521,1,10.048,
spanner,99.40,10522,1,12.737,
spanner,99.41,10523,1,12.304,
spanner,99.43,10524,1,12.276,
spanner,99.44,10525,1,9.492,
spanner,99.45,10526,1,8.825,
spanner,99.46,10527,1,7.374,
spanner,99.46,10528,1,8.854,
spanner,99.47,10529,1,9.633,
spanner,99.48,10530,1,8.802,
spanner,99.49,10531,1,11.090,
spanner,99.50,10532,1,12.847,
spanner,99.51,10533,1,11.389,
spanner,99.53,10534,1,12.792,
spanner,99.54,10535,1,12.887,
spanner,99.55,10536,1,11.768,
spanner,99.56,10537,1,11.397,
spanner,99.58,10538,1,13.265,
spanner,99.59,10539,1,11.804,
spanner,99.60,10540,1,12.278,
spanner,99.61,10541,1,12.968,
spanner,99.63,10542,1,15.685,
spanner,99.64,10543,1,13.932,
spanner,99.66,10544,1,10.694,
spanner,99.67,10545,1,9.271,
spanner,99.68,10546,1,10.826,
spanner,99.69,10547,1,9.845,
spanner,99.70,10548,1,10.160,
spanner,99.71,10549,1,9.235,
spanner,99.72,10550,1,6.883,
spanner,99.72,10551,1,7.016,
spanner,99.73,10552,1,7.230,
spanner,99.74,10553,1,6.613,
spanner,99.74,10554,1,7.407,
spanner,99.75,10555,1,6.981,
spanner,99.76,10556,1,7.038,
spanner,99.77,10557,1,6.982,
spanner,99.77,10558,1,6.852,
spanner,99.78,10559,1,7.098,
spanner,99.79,10560,1,8.450,
spanner,99.79,10561,1,8.799,
spanner,99.80,10562,1,10.983,
spanner,99.81,10563,1,9.259,
spanner,99.82,10564,1,8.437,
spanner,99.83,10565,1,8.351,
spanner,99.84,10566,1,8.367,
spanner,99.85,10567,1,8.123,
spanner,99.86,10568,1,7.179,
spanner,99.86,10569,1,6.042,
spanner,99.87,10570,1,7.495,
spanner,99.88,10571,1,6.906,
spanner,99.88,10572,1,6.860,
spanner,99.89,10573,1,5.801,
spanner,99.90,10574,1,6.881,
spanner,99.90,10575,1,6.222,
spanner,99.91,10576,1,5.615,
spanner,99.92,10577,1,6.191,
spanner,99.92,10578,1,7.499,
spanner,99.93,10579,1,8.928,
spanner,99.94,10580,1,8.227,
spanner,99.95,10581,1,8.111,
spanner,99.96,10582,1,10.155,
spanner,99.97,10583,1,7.842,
spanner,99.97,10584,1,6.074,
spanner,99.98,10585,1,7.262,
spanner,99.99,10586,1,8.948,
spanner,100.00,10587,1,10.402,
spanner,100.01,10588,1,8.303,
spanner,100.01,10589,1,8.402,
spanner,100.02,10590,1,8.237,
spanner,100.03,10591,1,7.638,
spanner,100.04,10592,1,10.166,
spanner,100.05,10593,1,9.761,
spanner,100.06,10594,1,7.164,
spanner,100.07,10595,1,7.772,
spanner,100.07,10596,1,8.306,
spanner,100.08,10597,1,7.542,
spanner,100.09,10598,1,7.207,
spanner,100.10,10599,1,6.487,
spanner,100.10,10600,1,6.119,
spanner,100.11,10601,1,6.823,
spanner,100.12,10602,1,6.942,
spanner,100.12,10603,1,6.396,
spanner,100.13,10604,1,6.101,
spanner,100.14,10605,1,6.293,
spanner,100.14,10606,1,7.352,
spanner,100.15,10607,1,8.194,
spanner,100.16,10608,1,9.354,
spanner,100.17,10609,1,10.116,
spanner,100.18,10610,1,7.726,
spanner,100.19,10611,1,10.126,
spanner,100.20,10612,1,9.939,
spanner,100.21,10613,1,14.465,
spanner,100.22,10614,1,9.187,
spanner,100.23,10615,1,8.909,
spanner,100.24,10616,1,7.434,
spanner,100.25,10617,1,6.606,
spanner,100.25,10618,1,6.727,
spanner,100.26,10619,1,8.309,
spanner,100.27,10620,1,8.138,
spanner,100.28,10621,1,7.462,
spanner,100.28,10622,1,9.682,
spanner,100.29,10623,1,9.005,
spanner,100.30,10624,1,10.281,
spanner,100.31,10625,1,7.365,
spanner,100.32,10626,1,7.142,
spanner,100.33,10627,1,6.690,
spanner,100.33,10628,1,7.750,
spanner,100.34,10629,1,9.307,
spanner,100.35,10630,1,7.823,
spanner,100.36,10631,1,6.832,
spanner,100.37,10632,1,8.780,
spanner,100.37,10633,1,10.163,
spanner,100.38,10634,1,9.305,
spanner,100.39,10635,1,9.933,
spanner,100.40,10636,1,9.143,
spanner,100.41,10637,1,8.542,
spanner,100.42,10638,1,10.790,
spanner,100.43,10639,1,11.369,
spanner,100.44,10640,1,11.491,
spanner,100.46,10641,1,10.833,
spanner,100.47,10642,1,11.033,
spanner,100.48,10643,1,9.998,
spanner,100.49,10644,1,9.477,
spanner,100.50,10645,1,8.880,
spanner,100.51,10646,1,10.679,
spanner,100.52,10647,1,10.743,
spanner,100.53,10648,1,9.289,
spanner,100.54,10649,1,10.362,
spanner,100.55,10650,1,9.345,
spanner,100.56,10651,1,10.541,
spanner,100.57,10652,1,10.889,
spanner,100.58,10653,1,7.729,
spanner,100.59,10654,1,7.447,
spanner,100.59,10655,1,7.095,
spanner,100.60,10656,1,9.230,
spanner,100.61,10657,1,9.312,
spanner,100.62,10658,1,9.888,
spanner,100.63,10659,1,10.310,
spanner,100.64,10660,1,9.980,
spanner,100.65,10661,1,7.972,
spanner,100.66,10662,1,10.654,
spanner,100.67,10663,1,8.816,
spanner,100.68,10664,1,7.610,
spanner,100.68,10665,1,8.001,
spanner,100.69,10666,1,7.041,
spanner,100.70,10667,1,7.865,
spanner,100.71,10668,1,8.833,
spanner,100.72,10669,1,9.160,
spanner,100.73,10670,1,10.113,
spanner,100.74,10671,1,8.815,
spanner,100.74,10672,1,9.446,
spanner,100.75,10673,1,8.814,
spanner,100.76,10674,1,8.467,
spanner,100.77,10675,1,11.247,
spanner,100.78,10676,1,11.278,
spanner,100.79,10677,1,11.638,
spanner,100.81,10678,1,9.115,
spanner,100.81,10679,1,9.514,
spanner,100.82,10680,1,9.055,
spanner,100.83,10681,1,10.332,
spanner,100.84,10682,1,12.412,
spanner,100.86,10683,1,9.792,
spanner,100.87,10684,1,10.066,
spanner,100.88,10685,1,13.556,
spanner,100.89,10686,1,9.902,
spanner,100.90,10687,1,9.349,
spanner,100.91,10688,1,8.606,
spanner,100.92,10689,1,7.979,
spanner,100.93,10690,1,8.661,
spanner,100.93,10691,1,8.794,
spanner,100.94,10692,1,8.726,
spanner,100.95,10693,1,8.700,
spanner,100.96,10694,1,7.528,
spanner,100.97,10695,1,7.500,
spanner,100.98,10696,1,7.868,
spanner,100.98,10697,1,8.649,
spanner,100.99,10698,1,8.432,
spanner,101.00,10699,1,7.524,
spanner,101.01,10700,1,7.755,
spanner,101.02,10701,1,8.974,
spanner,101.03,10702,1,12.765,
spanner,101.04,10703,1,9.779,
spanner,101.05,10704,1,11.887,
spanner,101.06,10705,1,11.267,
spanner,101.07,10706,1,11.256,
spanner,101.08,10707,1,13.695,
spanner,101.10,10708,1,13.074,
spanner,101.11,10709,1,10.972,
spanner,101.12,10710,1,12.061,
spanner,101.13,10711,1,11.639,
spanner,101.14,10712,1,11.294,
spanner,101.16,10713,1,11.122,
spanner,101.17,10714,1,11.022,
spanner,101.18,10715,1,10.504,
spanner,101.19,10716,1,13.722,
spanner,101.20,10717,1,13.593,
spanner,101.22,10718,1,12.668,
spanner,101.23,10719,1,12.387,
spanner,101.24,10720,1,10.654,
spanner,101.25,10721,1,10.386,
spanner,101.26,10722,1,9.769,
spanner,101.27,10723,1,9.879,
spanner,101.28,10724,1,9.026,
spanner,101.29,10725,1,8.988,
spanner,101.30,10726,1,8.507,
spanner,101.31,10727,1,10.310,
spanner,101.32,10728,1,9.298,
spanner,101.33,10729,1,9.905,
spanner,101.34,10730,1,9.520,
spanner,101.35,10731,1,7.919,
spanner,101.36,10732,1,8.153,
spanner,101.36,10733,1,8.152,
spanner,101.37,10734,1,10.169,
spanner,101.38,10735,1,9.607,
spanner,101.39,10736,1,9.259,
spanner,101.40,10737,1,12.380,
spanner,101.41,10738,1,11.954,
spanner,101.43,10739,1,9.474,
spanner,101.43,10740,1,8.592,
spanner,101.44,10741,1,8.210,
spanner,101.45,10742,1,9.215,
spanner,101.46,10743,1,8.621,
spanner,101.47,10744,1,8.571,
spanner,101.48,10745,1,9.261,
spanner,101.49,10746,1,8.650,
spanner,101.50,10747,1,7.877,
spanner,101.50,10748,1,8.810,
spanner,101.51,10749,1,10.495,
spanner,101.52,10750,1,12.364,
spanner,101.54,10751,1,13.487,
spanner,101.55,10752,1,12.985,
spanner,101.56,10753,1,13.024,
spanner,101.58,10754,1,10.425,
spanner,101.59,10755,1,12.195,
spanner,101.60,10756,1,11.836,
spanner,101.61,10757,1,10.615,
spanner,101.62,10758,1,7.469,
spanner,101.63,10759,1,8.503,
spanner,101.64,10760,1,10.322,
spanner,101.65,10761,1,8.358,
spanner,101.66,10762,1,7.850,
spanner,101.66,10763,1,6.296,
spanner,101.67,10764,1,8.113,
spanner,101.68,10765,1,10.350,
spanner,101.69,10766,1,9.696,
spanner,101.70,10767,1,11.513,
spanner,101.71,10768,1,10.114,
spanner,101.72,10769,1,7.940,
spanner,101.73,10770,1,7.491,
spanner,101.74,10771,1,8.023,
spanner,101.74,10772,1,7.761,
spanner,101.75,10773,1,7.325,
spanner,101.76,10774,1,6.409,
spanner,101.76,10775,1,7.597,
spanner,101.77,10776,1,7.784,
spanner,101.78,10777,1,7.083,
spanner,101.79,10778,1,7.719,
spanner,101.80,10779,1,7.438,
spanner,101.80,10780,1,6.800,
spanner,101.81,10781,1,6.566,
spanner,101.82,10782,1,6.691,
spanner,101.82,10783,1,7.612,
spanner,101.83,10784,1,6.358,
spanner,101.84,10785,1,5.940,
spanner,101.84,10786,1,7.167,
spanner,101.85,10787,1,6.751,
spanner,101.86,10788,1,6.143,
spanner,101.86,10789,1,6.293,
spanner,101.87,10790,1,5.842,
spanner,101.87,10791,1,5.931,
spanner,101.88,10792,1,7.361,
spanner,101.89,10793,1,9.160,
spanner,101.90,10794,1,8.686,
spanner,101.91,10795,1,9.790,
spanner,101.92,10796,1,11.246,
spanner,101.93,10797,1,10.336,
spanner,101.94,10798,1,11.706,
spanner,101.95,10799,1,11.457,
spanner,101.96,10800,1,9.294,
spanner,101.97,10801,1,10.909,
spanner,101.98,10802,1,11.271,
spanner,101.99,10803,1,10.515,
spanner,102.00,10804,1,9.283,
spanner,102.01,10805,1,7.771,
spanner,102.02,10806,1,6.874,
spanner,102.03,10807,1,6.714,
spanner,102.03,10808,1,7.730,
spanner,102.04,10809,1,7.508,
spanner,102.05,10810,1,6.102,
spanner,102.06,10811,1,7.909,
spanner,102.06,10812,1,9.004,
spanner,102.07,10813,1,8.269,
spanner,102.08,10814,1,7.631,
spanner,102.09,10815,1,9.259,
spanner,102.10,10816,1,7.902,
spanner,102.11,10817,1,7.762,
spanner,102.11,10818,1,9.011,
spanner,102.12,10819,1,8.273,
spanner,102.13,10820,1,7.957,
spanner,102.14,10821,1,8.206,
spanner,102.15,10822,1,11.484,
spanner,102.16,10823,1,8.850,
spanner,102.17,10824,1,6.885,
spanner,102.17,10825,1,6.823,
spanner,102.18,10826,1,6.462,
spanner,102.19,10827,1,5.859,
spanner,102.19,10828,1,6.007,
spanner,102.20,10829,1,7.242,
spanner,102.21,10830,1,8.441,
spanner,102.22,10831,1,8.868,
spanner,102.22,10832,1,8.421,
spanner,102.23,10833,1,8.700,
spanner,102.24,10834,1,8.176,
spanner,102.25,10835,1,8.562,
spanner,102.26,10836,1,6.946,
spanner,102.26,10837,1,6.836,
spanner,102.27,10838,1,6.607,
spanner,102.28,10839,1,6.634,
spanner,102.29,10840,1,6.282,
spanner,102.29,10841,1,6.451,
spanner,102.30,10842,1,6.571,
spanner,102.30,10843,1,8.590,
spanner,102.31,10844,1,6.573,
spanner,102.32,10845,1,7.565,
spanner,102.33,10846,1,7.834,
spanner,102.34,10847,1,9.065,
spanner,102.34,10848,1,8.350,
spanner,102.35,10849,1,7.062,
spanner,102.36,10850,1,7.059,
spanner,102.37,10851,1,6.877,
spanner,102.37,10852,1,6.713,
spanner,102.38,10853,1,6.131,
spanner,102.39,10854,1,7.380,
spanner,102.39,10855,1,10.508,
spanner,102.40,10856,1,10.655,
spanner,102.42,10857,1,9.030,
spanner,102.42,10858,1,10.561,
spanner,102.43,10859,1,10.013,
spanner,102.44,10860,1,9.577,
spanner,102.45,10861,1,10.288,
spanner,102.46,10862,1,10.708,
spanner,102.48,10863,1,7.803,
spanner,102.48,10864,1,6.445,
spanner,102.49,10865,1,6.515,
spanner,102.50,10866,1,6.569,
spanner,102.50,10867,1,7.655,
spanner,102.51,10868,1,8.501,
spanner,102.52,10869,1,8.212,
spanner,102.53,10870,1,6.873,
spanner,102.53,10871,1,7.820,
spanner,102.54,10872,1,8.156,
spanner,102.55,10873,1,8.095,
spanner,102.56,10874,1,8.310,
spanner,102.57,10875,1,7.739,
spanner,102.57,10876,1,9.761,
spanner,102.58,10877,1,9.129,
spanner,102.59,10878,1,7.490,
spanner,102.60,10879,1,7.212,
spanner,102.61,10880,1,9.032,
spanner,102.62,10881,1,7.277,
spanner,102.62,10882,1,7.822,
spanner,102.63,10883,1,7.497,
spanner,102.64,10884,1,9.030,
spanner,102.65,10885,1,7.530,
spanner,102.66,10886,1,7.839,
spanner,102.66,10887,1,7.644,
spanner,102.67,10888,1,7.177,
spanner,102.68,10889,1,7.580,
spanner,102.69,10890,1,8.018,
spanner,102.70,10891,1,8.492,
spanner,102.70,10892,1,10.281,
spanner,102.71,10893,1,8.211,
spanner,102.72,10894,1,8.492,
spanner,102.73,10895,1,10.721,
spanner,102.74,10896,1,10.577,
spanner,102.75,10897,1,8.940,
spanner,102.76,10898,1,10.190,
spanner,102.77,10899,1,11.392,
spanner,102.78,10900,1,13.165,
spanner,102.80,10901,1,10.321,
spanner,102.81,10902,1,9.377,
spanner,102.82,10903,1,10.401,
spanner,102.83,10904,1,10.447,
spanner,102.84,10905,1,9.937,
spanner,102.85,10906,1,9.010,
spanner,102.86,10907,1,8.827,
spanner,102.86,10908,1,11.016,
spanner,102.88,10909,1,9.991,
spanner,102.89,10910,1,8.750,
spanner,102.89,10911,1,8.315,
spanner,102.90,10912,1,8.352,
spanner,102.91,10913,1,8.599,
spanner,102.92,10914,1,10.583,
spanner,102.93,10915,1,12.013,
spanner,102.94,10916,1,12.091,
spanner,102.95,10917,1,11.863,
spanner,102.97,10918,1,9.153,
spanner,102.98,10919,1,8.309,
spanner,102.98,10920,1,7.951,
spanner,102.99,10921,1,7.996,
spanner,103.00,10922,1,8.251,
spanner,103.01,10923,1,8.941,
spanner,103.02,10924,1,7.946,
spanner,103.03,10925,1,8.025,
spanner,103.03,10926,1,9.426,
spanner,103.04,10927,1,7.851,
spanner,103.05,10928,1,9.364,
spanner,103.06,10929,1,11.318,
spanner,103.07,10930,1,10.275,
spanner,103.08,10931,1,9.865,
spanner,103.09,10932,1,8.847,
spanner,103.10,10933,1,7.737,
spanner,103.11,10934,1,8.153,
spanner,103.12,10935,1,7.985,
spanner,103.12,10936,1,8.300,
spanner,103.13,10937,1,8.115,
spanner,103.14,10938,1,9.740,
spanner,103.15,10939,1,9.049,
spanner,103.16,10940,1,8.196,
spanner,103.17,10941,1,8.222,
spanner,103.18,10942,1,9.264,
spanner,103.19,10943,1,9.031,
spanner,103.19,10944,1,11.285,
spanner,103.21,10945,1,11.378,
spanner,103.22,10946,1,9.464,
spanner,103.23,10947,1,11.061,
spanner,103.24,10948,1,13.397,
spanner,103.25,10949,1,12.975,
spanner,103.26,10950,1,12.943,
spanner,103.28,10951,1,10.753,
spanner,103.29,10952,1,9.851,
spanner,103.30,10953,1,9.460,
spanner,103.31,10954,1,10.526,
spanner,103.32,10955,1,10.016,
spanner,103.33,10956,1,12.309,
spanner,103.34,10957,1,11.928,
spanner,103.35,10958,1,12.875,
spanner,103.37,10959,1,12.700,
spanner,103.38,10960,1,12.953,
spanner,103.39,10961,1,13.229,
spanner,103.40,10962,1,12.655,
spanner,103.42,10963,1,10.079,
spanner,103.43,10964,1,9.411,
spanner,103.44,10965,1,9.097,
spanner,103.45,10966,1,9.575,
spanner,103.46,10967,1,11.847,
spanner,103.47,10968,1,12.070,
spanner,103.48,10969,1,12.051,
spanner,103.49,10970,1,12.016,
spanner,103.50,10971,1,12.079,
spanner,103.52,10972,1,11.085,
spanner,103.53,10973,1,13.909,
spanner,103.54,10974,1,10.689,
spanner,103.55,10975,1,10.177,
spanner,103.56,10976,1,12.737,
spanner,103.57,10977,1,12.943,
spanner,103.59,10978,1,12.819,
spanner,103.60,10979,1,12.736,
spanner,103.61,10980,1,13.127,
spanner,103.63,10981,1,14.481,
spanner,103.64,10982,1,13.242,
spanner,103.65,10983,1,10.307,
spanner,103.66,10984,1,13.275,
spanner,103.68,10985,1,14.187,
spanner,103.69,10986,1,13.691,
spanner,103.71,10987,1,11.902,
spanner,103.72,10988,1,7.748,
spanner,103.73,10989,1,8.668,
spanner,103.73,10990,1,9.771,
spanner,103.74,10991,1,8.394,
spanner,103.75,10992,1,6.593,
spanner,103.76,10993,1,6.671,
spanner,103.77,10994,1,8.149,
spanner,103.77,10995,1,10.772,
spanner,103.79,10996,1,10.788,
spanner,103.80,10997,1,9.322,
spanner,103.81,10998,1,8.216,
spanner,103.81,10999,1,7.698,
spanner,103.82,11000,1,8.688,
spanner,103.83,11001,1,10.492,
spanner,103.84,11002,1,10.688,
spanner,103.85,11003,1,9.417,
spanner,103.86,11004,1,7.995,
spanner,103.87,11005,1,6.866,
spanner,103.88,11006,1,6.686,
spanner,103.88,11007,1,8.000,
spanner,103.89,11008,1,6.379,
spanner,103.90,11009,1,5.970,
spanner,103.90,11010,1,7.242,
spanner,103.91,11011,1,6.773,
spanner,103.92,11012,1,8.522,
spanner,103.93,11013,1,9.560,
spanner,103.94,11014,1,8.193,
spanner,103.94,11015,1,6.530,
spanner,103.95,11016,1,7.913,
spanner,103.96,11017,1,9.757,
spanner,103.97,11018,1,9.615,
spanner,103.98,11019,1,11.914,
spanner,103.99,11020,1,11.475,
spanner,104.00,11021,1,9.794,
spanner,104.01,11022,1,11.487,
spanner,104.02,11023,1,6.858,
spanner,104.03,11024,1,6.587,
spanner,104.04,11025,1,8.596,
spanner,104.04,11026,1,6.644,
spanner,104.05,11027,1,6.216,
spanner,104.06,11028,1,5.813,
spanner,104.06,11029,1,6.184,
spanner,104.07,11030,1,6.739,
spanner,104.08,11031,1,7.426,
spanner,104.08,11032,1,7.881,
spanner,104.09,11033,1,8.475,
spanner,104.10,11034,1,7.752,
spanner,104.11,11035,1,7.594,
spanner,104.12,11036,1,7.078,
spanner,104.12,11037,1,7.102,
spanner,104.13,11038,1,8.083,
spanner,104.14,11039,1,10.159,
spanner,104.15,11040,1,10.015,
spanner,104.16,11041,1,10.368,
spanner,104.17,11042,1,11.109,
spanner,104.18,11043,1,11.662,
spanner,104.19,11044,1,11.033,
spanner,104.20,11045,1,11.160,
spanner,104.21,11046,1,8.282,
spanner,104.22,11047,1,9.078,
spanner,104.23,11048,1,8.636,
spanner,104.24,11049,1,9.739,
spanner,104.25,11050,1,10.262,
spanner,104.26,11051,1,8.550,
spanner,104.27,11052,1,8.294,
spanner,104.28,11053,1,8.313,
spanner,104.28,11054,1,8.870,
spanner,104.29,11055,1,16.850,
spanner,104.31,11056,1,7.768,
spanner,104.32,11057,1,8.557,
spanner,104.33,11058,1,13.793,
spanner,104.34,11059,1,7.272,
spanner,104.35,11060,1,16.320,
spanner,104.36,11061,1,7.722,
spanner,104.37,11062,1,8.523,
spanner,104.38,11063,1,7.272,
spanner,104.39,11064,1,7.067,
spanner,104.40,11065,1,7.360,
spanner,104.40,11066,1,7.068,
spanner,104.41,11067,1,7.706,
spanner,104.42,11068,1,7.687,
spanner,104.43,11069,1,6.852,
spanner,104.43,11070,1,8.443,
spanner,104.44,11071,1,8.858,
spanner,104.45,11072,1,10.875,
spanner,104.46,11073,1,9.470,
spanner,104.47,11074,1,6.774,
spanner,104.48,11075,1,8.170,
spanner,104.48,11076,1,7.680,
spanner,104.49,11077,1,7.821,
spanner,104.50,11078,1,8.818,
spanner,104.51,11079,1,13.066,
spanner,104.52,11080,1,9.084,
spanner,104.53,11081,1,8.373,
spanner,104.54,11082,1,8.969,
spanner,104.55,11083,1,8.381,
spanner,104.56,11084,1,6.622,
spanner,104.56,11085,1,7.387,
spanner,104.57,11086,1,7.297,
spanner,104.58,11087,1,7.214,
spanner,104.59,11088,1,7.064,
spanner,104.59,11089,1,8.580,
spanner,104.60,11090,1,10.923,
spanner,104.61,11091,1,9.910,
spanner,104.62,11092,1,10.266,
spanner,104.63,11093,1,10.732,
spanner,104.64,11094,1,10.004,
spanner,104.65,11095,1,10.693,
spanner,104.66,11096,1,9.630,
spanner,104.67,11097,1,10.394,
spanner,104.68,11098,1,10.415,
spanner,104.69,11099,1,9.051,
spanner,104.70,11100,1,9.488,
spanner,104.71,11101,1,9.963,
spanner,104.72,11102,1,8.593,
spanner,104.73,11103,1,10.497,
spanner,104.74,11104,1,11.251,
spanner,104.75,11105,1,9.767,
spanner,104.76,11106,1,9.488,
spanner,104.77,11107,1,10.019,
spanner,104.78,11108,1,11.435,
spanner,104.79,11109,1,11.281,
spanner,104.81,11110,1,9.939,
spanner,104.82,11111,1,8.781,
spanner,104.83,11112,1,8.143,
spanner,104.83,11113,1,7.832,
spanner,104.84,11114,1,9.836,
spanner,104.85,11115,1,9.654,
spanner,104.86,11116,1,8.264,
spanner,104.87,11117,1,7.512,
spanner,104.88,11118,1,7.140,
spanner,104.88,11119,1,7.944,
spanner,104.89,11120,1,7.599,
spanner,104.90,11121,1,6.745,
spanner,104.91,11122,1,8.101,
spanner,104.91,11123,1,9.606,
spanner,104.92,11124,1,10.053,
spanner,104.93,11125,1,10.395,
spanner,104.94,11126,1,8.719,
spanner,104.95,11127,1,9.382,
spanner,104.96,11128,1,11.790,
spanner,104.97,11129,1,9.047,
spanner,104.98,11130,1,7.379,
spanner,104.99,11131,1,6.834,
spanner,105.00,11132,1,8.151,
spanner,105.01,11133,1,8.068,
spanner,105.01,11134,1,8.172,
spanner,105.02,11135,1,10.234,
spanner,105.03,11136,1,12.885,
spanner,105.05,11137,1,12.480,
spanner,105.06,11138,1,12.704,
spanner,105.07,11139,1,13.242,
spanner,105.08,11140,1,12.712,
spanner,105.10,11141,1,13.488,
spanner,105.11,11142,1,11.979,
spanner,105.12,11143,1,14.272,
spanner,105.14,11144,1,13.530,
spanner,105.15,11145,1,12.682,
spanner,105.16,11146,1,11.692,
spanner,105.17,11147,1,13.621,
spanner,105.19,11148,1,11.740,
spanner,105.20,11149,1,10.371,
spanner,105.21,11150,1,11.440,
spanner,105.22,11151,1,12.051,
spanner,105.23,11152,1,9.387,
spanner,105.24,11153,1,11.819,
spanner,105.26,11154,1,12.546,
spanner,105.27,11155,1,12.374,
spanner,105.28,11156,1,10.723,
spanner,105.29,11157,1,12.139,
spanner,105.30,11158,1,12.290,
spanner,105.32,11159,1,12.172,
spanner,105.33,11160,1,10.984,
spanner,105.34,11161,1,12.125,
spanner,105.35,11162,1,15.530,
spanner,105.37,11163,1,12.299,
spanner,105.38,11164,1,13.134,
spanner,105.39,11165,1,14.192,
spanner,105.41,11166,1,12.343,
spanner,105.42,11167,1,11.983,
spanner,105.43,11168,1,9.549,
spanner,105.44,11169,1,9.060,
spanner,105.45,11170,1,10.056,
spanner,105.46,11171,1,12.063,
spanner,105.47,11172,1,11.827,
spanner,105.48,11173,1,9.213,
spanner,105.49,11174,1,8.476,
spanner,105.50,11175,1,8.078,
spanner,105.51,11176,1,8.404,
spanner,105.52,11177,1,8.327,
spanner,105.53,11178,1,8.024,
spanner,105.53,11179,1,7.959,
spanner,105.54,11180,1,9.062,
spanner,105.55,11181,1,9.313,
spanner,105.56,11182,1,9.737,
spanner,105.57,11183,1,9.317,
spanner,105.58,11184,1,10.605,
spanner,105.59,11185,1,10.702,
spanner,105.60,11186,1,12.052,
spanner,105.61,11187,1,13.169,
spanner,105.63,11188,1,13.115,
spanner,105.64,11189,1,14.608,
spanner,105.65,11190,1,15.639,
spanner,105.67,11191,1,13.653,
spanner,105.68,11192,1,13.156,
spanner,105.70,11193,1,15.916,
spanner,105.71,11194,1,9.624,
spanner,105.72,11195,1,10.205,
spanner,105.73,11196,1,7.138,
spanner,105.74,11197,1,6.276,
spanner,105.75,11198,1,7.088,
spanner,105.75,11199,1,6.662,
spanner,105.76,11200,1,6.271,
spanner,105.77,11201,1,8.036,
spanner,105.77,11202,1,9.597,
spanner,105.78,11203,1,7.493,
spanner,105.79,11204,1,7.961,
spanner,105.80,11205,1,8.687,
spanner,105.81,11206,1,9.733,
spanner,105.82,11207,1,11.504,
spanner,105.83,11208,1,9.634,
spanner,105.84,11209,1,9.366,
spanner,105.85,11210,1,11.664,
spanner,105.86,11211,1,8.818,
spanner,105.87,11212,1,10.328,
spanner,105.88,11213,1,9.153,
spanner,105.89,11214,1,10.847,
spanner,105.90,11215,1,9.755,
spanner,105.91,11216,1,7.386,
spanner,105.92,11217,1,6.626,
spanner,105.92,11218,1,8.252,
spanner,105.93,11219,1,9.297,
spanner,105.94,11220,1,11.177,
spanner,105.95,11221,1,10.537,
spanner,105.96,11222,1,8.348,
spanner,105.97,11223,1,8.827,
spanner,105.98,11224,1,8.670,
spanner,105.99,11225,1,6.649,
spanner,106.00,11226,1,7.341,
spanner,106.00,11227,1,7.035,
spanner,106.01,11228,1,7.183,
spanner,106.02,11229,1,8.062,
spanner,106.03,11230,1,8.969,
spanner,106.03,11231,1,8.657,
spanner,106.04,11232,1,7.147,
spanner,106.05,11233,1,7.551,
spanner,106.06,11234,1,10.376,
spanner,106.07,11235,1,10.028,
spanner,106.08,11236,1,7.785,
spanner,106.09,11237,1,10.550,
spanner,106.10,11238,1,10.219,
spanner,106.11,11239,1,10.493,
spanner,106.12,11240,1,9.803,
spanner,106.13,11241,1,8.114,
spanner,106.14,11242,1,6.681,
spanner,106.14,11243,1,7.671,
spanner,106.15,11244,1,7.313,
spanner,106.16,11245,1,7.369,
spanner,106.16,11246,1,7.732,
spanner,106.17,11247,1,9.194,
spanner,106.18,11248,1,7.639,
spanner,106.19,11249,1,6.963,
spanner,106.20,11250,1,6.726,
spanner,106.20,11251,1,7.593,
spanner,106.21,11252,1,6.172,
spanner,106.22,11253,1,7.506,
spanner,106.22,11254,1,6.751,
spanner,106.23,11255,1,6.449,
spanner,106.24,11256,1,6.520,
spanner,106.24,11257,1,6.301,
spanner,106.25,11258,1,6.504,
spanner,106.26,11259,1,6.398,
spanner,106.26,11260,1,7.112,
spanner,106.27,11261,1,9.628,
spanner,106.28,11262,1,9.661,
spanner,106.29,11263,1,8.211,
spanner,106.30,11264,1,9.497,
spanner,106.31,11265,1,11.559,
spanner,106.32,11266,1,11.747,
spanner,106.33,11267,1,10.869,
spanner,106.34,11268,1,10.245,
spanner,106.35,11269,1,8.814,
spanner,106.36,11270,1,8.162,
spanner,106.37,11271,1,10.240,
spanner,106.38,11272,1,10.639,
spanner,106.39,11273,1,8.969,
spanner,106.40,11274,1,7.790,
spanner,106.41,11275,1,8.630,
spanner,106.42,11276,1,7.628,
spanner,106.42,11277,1,7.231,
spanner,106.43,11278,1,7.607,
spanner,106.44,11279,1,7.768,
spanner,106.45,11280,1,7.726,
spanner,106.45,11281,1,11.062,
spanner,106.47,11282,1,10.985,
spanner,106.48,11283,1,10.164,
spanner,106.49,11284,1,9.062,
spanner,106.50,11285,1,8.612,
spanner,106.50,11286,1,11.443,
spanner,106.52,11287,1,10.990,
spanner,106.53,11288,1,7.245,
spanner,106.53,11289,1,6.969,
spanner,106.54,11290,1,7.127,
spanner,106.55,11291,1,6.815,
spanner,106.56,11292,1,7.298,
spanner,106.56,11293,1,7.008,
spanner,106.57,11294,1,7.828,
spanner,106.58,11295,1,8.050,
spanner,106.59,11296,1,9.440,
spanner,106.60,11297,1,11.204,
spanner,106.61,11298,1,11.341,
spanner,106.62,11299,1,10.578,
spanner,106.63,11300,1,11.052,
spanner,106.64,11301,1,10.337,
spanner,106.65,11302,1,10.226,
spanner,106.66,11303,1,10.389,
spanner,106.67,11304,1,12.839,
spanner,106.68,11305,1,12.709,
spanner,106.70,11306,1,13.240,
spanner,106.71,11307,1,10.102,
spanner,106.72,11308,1,7.800,
spanner,106.73,11309,1,8.521,
spanner,106.74,11310,1,7.556,
spanner,106.74,11311,1,9.728,
spanner,106.75,11312,1,9.629,
spanner,106.76,11313,1,7.540,
spanner,106.77,11314,1,7.655,
spanner,106.78,11315,1,7.211,
spanner,106.79,11316,1,7.003,
spanner,106.79,11317,1,7.473,
spanner,106.80,11318,1,9.000,
spanner,106.81,11319,1,11.113,
spanner,106.82,11320,1,10.548,
spanner,106.83,11321,1,11.189,
spanner,106.84,11322,1,12.080,
spanner,106.85,11323,1,8.382,
spanner,106.86,11324,1,7.417,
spanner,106.87,11325,1,7.352,
spanner,106.88,11326,1,6.975,
spanner,106.88,11327,1,7.493,
spanner,106.89,11328,1,7.500,
spanner,106.90,11329,1,7.446,
spanner,106.91,11330,1,7.457,
spanner,106.91,11331,1,7.131,
spanner,106.92,11332,1,7.503,
spanner,106.93,11333,1,7.450,
spanner,106.94,11334,1,6.983,
spanner,106.94,11335,1,8.235,
spanner,106.95,11336,1,10.562,
spanner,106.96,11337,1,10.347,
spanner,106.97,11338,1,11.139,
spanner,106.98,11339,1,9.783,
spanner,106.99,11340,1,8.134,
spanner,107.00,11341,1,7.748,
spanner,107.01,11342,1,8.411,
spanner,107.02,11343,1,8.057,
spanner,107.03,11344,1,7.095,
spanner,107.03,11345,1,7.391,
spanner,107.04,11346,1,8.296,
spanner,107.05,11347,1,10.005,
spanner,107.06,11348,1,10.683,
spanner,107.07,11349,1,9.169,
spanner,107.08,11350,1,8.519,
spanner,107.09,11351,1,11.154,
spanner,107.10,11352,1,12.581,
spanner,107.11,11353,1,12.382,
spanner,107.12,11354,1,13.084,
spanner,107.14,11355,1,11.932,
spanner,107.15,11356,1,13.144,
spanner,107.16,11357,1,13.491,
spanner,107.18,11358,1,10.511,
spanner,107.19,11359,1,11.851,
spanner,107.20,11360,1,11.348,
spanner,107.21,11361,1,11.104,
spanner,107.22,11362,1,9.075,
spanner,107.23,11363,1,10.351,
spanner,107.24,11364,1,10.458,
spanner,107.25,11365,1,8.603,
spanner,107.26,11366,1,8.167,
spanner,107.27,11367,1,9.578,
spanner,107.28,11368,1,9.961,
spanner,107.29,11369,1,8.745,
spanner,107.30,11370,1,11.395,
spanner,107.31,11371,1,10.541,
spanner,107.32,11372,1,12.089,
spanner,107.33,11373,1,11.650,
spanner,107.34,11374,1,12.996,
spanner,107.36,11375,1,11.347,
spanner,107.37,11376,1,11.086,
spanner,107.38,11377,1,11.394,
spanner,107.39,11378,1,10.694,
spanner,107.40,11379,1,10.220,
spanner,107.41,11380,1,13.267,
spanner,107.42,11381,1,11.923,
spanner,107.44,11382,1,12.355,
spanner,107.45,11383,1,12.252,
spanner,107.46,11384,1,13.589,
spanner,107.47,11385,1,12.024,
spanner,107.49,11386,1,11.378,
spanner,107.50,11387,1,10.597,
spanner,107.51,11388,1,10.730,
spanner,107.52,11389,1,12.619,
spanner,107.53,11390,1,12.056,
spanner,107.54,11391,1,10.381,
spanner,107.55,11392,1,10.300,
spanner,107.56,11393,1,10.623,
spanner,107.57,11394,1,11.752,
spanner,107.59,11395,1,11.869,
spanner,107.60,11396,1,12.049,
spanner,107.61,11397,1,13.382,
spanner,107.62,11398,1,9.904,
spanner,107.63,11399,1,8.320,
spanner,107.64,11400,1,9.472,
spanner,107.65,11401,1,8.591,
spanner,107.66,11402,1,9.524,
spanner,107.67,11403,1,8.857,
spanner,107.68,11404,1,8.578,
spanner,107.69,11405,1,10.123,
spanner,107.70,11406,1,11.701,
spanner,107.71,11407,1,9.886,
spanner,107.72,11408,1,9.217,
spanner,107.73,11409,1,9.845,
spanner,107.74,11410,1,9.111,
spanner,107.75,11411,1,8.366,
spanner,107.76,11412,1,9.255,
spanner,107.77,11413,1,9.596,
spanner,107.77,11414,1,9.164,
spanner,107.78,11415,1,8.863,
spanner,107.79,11416,1,8.683,
spanner,107.80,11417,1,8.526,
spanner,107.81,11418,1,6.751,
spanner,107.82,11419,1,6.289,
spanner,107.82,11420,1,6.868,
spanner,107.83,11421,1,6.245,
spanner,107.84,11422,1,6.667,
spanner,107.84,11423,1,8.380,
spanner,107.85,11424,1,7.852,
spanner,107.86,11425,1,7.663,
spanner,107.87,11426,1,6.023,
spanner,107.87,11427,1,6.526,
spanner,107.88,11428,1,8.096,
spanner,107.89,11429,1,6.910,
spanner,107.89,11430,1,5.978,
spanner,107.90,11431,1,5.874,
spanner,107.91,11432,1,6.703,
spanner,107.91,11433,1,7.341,
spanner,107.92,11434,1,9.396,
spanner,107.93,11435,1,9.110,
spanner,107.94,11436,1,9.653,
spanner,107.95,11437,1,11.279,
spanner,107.96,11438,1,8.914,
spanner,107.97,11439,1,7.611,
spanner,107.98,11440,1,7.228,
spanner,107.98,11441,1,7.347,
spanner,107.99,11442,1,7.118,
spanner,108.00,11443,1,6.951,
spanner,108.01,11444,1,6.813,
spanner,108.01,11445,1,7.458,
spanner,108.02,11446,1,7.763,
spanner,108.03,11447,1,7.128,
spanner,108.03,11448,1,7.300,
spanner,108.04,11449,1,6.446,
spanner,108.05,11450,1,5.795,
spanner,108.05,11451,1,6.141,
spanner,108.06,11452,1,6.356,
spanner,108.07,11453,1,6.960,
spanner,108.07,11454,1,8.995,
spanner,108.08,11455,1,10.976,
spanner,108.09,11456,1,9.721,
spanner,108.10,11457,1,9.468,
spanner,108.11,11458,1,8.975,
spanner,108.12,11459,1,7.095,
spanner,108.13,11460,1,6.362,
spanner,108.14,11461,1,6.960,
spanner,108.14,11462,1,8.128,
spanner,108.15,11463,1,7.582,
spanner,108.16,11464,1,6.857,
spanner,108.17,11465,1,6.469,
spanner,108.17,11466,1,6.861,
spanner,108.18,11467,1,6.650,
spanner,108.19,11468,1,6.553,
spanner,108.19,11469,1,6.541,
spanner,108.20,11470,1,6.538,
spanner,108.21,11471,1,7.767,
spanner,108.21,11472,1,6.562,
spanner,108.22,11473,1,8.799,
spanner,108.23,11474,1,7.663,
spanner,108.24,11475,1,6.721,
spanner,108.24,11476,1,7.441,
spanner,108.25,11477,1,10.082,
spanner,108.26,11478,1,9.659,
spanner,108.27,11479,1,9.539,
spanner,108.28,11480,1,9.863,
spanner,108.29,11481,1,8.031,
spanner,108.30,11482,1,10.110,
spanner,108.31,11483,1,7.849,
spanner,108.32,11484,1,6.331,
spanner,108.32,11485,1,6.028,
spanner,108.33,11486,1,6.250,
spanner,108.33,11487,1,5.982,
spanner,108.34,11488,1,6.572,
spanner,108.35,11489,1,7.055,
spanner,108.35,11490,1,8.067,
spanner,108.36,11491,1,8.051,
spanner,108.37,11492,1,9.304,
spanner,108.38,11493,1,10.324,
spanner,108.39,11494,1,8.475,
spanner,108.40,11495,1,7.630,
spanner,108.41,11496,1,7.232,
spanner,108.41,11497,1,7.124,
spanner,108.42,11498,1,7.104,
spanner,108.43,11499,1,7.013,
spanner,108.43,11500,1,7.424,
spanner,108.44,11501,1,6.962,
spanner,108.45,11502,1,6.790,
spanner,108.46,11503,1,8.134,
spanner,108.46,11504,1,7.449,
spanner,108.47,11505,1,7.253,
spanner,108.48,11506,1,7.769,
spanner,108.49,11507,1,6.585,
spanner,108.49,11508,1,6.427,
spanner,108.50,11509,1,6.740,
spanner,108.51,11510,1,6.303,
spanner,108.51,11511,1,7.808,
spanner,108.52,11512,1,9.838,
spanner,108.53,11513,1,9.010,
spanner,108.54,11514,1,8.488,
spanner,108.55,11515,1,7.961,
spanner,108.56,11516,1,8.677,
spanner,108.56,11517,1,9.959,
spanner,108.57,11518,1,9.582,
spanner,108.58,11519,1,7.316,
spanner,108.59,11520,1,7.666,
spanner,108.60,11521,1,7.720,
spanner,108.61,11522,1,8.903,
spanner,108.62,11523,1,8.825,
spanner,108.63,11524,1,8.522,
spanner,108.63,11525,1,8.105,
spanner,108.64,11526,1,9.532,
spanner,108.65,11527,1,9.242,
spanner,108.66,11528,1,11.271,
spanner,108.67,11529,1,11.363,
spanner,108.68,11530,1,9.976,
spanner,108.69,11531,1,9.268,
spanner,108.70,11532,1,8.161,
spanner,108.71,11533,1,9.124,
spanner,108.72,11534,1,6.681,
spanner,108.73,11535,1,7.495,
spanner,108.73,11536,1,7.886,
spanner,108.74,11537,1,8.252,
spanner,108.75,11538,1,8.227,
spanner,108.76,11539,1,9.082,
spanner,108.77,11540,1,8.716,
spanner,108.78,11541,1,8.137,
spanner,108.78,11542,1,8.126,
spanner,108.79,11543,1,9.345,
spanner,108.80,11544,1,8.620,
spanner,108.81,11545,1,8.086,
spanner,108.82,11546,1,7.777,
spanner,108.83,11547,1,8.074,
spanner,108.84,11548,1,8.055,
spanner,108.85,11549,1,7.738,
spanner,108.85,11550,1,8.263,
spanner,108.86,11551,1,8.762,
spanner,108.87,11552,1,7.785,
spanner,108.88,11553,1,8.563,
spanner,108.89,11554,1,7.707,
spanner,108.89,11555,1,7.344,
spanner,108.90,11556,1,8.012,
spanner,108.91,11557,1,7.469,
spanner,108.92,11558,1,8.389,
spanner,108.93,11559,1,8.932,
spanner,108.93,11560,1,9.732,
spanner,108.94,11561,1,8.201,
spanner,108.95,11562,1,9.861,
spanner,108.96,11563,1,8.582,
spanner,108.97,11564,1,7.211,
spanner,108.98,11565,1,9.056,
spanner,108.99,11566,1,7.230,
spanner,108.99,11567,1,6.986,
spanner,109.00,11568,1,7.192,
spanner,109.01,11569,1,7.240,
spanner,109.02,11570,1,7.232,
spanner,109.02,11571,1,6.746,
spanner,109.03,11572,1,8.158,
spanner,109.04,11573,1,7.983,
spanner,109.05,11574,1,7.931,
spanner,109.05,11575,1,7.583,
spanner,109.06,11576,1,8.442,
spanner,109.07,11577,1,7.910,
spanner,109.08,11578,1,8.854,
spanner,109.09,11579,1,10.387,
spanner,109.10,11580,1,9.590,
spanner,109.11,11581,1,8.431,
spanner,109.12,11582,1,11.929,
spanner,109.13,11583,1,13.907,
spanner,109.14,11584,1,11.594,
spanner,109.15,11585,1,8.463,
spanner,109.16,11586,1,10.316,
spanner,109.17,11587,1,9.004,
spanner,109.18,11588,1,8.669,
spanner,109.19,11589,1,7.715,
spanner,109.20,11590,1,7.920,
spanner,109.21,11591,1,8.861,
spanner,109.21,11592,1,8.279,
spanner,109.22,11593,1,8.221,
spanner,109.23,11594,1,8.388,
spanner,109.24,11595,1,7.628,
spanner,109.25,11596,1,7.990,
spanner,109.26,11597,1,8.931,
spanner,109.26,11598,1,9.623,
spanner,109.27,11599,1,10.173,
spanner,109.28,11600,1,9.139,
spanner,109.29,11601,1,10.780,
spanner,109.30,11602,1,10.026,
spanner,109.31,11603,1,8.803,
spanner,109.32,11604,1,9.277,
spanner,109.33,11605,1,11.839,
spanner,109.34,11606,1,10.995,
spanner,109.36,11607,1,11.164,
spanner,109.37,11608,1,11.845,
spanner,109.38,11609,1,9.865,
spanner,109.39,11610,1,8.157,
spanner,109.40,11611,1,8.731,
spanner,109.41,11612,1,8.209,
spanner,109.41,11613,1,8.421,
spanner,109.42,11614,1,9.584,
spanner,109.43,11615,1,13.534,
spanner,109.45,11616,1,12.304,
spanner,109.46,11617,1,10.228,
spanner,109.47,11618,1,9.831,
spanner,109.48,11619,1,9.698,
spanner,109.49,11620,1,11.942,
spanner,109.50,11621,1,9.992,
spanner,109.51,11622,1,11.781,
spanner,109.52,11623,1,10.704,
spanner,109.53,11624,1,9.711,
spanner,109.54,11625,1,10.467,
spanner,109.55,11626,1,10.701,
spanner,109.56,11627,1,11.283,
spanner,109.57,11628,1,11.756,
spanner,109.59,11629,1,11.509,
spanner,109.60,11630,1,11.402,
spanner,109.61,11631,1,9.990,
spanner,109.62,11632,1,14.070,
spanner,109.63,11633,1,14.537,
spanner,109.65,11634,1,10.299,
spanner,109.66,11635,1,8.874,
spanner,109.67,11636,1,8.907,
spanner,109.68,11637,1,9.127,
spanner,109.69,11638,1,9.812,
spanner,109.70,11639,1,12.484,
spanner,109.71,11640,1,11.187,
spanner,109.72,11641,1,9.318,
spanner,109.73,11642,1,8.066,
spanner,109.74,11643,1,8.242,
spanner,109.74,11644,1,6.389,
spanner,109.75,11645,1,6.098,
spanner,109.76,11646,1,7.223,
spanner,109.76,11647,1,7.814,
spanner,109.77,11648,1,6.824,
spanner,109.78,11649,1,6.204,
spanner,109.79,11650,1,8.691,
spanner,109.79,11651,1,7.744,
spanner,109.80,11652,1,6.953,
spanner,109.81,11653,1,6.847,
spanner,109.82,11654,1,7.110,
spanner,109.82,11655,1,6.685,
spanner,109.83,11656,1,6.792,
spanner,109.84,11657,1,6.725,
spanner,109.84,11658,1,6.049,
spanner,109.85,11659,1,6.035,
spanner,109.86,11660,1,7.679,
spanner,109.86,11661,1,7.301,
spanner,109.87,11662,1,9.495,
spanner,109.88,11663,1,8.754,
spanner,109.89,11664,1,8.589,
spanner,109.90,11665,1,6.993,
spanner,109.90,11666,1,7.335,
spanner,109.91,11667,1,10.793,
spanner,109.92,11668,1,12.212,
spanner,109.93,11669,1,8.989,
spanner,109.94,11670,1,7.411,
spanner,109.95,11671,1,7.255,
spanner,109.96,11672,1,7.030,
spanner,109.97,11673,1,8.479,
spanner,109.97,11674,1,12.037,
spanner,109.99,11675,1,6.904,
spanner,109.99,11676,1,6.468,
spanner,110.00,11677,1,6.770,
spanner,110.01,11678,1,5.936,
spanner,110.01,11679,1,8.317,
spanner,110.02,11680,1,10.460,
spanner,110.03,11681,1,10.177,
spanner,110.04,11682,1,7.905,
spanner,110.05,11683,1,6.637,
spanner,110.06,11684,1,7.572,
spanner,110.06,11685,1,8.285,
spanner,110.07,11686,1,7.424,
spanner,110.08,11687,1,6.565,
spanner,110.09,11688,1,8.766,
spanner,110.09,11689,1,10.165,
spanner,110.10,11690,1,8.761,
spanner,110.11,11691,1,7.225,
spanner,110.12,11692,1,8.382,
spanner,110.13,11693,1,8.944,
spanner,110.14,11694,1,10.999,
spanner,110.15,11695,1,9.401,
spanner,110.16,11696,1,7.945,
spanner,110.17,11697,1,8.255,
spanner,110.18,11698,1,14.383,
spanner,110.19,11699,1,8.283,
spanner,110.20,11700,1,8.090,
spanner,110.21,11701,1,7.275,
spanner,110.21,11702,1,7.592,
spanner,110.22,11703,1,7.985,
spanner,110.23,11704,1,7.729,
spanner,110.24,11705,1,7.110,
spanner,110.24,11706,1,8.462,
spanner,110.25,11707,1,9.384,
spanner,110.26,11708,1,11.596,
spanner,110.27,11709,1,9.176,
spanner,110.28,11710,1,8.232,
spanner,110.29,11711,1,9.704,
spanner,110.30,11712,1,10.059,
spanner,110.31,11713,1,8.486,
spanner,110.32,11714,1,6.580,
spanner,110.33,11715,1,7.410,
spanner,110.33,11716,1,7.669,
spanner,110.34,11717,1,8.046,
spanner,110.35,11718,1,9.248,
spanner,110.36,11719,1,11.618,
spanner,110.37,11720,1,13.092,
spanner,110.38,11721,1,13.848,
spanner,110.40,11722,1,11.363,
spanner,110.41,11723,1,12.312,
spanner,110.42,11724,1,11.506,
spanner,110.43,11725,1,9.912,
spanner,110.44,11726,1,11.250,
spanner,110.45,11727,1,11.603,
spanner,110.47,11728,1,9.461,
spanner,110.47,11729,1,10.206,
spanner,110.48,11730,1,8.260,
spanner,110.49,11731,1,7.854,
spanner,110.50,11732,1,8.265,
spanner,110.51,11733,1,9.824,
spanner,110.52,11734,1,9.294,
spanner,110.53,11735,1,11.482,
spanner,110.54,11736,1,10.926,
spanner,110.55,11737,1,10.781,
spanner,110.56,11738,1,9.861,
spanner,110.57,11739,1,10.643,
spanner,110.58,11740,1,11.784,
spanner,110.59,11741,1,11.044,
spanner,110.61,11742,1,9.895,
spanner,110.62,11743,1,8.587,
spanner,110.62,11744,1,7.498,
spanner,110.63,11745,1,7.044,
spanner,110.64,11746,1,7.268,
spanner,110.65,11747,1,6.893,
spanner,110.65,11748,1,8.534,
spanner,110.66,11749,1,10.871,
spanner,110.67,11750,1,10.772,
spanner,110.68,11751,1,12.783,
spanner,110.70,11752,1,9.289,
spanner,110.71,11753,1,8.512,
spanner,110.71,11754,1,7.280,
spanner,110.72,11755,1,6.528,
spanner,110.73,11756,1,7.014,
spanner,110.73,11757,1,7.244,
spanner,110.74,11758,1,8.489,
spanner,110.75,11759,1,6.784,
spanner,110.76,11760,1,6.462,
spanner,110.76,11761,1,6.420,
spanner,110.77,11762,1,7.321,
spanner,110.78,11763,1,7.143,
spanner,110.78,11764,1,6.835,
spanner,110.79,11765,1,6.771,
spanner,110.80,11766,1,7.518,
spanner,110.81,11767,1,6.824,
spanner,110.81,11768,1,7.197,
spanner,110.82,11769,1,10.499,
spanner,110.83,11770,1,11.570,
spanner,110.84,11771,1,11.517,
spanner,110.85,11772,1,12.170,
spanner,110.87,11773,1,7.715,
spanner,110.87,11774,1,7.830,
spanner,110.88,11775,1,6.821,
spanner,110.89,11776,1,8.235,
spanner,110.90,11777,1,10.544,
spanner,110.91,11778,1,12.342,
spanner,110.92,11779,1,10.020,
spanner,110.93,11780,1,11.320,
spanner,110.94,11781,1,13.520,
spanner,110.95,11782,1,12.287,
spanner,110.97,11783,1,8.711,
spanner,110.98,11784,1,7.827,
spanner,110.98,11785,1,7.949,
spanner,110.99,11786,1,7.216,
spanner,111.00,11787,1,7.656,
spanner,111.01,11788,1,37.079,
spanner,111.04,11789,1,12.807,
spanner,111.06,11790,1,9.040,
spanner,111.07,11791,1,7.640,
spanner,111.07,11792,1,8.018,
spanner,111.08,11793,1,7.992,
spanner,111.09,11794,1,9.353,
spanner,111.10,11795,1,7.957,
spanner,111.11,11796,1,7.960,
spanner,111.11,11797,1,9.304,
spanner,111.12,11798,1,9.228,
spanner,111.13,11799,1,10.080,
spanner,111.14,11800,1,10.465,
spanner,111.15,11801,1,10.622,
spanner,111.16,11802,1,10.609,
spanner,111.18,11803,1,8.124,
spanner,111.18,11804,1,7.880,
spanner,111.19,11805,1,7.928,
spanner,111.20,11806,1,10.434,
spanner,111.21,11807,1,11.865,
spanner,111.22,11808,1,10.326,
spanner,111.23,11809,1,12.586,
spanner,111.24,11810,1,13.614,
spanner,111.26,11811,1,14.078,
spanner,111.27,11812,1,11.600,
spanner,111.28,11813,1,11.576,
spanner,111.30,11814,1,12.897,
spanner,111.31,11815,1,12.021,
spanner,111.32,11816,1,10.678,
spanner,111.33,11817,1,12.773,
spanner,111.34,11818,1,12.271,
spanner,111.36,11819,1,12.676,
spanner,111.37,11820,1,13.009,
spanner,111.38,11821,1,15.096,
spanner,111.40,11822,1,15.325,
spanner,111.41,11823,1,13.801,
spanner,111.43,11824,1,12.077,
spanner,111.44,11825,1,12.052,
spanner,111.45,11826,1,9.938,
spanner,111.46,11827,1,9.372,
spanner,111.47,11828,1,9.888,
spanner,111.48,11829,1,8.010,
spanner,111.49,11830,1,8.288,
spanner,111.50,11831,1,9.873,
spanner,111.51,11832,1,11.787,
spanner,111.52,11833,1,9.922,
spanner,111.53,11834,1,13.207,
spanner,111.54,11835,1,13.454,
spanner,111.55,11836,1,11.960,
spanner,111.57,11837,1,11.909,
spanner,111.58,11838,1,11.459,
spanner,111.59,11839,1,9.762,
spanner,111.60,11840,1,9.669,
spanner,111.61,11841,1,8.847,
spanner,111.62,11842,1,8.924,
spanner,111.63,11843,1,7.367,
spanner,111.64,11844,1,6.942,
spanner,111.64,11845,1,7.632,
spanner,111.65,11846,1,6.283,
spanner,111.66,11847,1,7.573,
spanner,111.66,11848,1,8.020,
spanner,111.67,11849,1,9.926,
spanner,111.68,11850,1,7.554,
spanner,111.69,11851,1,7.617,
spanner,111.70,11852,1,7.432,
spanner,111.70,11853,1,9.452,
spanner,111.71,11854,1,7.191,
spanner,111.72,11855,1,6.861,
spanner,111.73,11856,1,7.613,
spanner,111.74,11857,1,6.943,
spanner,111.74,11858,1,7.237,
spanner,111.75,11859,1,6.632,
spanner,111.76,11860,1,7.008,
spanner,111.76,11861,1,7.606,
spanner,111.77,11862,1,10.627,
spanner,111.78,11863,1,7.567,
spanner,111.79,11864,1,6.703,
spanner,111.80,11865,1,7.271,
spanner,111.80,11866,1,9.316,
spanner,111.81,11867,1,10.897,
spanner,111.82,11868,1,9.384,
spanner,111.83,11869,1,11.951,
spanner,111.85,11870,1,10.845,
spanner,111.86,11871,1,10.254,
spanner,111.87,11872,1,8.925,
spanner,111.88,11873,1,7.556,
spanner,111.88,11874,1,7.192,
spanner,111.89,11875,1,7.096,
spanner,111.90,11876,1,6.569,
spanner,111.90,11877,1,6.976,
spanner,111.91,11878,1,6.615,
spanner,111.92,11879,1,6.320,
spanner,111.92,11880,1,6.220,
spanner,111.93,11881,1,9.016,
spanner,111.94,11882,1,9.068,
spanner,111.95,11883,1,6.760,
spanner,111.96,11884,1,7.710,
spanner,111.96,11885,1,8.997,
spanner,111.97,11886,1,9.969,
spanner,111.98,11887,1,10.260,
spanner,111.99,11888,1,7.297,
spanner,112.00,11889,1,5.892,
spanner,112.01,11890,1,6.804,
spanner,112.01,11891,1,8.369,
spanner,112.02,11892,1,9.023,
spanner,112.03,11893,1,7.306,
spanner,112.04,11894,1,7.286,
spanner,112.04,11895,1,6.923,
spanner,112.05,11896,1,8.159,
spanner,112.06,11897,1,8.835,
spanner,112.07,11898,1,10.591,
spanner,112.08,11899,1,10.631,
spanner,112.09,11900,1,10.617,
spanner,112.10,11901,1,10.566,
spanner,112.11,11902,1,9.843,
spanner,112.12,11903,1,8.507,
spanner,112.13,11904,1,8.762,
spanner,112.14,11905,1,11.338,
spanner,112.15,11906,1,11.644,
spanner,112.16,11907,1,11.785,
spanner,112.17,11908,1,10.702,
spanner,112.18,11909,1,10.450,
spanner,112.19,11910,1,8.563,
spanner,112.20,11911,1,8.824,
spanner,112.21,11912,1,7.022,
spanner,112.22,11913,1,7.724,
spanner,112.23,11914,1,8.314,
spanner,112.23,11915,1,8.552,
spanner,112.24,11916,1,7.637,
spanner,112.25,11917,1,6.973,
spanner,112.26,11918,1,6.771,
spanner,112.26,11919,1,8.124,
spanner,112.27,11920,1,8.225,
spanner,112.28,11921,1,7.015,
spanner,112.29,11922,1,7.860,
spanner,112.30,11923,1,7.671,
spanner,112.30,11924,1,7.822,
spanner,112.31,11925,1,7.696,
spanner,112.32,11926,1,10.045,
spanner,112.33,11927,1,10.001,
spanner,112.34,11928,1,10.065,
spanner,112.35,11929,1,8.414,
spanner,112.36,11930,1,8.447,
spanner,112.37,11931,1,9.964,
spanner,112.38,11932,1,9.001,
spanner,112.39,11933,1,8.778,
spanner,112.39,11934,1,9.763,
spanner,112.40,11935,1,10.022,
spanner,112.41,11936,1,8.087,
spanner,112.42,11937,1,7.516,
spanner,112.43,11938,1,6.407,
spanner,112.44,11939,1,7.331,
spanner,112.44,11940,1,7.406,
spanner,112.45,11941,1,6.990,
spanner,112.46,11942,1,7.486,
spanner,112.47,11943,1,7.637,
spanner,112.47,11944,1,7.597,
spanner,112.48,11945,1,7.090,
spanner,112.49,11946,1,7.046,
spanner,112.50,11947,1,6.182,
spanner,112.50,11948,1,6.612,
spanner,112.51,11949,1,7.294,
spanner,112.52,11950,1,7.025,
spanner,112.52,11951,1,6.778,
spanner,112.53,11952,1,7.171,
spanner,112.54,11953,1,6.728,
spanner,112.54,11954,1,6.680,
spanner,112.55,11955,1,6.632,
spanner,112.56,11956,1,8.008,
spanner,112.56,11957,1,11.391,
spanner,112.58,11958,1,8.776,
spanner,112.58,11959,1,8.805,
spanner,112.59,11960,1,9.683,
spanner,112.60,11961,1,11.757,
spanner,112.62,11962,1,9.955,
spanner,112.63,11963,1,9.688,
spanner,112.64,11964,1,10.159,
spanner,112.65,11965,1,9.808,
spanner,112.66,11966,1,10.560,
spanner,112.67,11967,1,12.082,
spanner,112.68,11968,1,11.548,
spanner,112.69,11969,1,10.125,
spanner,112.70,11970,1,8.978,
spanner,112.71,11971,1,8.198,
spanner,112.72,11972,1,10.276,
spanner,112.73,11973,1,8.071,
spanner,112.74,11974,1,9.491,
spanner,112.74,11975,1,10.896,
spanner,112.76,11976,1,8.277,
spanner,112.76,11977,1,7.141,
spanner,112.77,11978,1,6.629,
spanner,112.78,11979,1,7.140,
spanner,112.78,11980,1,8.975,
spanner,112.79,11981,1,10.327,
spanner,112.80,11982,1,11.454,
spanner,112.82,11983,1,10.354,
spanner,112.83,11984,1,8.593,
spanner,112.83,11985,1,8.986,
spanner,112.84,11986,1,8.240,
spanner,112.85,11987,1,7.913,
spanner,112.86,11988,1,7.912,
spanner,112.87,11989,1,9.173,
spanner,112.88,11990,1,11.461,
spanner,112.89,11991,1,8.707,
spanner,112.90,11992,1,11.938,
spanner,112.91,11993,1,12.314,
spanner,112.92,11994,1,11.614,
spanner,112.93,11995,1,9.224,
spanner,112.94,11996,1,8.839,
spanner,112.95,11997,1,9.951,
spanner,112.96,11998,1,11.681,
spanner,112.97,11999,1,11.356,
spanner,112.98,12000,1,7.947,
spanner,112.99,12001,1,8.074,
spanner,113.00,12002,1,10.749,
spanner,113.01,12003,1,7.608,
spanner,113.02,12004,1,7.248,
spanner,113.03,12005,1,8.579,
spanner,113.04,12006,1,10.372,
spanner,113.05,12007,1,10.047,
spanner,113.06,12008,1,9.264,
spanner,113.06,12009,1,10.974,
spanner,113.08,12010,1,11.386,
spanner,113.09,12011,1,13.701,
spanner,113.10,12012,1,12.678,
spanner,113.11,12013,1,12.601,
spanner,113.13,12014,1,12.690,
spanner,113.14,12015,1,12.257,
spanner,113.15,12016,1,11.586,
spanner,113.16,12017,1,12.673,
spanner,113.18,12018,1,13.582,
spanner,113.19,12019,1,11.457,
spanner,113.20,12020,1,10.467,
spanner,113.21,12021,1,9.702,
spanner,113.22,12022,1,12.471,
spanner,113.23,12023,1,10.794,
spanner,113.24,12024,1,8.882,
spanner,113.25,12025,1,8.692,
spanner,113.26,12026,1,10.336,
spanner,113.27,12027,1,12.400,
spanner,113.28,12028,1,11.877,
spanner,113.30,12029,1,10.453,
spanner,113.31,12030,1,10.569,
spanner,113.32,12031,1,12.687,
spanner,113.33,12032,1,12.515,
spanner,113.34,12033,1,12.667,
spanner,113.36,12034,1,12.410,
spanner,113.37,12035,1,13.675,
spanner,113.38,12036,1,14.271,
spanner,113.40,12037,1,12.353,
spanner,113.41,12038,1,12.160,
spanner,113.42,12039,1,12.677,
spanner,113.43,12040,1,10.547,
spanner,113.44,12041,1,8.741,
spanner,113.45,12042,1,9.291,
spanner,113.46,12043,1,10.617,
spanner,113.47,12044,1,13.509,
spanner,113.49,12045,1,15.345,
spanner,113.50,12046,1,10.924,
spanner,113.51,12047,1,10.826,
spanner,113.52,12048,1,11.678,
spanner,113.54,12049,1,9.797,
spanner,113.55,12050,1,8.728,
spanner,113.55,12051,1,8.206,
spanner,113.56,12052,1,8.863,
spanner,113.57,12053,1,12.815,
spanner,113.58,12054,1,14.000,
spanner,113.60,12055,1,13.175,
spanner,113.61,12056,1,12.023,
spanner,113.62,12057,1,12.639,
spanner,113.64,12058,1,11.824,
spanner,113.65,12059,1,10.119,
spanner,113.66,12060,1,8.089,
spanner,113.67,12061,1,6.654,
spanner,113.67,12062,1,7.873,
spanner,113.68,12063,1,8.005,
spanner,113.69,12064,1,7.351,
spanner,113.70,12065,1,7.816,
spanner,113.70,12066,1,8.813,
spanner,113.71,12067,1,7.625,
spanner,113.72,12068,1,8.676,
spanner,113.73,12069,1,7.177,
spanner,113.74,12070,1,8.129,
spanner,113.74,12071,1,7.955,
spanner,113.75,12072,1,7.457,
spanner,113.76,12073,1,6.349,
spanner,113.77,12074,1,6.366,
spanner,113.77,12075,1,6.383,
spanner,113.78,12076,1,6.168,
spanner,113.79,12077,1,5.961,
spanner,113.79,12078,1,6.498,
spanner,113.80,12079,1,6.052,
spanner,113.80,12080,1,5.930,
spanner,113.81,12081,1,6.114,
spanner,113.82,12082,1,8.934,
spanner,113.83,12083,1,7.116,
spanner,113.83,12084,1,7.130,
spanner,113.84,12085,1,8.598,
spanner,113.85,12086,1,9.496,
spanner,113.86,12087,1,8.582,
spanner,113.87,12088,1,6.665,
spanner,113.87,12089,1,6.201,
spanner,113.88,12090,1,6.375,
spanner,113.89,12091,1,6.432,
spanner,113.89,12092,1,6.393,
spanner,113.90,12093,1,5.896,
spanner,113.90,12094,1,5.773,
spanner,113.91,12095,1,6.006,
spanner,113.92,12096,1,5.999,
spanner,113.92,12097,1,6.438,
spanner,113.93,12098,1,6.470,
spanner,113.94,12099,1,6.286,
spanner,113.94,12100,1,6.840,
spanner,113.95,12101,1,6.583,
spanner,113.96,12102,1,7.869,
spanner,113.96,12103,1,8.833,
spanner,113.97,12104,1,8.703,
spanner,113.98,12105,1,8.184,
spanner,113.99,12106,1,6.353,
spanner,114.00,12107,1,6.458,
spanner,114.00,12108,1,5.944,
spanner,114.01,12109,1,6.742,
spanner,114.01,12110,1,7.434,
spanner,114.02,12111,1,9.452,
spanner,114.03,12112,1,9.031,
spanner,114.04,12113,1,12.042,
spanner,114.05,12114,1,11.182,
spanner,114.06,12115,1,10.893,
spanner,114.07,12116,1,7.270,
spanner,114.08,12117,1,6.633,
spanner,114.09,12118,1,6.911,
spanner,114.10,12119,1,7.060,
spanner,114.10,12120,1,7.116,
spanner,114.11,12121,1,6.699,
spanner,114.12,12122,1,6.761,
spanner,114.12,12123,1,8.079,
spanner,114.13,12124,1,6.842,
spanner,114.14,12125,1,6.740,
spanner,114.15,12126,1,7.069,
spanner,114.15,12127,1,5.980,
spanner,114.16,12128,1,6.137,
spanner,114.16,12129,1,6.104,
spanner,114.17,12130,1,7.538,
spanner,114.18,12131,1,7.742,
spanner,114.19,12132,1,7.436,
spanner,114.19,12133,1,6.909,
spanner,114.20,12134,1,7.626,
spanner,114.21,12135,1,8.745,
spanner,114.22,12136,1,6.941,
spanner,114.22,12137,1,6.485,
spanner,114.23,12138,1,7.210,
spanner,114.24,12139,1,7.228,
spanner,114.24,12140,1,7.049,
spanner,114.25,12141,1,7.141,
spanner,114.26,12142,1,7.341,
spanner,114.27,12143,1,6.224,
spanner,114.27,12144,1,6.991,
spanner,114.28,12145,1,6.741,
spanner,114.29,12146,1,6.172,
spanner,114.29,12147,1,7.069,
spanner,114.30,12148,1,6.784,
spanner,114.31,12149,1,6.382,
spanner,114.31,12150,1,6.374,
spanner,114.32,12151,1,7.511,
spanner,114.33,12152,1,6.984,
spanner,114.33,12153,1,6.921,
spanner,114.34,12154,1,7.490,
spanner,114.35,12155,1,7.127,
spanner,114.36,12156,1,6.804,
spanner,114.36,12157,1,6.758,
spanner,114.37,12158,1,7.176,
spanner,114.38,12159,1,8.179,
spanner,114.38,12160,1,10.713,
spanner,114.40,12161,1,9.065,
spanner,114.40,12162,1,13.662,
spanner,114.42,12163,1,10.891,
spanner,114.43,12164,1,10.274,
spanner,114.44,12165,1,9.999,
spanner,114.45,12166,1,8.729,
spanner,114.46,12167,1,10.982,
spanner,114.47,12168,1,8.931,
spanner,114.48,12169,1,8.680,
spanner,114.49,12170,1,9.579,
spanner,114.50,12171,1,11.754,
spanner,114.51,12172,1,11.956,
spanner,114.52,12173,1,7.570,
spanner,114.53,12174,1,6.658,
spanner,114.53,12175,1,9.267,
spanner,114.54,12176,1,10.215,
spanner,114.55,12177,1,10.035,
spanner,114.56,12178,1,8.210,
spanner,114.57,12179,1,7.360,
spanner,114.58,12180,1,8.265,
spanner,114.59,12181,1,8.004,
spanner,114.60,12182,1,9.128,
spanner,114.61,12183,1,9.025,
spanner,114.61,12184,1,9.156,
spanner,114.62,12185,1,10.921,
spanner,114.63,12186,1,10.247,
spanner,114.64,12187,1,11.717,
spanner,114.66,12188,1,12.206,
spanner,114.67,12189,1,10.078,
spanner,114.68,12190,1,8.654,
spanner,114.69,12191,1,9.737,
spanner,114.70,12192,1,10.062,
spanner,114.71,12193,1,15.442,
spanner,114.72,12194,1,9.754,
spanner,114.73,12195,1,9.880,
spanner,114.74,12196,1,9.145,
spanner,114.75,12197,1,7.853,
spanner,114.76,12198,1,7.952,
spanner,114.77,12199,1,7.530,
spanner,114.78,12200,1,7.400,
spanner,114.78,12201,1,7.165,
spanner,114.79,12202,1,9.512,
spanner,114.80,12203,1,7.424,
spanner,114.81,12204,1,8.854,
spanner,114.82,12205,1,8.445,
spanner,114.82,12206,1,9.288,
spanner,114.83,12207,1,9.186,
spanner,114.84,12208,1,9.304,
spanner,114.85,12209,1,9.734,
spanner,114.86,12210,1,11.631,
spanner,114.87,12211,1,9.637,
spanner,114.88,12212,1,10.644,
spanner,114.89,12213,1,11.066,
spanner,114.90,12214,1,13.170,
spanner,114.92,12215,1,13.528,
spanner,114.93,12216,1,13.114,
spanner,114.95,12217,1,10.778,
spanner,114.96,12218,1,8.236,
spanner,114.96,12219,1,8.003,
spanner,114.97,12220,1,7.911,
spanner,114.98,12221,1,10.149,
spanner,114.99,12222,1,13.069,
spanner,115.00,12223,1,12.690,
spanner,115.02,12224,1,11.561,
spanner,115.03,12225,1,9.951,
spanner,115.04,12226,1,11.242,
spanner,115.05,12227,1,12.469,
spanner,115.06,12228,1,13.803,
spanner,115.08,12229,1,13.360,
spanner,115.09,12230,1,12.362,
spanner,115.10,12231,1,11.184,
spanner,115.11,12232,1,9.522,
spanner,115.12,12233,1,8.293,
spanner,115.13,12234,1,8.084,
spanner,115.14,12235,1,7.940,
spanner,115.15,12236,1,7.947,
spanner,115.15,12237,1,7.708,
spanner,115.16,12238,1,7.936,
spanner,115.17,12239,1,8.585,
spanner,115.18,12240,1,9.904,
spanner,115.19,12241,1,9.724,
spanner,115.20,12242,1,9.434,
spanner,115.21,12243,1,8.062,
spanner,115.22,12244,1,8.418,
spanner,115.22,12245,1,8.095,
spanner,115.23,12246,1,7.790,
spanner,115.24,12247,1,8.946,
spanner,115.25,12248,1,11.536,
spanner,115.26,12249,1,10.256,
spanner,115.27,12250,1,9.732,
spanner,115.28,12251,1,12.228,
spanner,115.29,12252,1,12.799,
spanner,115.31,12253,1,13.672,
spanner,115.32,12254,1,10.900,
spanner,115.33,12255,1,11.815,
spanner,115.34,12256,1,11.845,
spanner,115.35,12257,1,12.085,
spanner,115.37,12258,1,12.559,
spanner,115.38,12259,1,12.479,
spanner,115.39,12260,1,11.672,
spanner,115.40,12261,1,10.866,
spanner,115.41,12262,1,12.750,
spanner,115.43,12263,1,10.560,
spanner,115.44,12264,1,9.914,
spanner,115.45,12265,1,11.374,
spanner,115.46,12266,1,13.722,
spanner,115.47,12267,1,11.994,
spanner,115.48,12268,1,12.791,
spanner,115.50,12269,1,12.575,
spanner,115.51,12270,1,12.665,
spanner,115.52,12271,1,12.819,
spanner,115.54,12272,1,10.495,
spanner,115.55,12273,1,10.593,
spanner,115.56,12274,1,9.121,
spanner,115.57,12275,1,9.566,
spanner,115.58,12276,1,10.485,
spanner,115.59,12277,1,9.289,
spanner,115.60,12278,1,9.223,
spanner,115.60,12279,1,8.745,
spanner,115.61,12280,1,8.393,
spanner,115.62,12281,1,12.754,
spanner,115.63,12282,1,14.437,
spanner,115.65,12283,1,14.479,
spanner,115.66,12284,1,14.327,
spanner,115.68,12285,1,12.278,
spanner,115.69,12286,1,7.070,
spanner,115.70,12287,1,7.408,
spanner,115.71,12288,1,7.450,
spanner,115.71,12289,1,6.272,
spanner,115.72,12290,1,6.966,
spanner,115.73,12291,1,7.662,
spanner,115.73,12292,1,7.174,
spanner,115.74,12293,1,7.380,
spanner,115.75,12294,1,6.700,
spanner,115.76,12295,1,6.619,
spanner,115.76,12296,1,6.864,
spanner,115.77,12297,1,5.969,
spanner,115.77,12298,1,5.970,
spanner,115.78,12299,1,5.769,
spanner,115.79,12300,1,6.396,
spanner,115.79,12301,1,7.098,
spanner,115.80,12302,1,7.421,
spanner,115.81,12303,1,7.663,
spanner,115.82,12304,1,6.599,
spanner,115.82,12305,1,6.698,
spanner,115.83,12306,1,6.424,
spanner,115.83,12307,1,6.012,
spanner,115.84,12308,1,6.700,
spanner,115.85,12309,1,6.886,
spanner,115.85,12310,1,7.602,
spanner,115.86,12311,1,7.855,
spanner,115.87,12312,1,7.399,
spanner,115.88,12313,1,9.998,
spanner,115.89,12314,1,12.126,
spanner,115.90,12315,1,9.115,
spanner,115.91,12316,1,8.151,
spanner,115.92,12317,1,10.567,
spanner,115.93,12318,1,11.082,
spanner,115.94,12319,1,9.153,
spanner,115.95,12320,1,10.589,
spanner,115.96,12321,1,10.151,
spanner,115.97,12322,1,9.942,
spanner,115.98,12323,1,9.926,
spanner,115.99,12324,1,8.176,
spanner,116.00,12325,1,6.973,
spanner,116.00,12326,1,7.408,
spanner,116.01,12327,1,8.713,
spanner,116.02,12328,1,8.424,
spanner,116.03,12329,1,8.786,
spanner,116.04,12330,1,9.320,
spanner,116.05,12331,1,7.726,
spanner,116.05,12332,1,7.795,
spanner,116.06,12333,1,7.398,
spanner,116.07,12334,1,7.746,
spanner,116.08,12335,1,7.439,
spanner,116.09,12336,1,8.452,
spanner,116.09,12337,1,11.427,
spanner,116.11,12338,1,11.276,
spanner,116.12,12339,1,10.362,
spanner,116.13,12340,1,10.354,
spanner,116.14,12341,1,10.331,
spanner,116.15,12342,1,12.902,
spanner,116.16,12343,1,9.815,
spanner,116.17,12344,1,9.560,
spanner,116.18,12345,1,9.888,
spanner,116.19,12346,1,11.340,
spanner,116.20,12347,1,12.680,
spanner,116.21,12348,1,9.414,
spanner,116.22,12349,1,9.769,
spanner,116.23,12350,1,8.425,
spanner,116.24,12351,1,7.645,
spanner,116.25,12352,1,6.503,
spanner,116.26,12353,1,6.684,
spanner,116.26,12354,1,7.226,
spanner,116.27,12355,1,8.443,
spanner,116.28,12356,1,9.106,
spanner,116.29,12357,1,8.065,
spanner,116.30,12358,1,6.669,
spanner,116.30,12359,1,6.302,
spanner,116.31,12360,1,6.916,
spanner,116.32,12361,1,6.993,
spanner,116.32,12362,1,8.743,
spanner,116.33,12363,1,9.050,
spanner,116.34,12364,1,7.826,
spanner,116.35,12365,1,7.853,
spanner,116.36,12366,1,6.617,
spanner,116.36,12367,1,6.192,
spanner,116.37,12368,1,8.000,
spanner,116.38,12369,1,9.635,
spanner,116.39,12370,1,9.633,
spanner,116.40,12371,1,11.037,
spanner,116.41,12372,1,11.009,
spanner,116.42,12373,1,10.449,
spanner,116.43,12374,1,10.474,
spanner,116.44,12375,1,11.623,
spanner,116.45,12376,1,11.001,
spanner,116.46,12377,1,11.565,
spanner,116.47,12378,1,9.615,
spanner,116.48,12379,1,8.315,
spanner,116.49,12380,1,8.609,
spanner,116.50,12381,1,10.624,
spanner,116.51,12382,1,12.275,
spanner,116.52,12383,1,10.410,
spanner,116.53,12384,1,10.896,
spanner,116.54,12385,1,10.592,
spanner,116.56,12386,1,11.346,
spanner,116.57,12387,1,9.522,
spanner,116.58,12388,1,8.157,
spanner,116.58,12389,1,7.847,
spanner,116.59,12390,1,7.575,
spanner,116.60,12391,1,10.091,
spanner,116.61,12392,1,11.194,
spanner,116.62,12393,1,8.870,
spanner,116.63,12394,1,10.010,
spanner,116.64,12395,1,13.316,
spanner,116.65,12396,1,12.117,
spanner,116.67,12397,1,12.088,
spanner,116.68,12398,1,9.457,
spanner,116.69,12399,1,7.977,
spanner,116.70,12400,1,7.835,
spanner,116.70,12401,1,8.867,
spanner,116.71,12402,1,7.490,
spanner,116.72,12403,1,7.789,
spanner,116.73,12404,1,8.868,
spanner,116.74,12405,1,9.962,
spanner,116.75,12406,1,7.933,
spanner,116.75,12407,1,8.419,
spanner,116.76,12408,1,8.874,
spanner,116.77,12409,1,7.855,
spanner,116.78,12410,1,7.379,
spanner,116.79,12411,1,9.281,
spanner,116.80,12412,1,8.457,
spanner,116.80,12413,1,9.541,
spanner,116.81,12414,1,12.284,
spanner,116.83,12415,1,11.027,
spanner,116.84,12416,1,11.058,
spanner,116.85,12417,1,11.077,
spanner,116.86,12418,1,13.525,
spanner,116.87,12419,1,10.804,
spanner,116.88,12420,1,10.674,
spanner,116.90,12421,1,10.721,
spanner,116.91,12422,1,10.800,
spanner,116.92,12423,1,10.738,
spanner,116.93,12424,1,11.725,
spanner,116.94,12425,1,8.738,
spanner,116.95,12426,1,8.798,
spanner,116.96,12427,1,9.274,
spanner,116.97,12428,1,10.102,
spanner,116.98,12429,1,11.298,
spanner,116.99,12430,1,10.859,
spanner,117.00,12431,1,8.317,
spanner,117.01,12432,1,9.115,
spanner,117.02,12433,1,8.515,
spanner,117.02,12434,1,8.644,
spanner,117.03,12435,1,8.504,
spanner,117.04,12436,1,8.390,
spanner,117.05,12437,1,8.798,
spanner,117.06,12438,1,7.399,
spanner,117.07,12439,1,7.845,
spanner,117.07,12440,1,9.084,
spanner,117.08,12441,1,10.311,
spanner,117.09,12442,1,11.691,
spanner,117.11,12443,1,10.590,
spanner,117.12,12444,1,10.374,
spanner,117.13,12445,1,8.679,
spanner,117.14,12446,1,8.041,
spanner,117.14,12447,1,7.864,
spanner,117.15,12448,1,7.528,
spanner,117.16,12449,1,8.725,
spanner,117.17,12450,1,10.217,
spanner,117.18,12451,1,12.220,
spanner,117.19,12452,1,12.821,
spanner,117.20,12453,1,15.326,
spanner,117.22,12454,1,13.052,
spanner,117.23,12455,1,10.825,
spanner,117.24,12456,1,12.903,
spanner,117.26,12457,1,12.259,
spanner,117.27,12458,1,11.856,
spanner,117.28,12459,1,10.934,
spanner,117.29,12460,1,9.437,
spanner,117.30,12461,1,11.030,
spanner,117.31,12462,1,10.481,
spanner,117.32,12463,1,8.406,
spanner,117.33,12464,1,8.700,
spanner,117.34,12465,1,9.195,
spanner,117.35,12466,1,11.340,
spanner,117.36,12467,1,10.740,
spanner,117.37,12468,1,8.429,
spanner,117.38,12469,1,9.389,
spanner,117.39,12470,1,10.892,
spanner,117.40,12471,1,10.034,
spanner,117.41,12472,1,11.992,
spanner,117.42,12473,1,13.359,
spanner,117.43,12474,1,13.808,
spanner,117.45,12475,1,13.105,
spanner,117.46,12476,1,11.939,
spanner,117.47,12477,1,11.507,
spanner,117.49,12478,1,12.261,
spanner,117.50,12479,1,12.049,
spanner,117.51,12480,1,11.359,
spanner,117.52,12481,1,13.082,
spanner,117.53,12482,1,14.391,
spanner,117.55,12483,1,13.395,
spanner,117.56,12484,1,10.013,
spanner,117.57,12485,1,9.745,
spanner,117.58,12486,1,9.363,
spanner,117.59,12487,1,11.455,
spanner,117.60,12488,1,11.609,
spanner,117.61,12489,1,12.001,
spanner,117.63,12490,1,10.092,
spanner,117.64,12491,1,12.478,
spanner,117.65,12492,1,11.986,
spanner,117.66,12493,1,10.606,
spanner,117.67,12494,1,11.728,
spanner,117.68,12495,1,11.713,
spanner,117.70,12496,1,8.644,
spanner,117.70,12497,1,9.427,
spanner,117.71,12498,1,7.337,
spanner,117.72,12499,1,7.806,
spanner,117.73,12500,1,7.524,
spanner,117.74,12501,1,6.870,
spanner,117.74,12502,1,8.529,
spanner,117.75,12503,1,7.135,
spanner,117.76,12504,1,7.779,
spanner,117.77,12505,1,9.952,
spanner,117.78,12506,1,8.772,
spanner,117.79,12507,1,8.131,
spanner,117.79,12508,1,7.761,
spanner,117.80,12509,1,6.965,
spanner,117.81,12510,1,7.607,
spanner,117.82,12511,1,9.125,
spanner,117.83,12512,1,9.528,
spanner,117.83,12513,1,9.989,
spanner,117.84,12514,1,8.932,
spanner,117.85,12515,1,9.056,
spanner,117.86,12516,1,9.761,
spanner,117.87,12517,1,10.051,
spanner,117.88,12518,1,6.705,
spanner,117.89,12519,1,5.985,
spanner,117.90,12520,1,5.821,
spanner,117.90,12521,1,7.108,
spanner,117.91,12522,1,7.288,
spanner,117.92,12523,1,6.896,
spanner,117.92,12524,1,6.432,
spanner,117.93,12525,1,5.922,
spanner,117.94,12526,1,7.543,
spanner,117.94,12527,1,9.730,
spanner,117.95,12528,1,7.995,
spanner,117.96,12529,1,8.809,
spanner,117.97,12530,1,7.594,
spanner,117.98,12531,1,7.537,
spanner,117.98,12532,1,6.364,
spanner,117.99,12533,1,6.783,
spanner,118.00,12534,1,8.706,
spanner,118.01,12535,1,9.175,
spanner,118.02,12536,1,10.642,
spanner,118.03,12537,1,11.617,
spanner,118.04,12538,1,12.697,
spanner,118.05,12539,1,11.007,
spanner,118.06,12540,1,7.141,
spanner,118.07,12541,1,6.496,
spanner,118.08,12542,1,7.886,
spanner,118.08,12543,1,8.332,
spanner,118.09,12544,1,6.668,
spanner,118.10,12545,1,6.231,
spanner,118.10,12546,1,6.281,
spanner,118.11,12547,1,6.069,
spanner,118.12,12548,1,6.057,
spanner,118.12,12549,1,5.786,
spanner,118.13,12550,1,5.912,
spanner,118.14,12551,1,5.833,
spanner,118.14,12552,1,5.950,
spanner,118.15,12553,1,5.740,
spanner,118.15,12554,1,5.724,
spanner,118.16,12555,1,6.179,
spanner,118.16,12556,1,6.258,
spanner,118.17,12557,1,7.029,
spanner,118.18,12558,1,6.984,
spanner,118.18,12559,1,7.393,
spanner,118.19,12560,1,8.096,
spanner,118.20,12561,1,9.416,
spanner,118.21,12562,1,8.309,
spanner,118.22,12563,1,8.756,
spanner,118.23,12564,1,7.424,
spanner,118.23,12565,1,7.618,
spanner,118.24,12566,1,10.694,
spanner,118.25,12567,1,9.722,
spanner,118.26,12568,1,9.378,
spanner,118.27,12569,1,9.704,
spanner,118.28,12570,1,12.424,
spanner,118.29,12571,1,10.088,
spanner,118.30,12572,1,10.197,
spanner,118.31,12573,1,7.893,
spanner,118.32,12574,1,6.899,
spanner,118.33,12575,1,6.692,
spanner,118.34,12576,1,8.398,
spanner,118.34,12577,1,11.410,
spanner,118.36,12578,1,11.028,
spanner,118.37,12579,1,9.877,
spanner,118.38,12580,1,10.897,
spanner,118.39,12581,1,7.791,
spanner,118.40,12582,1,8.581,
spanner,118.40,12583,1,7.355,
spanner,118.41,12584,1,7.217,
spanner,118.42,12585,1,8.235,
spanner,118.43,12586,1,6.919,
spanner,118.43,12587,1,8.217,
spanner,118.44,12588,1,7.318,
spanner,118.45,12589,1,7.319,
spanner,118.46,12590,1,7.630,
spanner,118.47,12591,1,8.180,
spanner,118.47,12592,1,7.455,
spanner,118.48,12593,1,7.466,
spanner,118.49,12594,1,6.892,
spanner,118.50,12595,1,7.259,
spanner,118.50,12596,1,7.105,
spanner,118.51,12597,1,7.104,
spanner,118.52,12598,1,7.325,
spanner,118.52,12599,1,7.171,
spanner,118.53,12600,1,6.982,
spanner,118.54,12601,1,6.725,
spanner,118.55,12602,1,7.427,
spanner,118.55,12603,1,7.302,
spanner,118.56,12604,1,8.860,
spanner,118.57,12605,1,7.931,
spanner,118.58,12606,1,7.488,
spanner,118.58,12607,1,7.251,
spanner,118.59,12608,1,6.821,
spanner,118.60,12609,1,7.383,
spanner,118.61,12610,1,7.777,
spanner,118.61,12611,1,6.928,
spanner,118.62,12612,1,6.588,
spanner,118.63,12613,1,6.763,
spanner,118.63,12614,1,7.707,
spanner,118.64,12615,1,8.813,
spanner,118.65,12616,1,8.281,
spanner,118.66,12617,1,8.376,
spanner,118.67,12618,1,8.519,
spanner,118.68,12619,1,9.918,
spanner,118.69,12620,1,9.679,
spanner,118.70,12621,1,13.162,
spanner,118.71,12622,1,10.994,
spanner,118.72,12623,1,7.909,
spanner,118.73,12624,1,7.432,
spanner,118.74,12625,1,7.519,
spanner,118.74,12626,1,8.106,
spanner,118.75,12627,1,7.395,
spanner,118.76,12628,1,7.000,
spanner,118.77,12629,1,12.541,
spanner,118.78,12630,1,10.992,
spanner,118.79,12631,1,11.143,
spanner,118.80,12632,1,8.642,
spanner,118.81,12633,1,10.135,
spanner,118.82,12634,1,11.243,
spanner,118.83,12635,1,10.741,
spanner,118.84,12636,1,12.039,
spanner,118.85,12637,1,12.463,
spanner,118.87,12638,1,11.522,
spanner,118.88,12639,1,11.995,
spanner,118.89,12640,1,10.284,
spanner,118.90,12641,1,11.979,
spanner,118.91,12642,1,11.875,
spanner,118.92,12643,1,8.204,
spanner,118.93,12644,1,7.817,
spanner,118.94,12645,1,7.836,
spanner,118.95,12646,1,7.539,
spanner,118.95,12647,1,7.514,
spanner,118.96,12648,1,6.982,
spanner,118.97,12649,1,7.678,
spanner,118.98,12650,1,8.247,
spanner,118.99,12651,1,8.285,
spanner,118.99,12652,1,7.920,
spanner,119.00,12653,1,7.730,
spanner,119.01,12654,1,10.090,
spanner,119.02,12655,1,11.479,
spanner,119.03,12656,1,12.085,
spanner,119.04,12657,1,11.324,
spanner,119.05,12658,1,9.958,
spanner,119.06,12659,1,10.926,
spanner,119.08,12660,1,8.416,
spanner,119.08,12661,1,10.489,
spanner,119.09,12662,1,10.952,
spanner,119.11,12663,1,9.527,
spanner,119.12,12664,1,10.202,
spanner,119.13,12665,1,12.630,
spanner,119.14,12666,1,12.013,
spanner,119.15,12667,1,10.504,
spanner,119.16,12668,1,9.577,
spanner,119.17,12669,1,11.806,
spanner,119.18,12670,1,12.976,
spanner,119.20,12671,1,13.242,
spanner,119.21,12672,1,13.993,
spanner,119.22,12673,1,13.760,
spanner,119.24,12674,1,12.387,
spanner,119.25,12675,1,12.502,
spanner,119.26,12676,1,13.615,
spanner,119.27,12677,1,12.521,
spanner,119.29,12678,1,13.618,
spanner,119.30,12679,1,10.249,
spanner,119.31,12680,1,8.060,
spanner,119.32,12681,1,10.895,
spanner,119.33,12682,1,13.302,
spanner,119.34,12683,1,12.727,
spanner,119.36,12684,1,12.023,
spanner,119.37,12685,1,11.282,
spanner,119.38,12686,1,11.284,
spanner,119.39,12687,1,11.461,
spanner,119.40,12688,1,11.169,
spanner,119.41,12689,1,12.082,
spanner,119.43,12690,1,11.091,
spanner,119.44,12691,1,12.847,
spanner,119.45,12692,1,13.133,
spanner,119.46,12693,1,12.476,
spanner,119.48,12694,1,10.576,
spanner,119.49,12695,1,9.705,
spanner,119.50,12696,1,8.095,
spanner,119.50,12697,1,8.353,
spanner,119.51,12698,1,8.489,
spanner,119.52,12699,1,10.215,
spanner,119.53,12700,1,10.915,
spanner,119.54,12701,1,10.265,
spanner,119.55,12702,1,10.489,
spanner,119.56,12703,1,10.109,
spanner,119.57,12704,1,11.878,
spanner,119.59,12705,1,13.131,
spanner,119.60,12706,1,13.359,
spanner,119.61,12707,1,10.656,
spanner,119.62,12708,1,13.620,
spanner,119.64,12709,1,14.290,
spanner,119.65,12710,1,13.032,
spanner,119.66,12711,1,12.575,
spanner,119.68,12712,1,13.355,
spanner,119.69,12713,1,12.924,
spanner,119.70,12714,1,11.912,
spanner,119.71,12715,1,8.895,
spanner,119.72,12716,1,8.748,
spanner,119.73,12717,1,8.587,
spanner,119.74,12718,1,10.147,
spanner,119.75,12719,1,10.120,
spanner,119.76,12720,1,12.213,
spanner,119.77,12721,1,13.420,
spanner,119.79,12722,1,11.258,
spanner,119.80,12723,1,8.921,
spanner,119.81,12724,1,6.766,
spanner,119.81,12725,1,6.289,
spanner,119.82,12726,1,6.868,
spanner,119.83,12727,1,6.385,
spanner,119.83,12728,1,5.794,
spanner,119.84,12729,1,6.196,
spanner,119.85,12730,1,6.603,
spanner,119.85,12731,1,5.776,
spanner,119.86,12732,1,6.615,
spanner,119.86,12733,1,6.599,
spanner,119.87,12734,1,6.091,
spanner,119.88,12735,1,6.538,
spanner,119.88,12736,1,7.279,
spanner,119.89,12737,1,7.088,
spanner,119.90,12738,1,7.247,
spanner,119.91,12739,1,6.761,
spanner,119.91,12740,1,7.065,
spanner,119.92,12741,1,7.755,
spanner,119.93,12742,1,9.708,
spanner,119.94,12743,1,8.809,
spanner,119.95,12744,1,9.289,
spanner,119.96,12745,1,8.588,
spanner,119.96,12746,1,8.404,
spanner,119.97,12747,1,10.332,
spanner,119.98,12748,1,7.876,
spanner,119.99,12749,1,6.599,
spanner,120.00,12750,1,6.058,
spanner,120.00,12751,1,8.068,
spanner,120.01,12752,1,6.977,
spanner,120.02,12753,1,6.367,
spanner,120.02,12754,1,7.304,
spanner,120.03,12755,1,8.097,
spanner,120.04,12756,1,9.714,
spanner,120.05,12757,1,8.867,
spanner,120.06,12758,1,11.831,
spanner,120.07,12759,1,8.939,
spanner,120.08,12760,1,8.081,
spanner,120.09,12761,1,8.092,
spanner,120.10,12762,1,10.296,
spanner,120.11,12763,1,9.398,
spanner,120.12,12764,1,8.377,
spanner,120.12,12765,1,9.764,
spanner,120.13,12766,1,11.056,
spanner,120.14,12767,1,11.655,
spanner,120.16,12768,1,11.497,
spanner,120.17,12769,1,11.033,
spanner,120.18,12770,1,11.254,
spanner,120.19,12771,1,10.218,
spanner,120.20,12772,1,11.296,
spanner,120.21,12773,1,11.166,
spanner,120.22,12774,1,9.207,
spanner,120.23,12775,1,7.745,
spanner,120.24,12776,1,8.505,
spanner,120.25,12777,1,11.036,
spanner,120.26,12778,1,8.616,
spanner,120.27,12779,1,6.960,
spanner,120.28,12780,1,6.565,
spanner,120.28,12781,1,6.775,
spanner,120.29,12782,1,6.995,
spanner,120.30,12783,1,6.525,
spanner,120.30,12784,1,6.165,
spanner,120.31,12785,1,6.441,
spanner,120.32,12786,1,6.364,
spanner,120.32,12787,1,6.073,
spanner,120.33,12788,1,5.988,
spanner,120.33,12789,1,5.932,
spanner,120.34,12790,1,6.308,
spanner,120.35,12791,1,7.026,
spanner,120.35,12792,1,7.217,
spanner,120.36,12793,1,8.776,
spanner,120.37,12794,1,9.800,
spanner,120.38,12795,1,7.234,
spanner,120.39,12796,1,7.025,
spanner,120.39,12797,1,8.349,
spanner,120.40,12798,1,7.919,
spanner,120.41,12799,1,9.749,
spanner,120.42,12800,1,7.071,
spanner,120.43,12801,1,6.866,
spanner,120.43,12802,1,7.940,
spanner,120.44,12803,1,6.487,
spanner,120.45,12804,1,6.366,
spanner,120.45,12805,1,6.539,
spanner,120.46,12806,1,6.974,
spanner,120.47,12807,1,9.036,
spanner,120.48,12808,1,8.732,
spanner,120.49,12809,1,8.434,
spanner,120.49,12810,1,8.445,
spanner,120.50,12811,1,9.274,
spanner,120.51,12812,1,9.589,
spanner,120.52,12813,1,8.391,
spanner,120.53,12814,1,11.237,
spanner,120.54,12815,1,11.164,
spanner,120.55,12816,1,9.722,
spanner,120.56,12817,1,7.412,
spanner,120.57,12818,1,8.556,
spanner,120.58,12819,1,7.113,
spanner,120.59,12820,1,8.170,
spanner,120.59,12821,1,6.799,
spanner,120.60,12822,1,7.154,
spanner,120.61,12823,1,8.352,
spanner,120.62,12824,1,7.362,
spanner,120.62,12825,1,7.164,
spanner,120.63,12826,1,6.970,
spanner,120.64,12827,1,7.028,
spanner,120.64,12828,1,7.007,
spanner,120.65,12829,1,6.731,
spanner,120.66,12830,1,7.152,
spanner,120.67,12831,1,9.172,
spanner,120.67,12832,1,7.901,
spanner,120.68,12833,1,9.267,
spanner,120.69,12834,1,9.383,
spanner,120.70,12835,1,13.780,
spanner,120.72,12836,1,9.104,
spanner,120.72,12837,1,6.922,
spanner,120.73,12838,1,7.093,
spanner,120.74,12839,1,8.605,
spanner,120.75,12840,1,9.400,
spanner,120.76,12841,1,7.490,
spanner,120.76,12842,1,9.813,
spanner,120.77,12843,1,7.569,
spanner,120.78,12844,1,7.861,
spanner,120.79,12845,1,7.879,
spanner,120.80,12846,1,8.421,
spanner,120.81,12847,1,7.607,
spanner,120.81,12848,1,7.020,
spanner,120.82,12849,1,7.250,
spanner,120.83,12850,1,7.061,
spanner,120.83,12851,1,8.905,
spanner,120.84,12852,1,10.185,
spanner,120.85,12853,1,12.425,
spanner,120.87,12854,1,11.343,
spanner,120.88,12855,1,12.407,
spanner,120.89,12856,1,13.335,
spanner,120.90,12857,1,11.041,
spanner,120.91,12858,1,9.895,
spanner,120.92,12859,1,7.760,
spanner,120.93,12860,1,6.888,
spanner,120.94,12861,1,8.255,
spanner,120.95,12862,1,10.488,
spanner,120.96,12863,1,8.607,
spanner,120.97,12864,1,9.948,
spanner,120.98,12865,1,11.020,
spanner,120.99,12866,1,11.707,
spanner,121.00,12867,1,10.663,
spanner,121.01,12868,1,11.979,
spanner,121.02,12869,1,16.360,
spanner,121.04,12870,1,12.954,
spanner,121.05,12871,1,12.823,
spanner,121.06,12872,1,9.299,
spanner,121.07,12873,1,8.075,
spanner,121.08,12874,1,9.443,
spanner,121.09,12875,1,10.748,
spanner,121.10,12876,1,8.911,
spanner,121.11,12877,1,10.631,
spanner,121.12,12878,1,9.827,
spanner,121.13,12879,1,8.037,
spanner,121.14,12880,1,7.506,
spanner,121.15,12881,1,8.114,
spanner,121.16,12882,1,11.726,
spanner,121.17,12883,1,12.392,
spanner,121.18,12884,1,12.183,
spanner,121.19,12885,1,13.695,
spanner,121.21,12886,1,13.609,
spanner,121.22,12887,1,11.029,
spanner,121.23,12888,1,11.374,
spanner,121.24,12889,1,13.900,
spanner,121.26,12890,1,12.008,
spanner,121.27,12891,1,10.583,
spanner,121.28,12892,1,10.032,
spanner,121.29,12893,1,9.914,
spanner,121.30,12894,1,10.954,
spanner,121.31,12895,1,11.604,
spanner,121.32,12896,1,11.569,
spanner,121.33,12897,1,8.791,
spanner,121.34,12898,1,7.672,
spanner,121.35,12899,1,7.458,
spanner,121.36,12900,1,9.691,
spanner,121.37,12901,1,12.120,
spanner,121.38,12902,1,13.245,
spanner,121.39,12903,1,11.434,
spanner,121.40,12904,1,12.075,
spanner,121.42,12905,1,13.995,
spanner,121.43,12906,1,11.757,
spanner,121.44,12907,1,12.033,
spanner,121.45,12908,1,12.138,
spanner,121.47,12909,1,13.004,
spanner,121.48,12910,1,11.132,
spanner,121.49,12911,1,12.366,
spanner,121.50,12912,1,12.675,
spanner,121.52,12913,1,12.308,
spanner,121.53,12914,1,12.558,
spanner,121.54,12915,1,10.106,
spanner,121.55,12916,1,8.923,
spanner,121.56,12917,1,10.394,
spanner,121.57,12918,1,12.087,
spanner,121.58,12919,1,10.146,
spanner,121.59,12920,1,11.175,
spanner,121.60,12921,1,8.519,
spanner,121.61,12922,1,9.155,
spanner,121.62,12923,1,8.271,
spanner,121.63,12924,1,8.322,
spanner,121.64,12925,1,9.112,
spanner,121.65,12926,1,10.396,
spanner,121.66,12927,1,11.007,
spanner,121.67,12928,1,13.309,
spanner,121.68,12929,1,10.728,
spanner,121.69,12930,1,9.342,
spanner,121.70,12931,1,10.516,
spanner,121.71,12932,1,6.753,
spanner,121.72,12933,1,6.448,
spanner,121.73,12934,1,7.131,
spanner,121.73,12935,1,7.954,
spanner,121.74,12936,1,7.056,
spanner,121.75,12937,1,6.307,
spanner,121.75,12938,1,6.226,
spanner,121.76,12939,1,6.407,
spanner,121.77,12940,1,6.620,
spanner,121.77,12941,1,6.484,
spanner,121.78,12942,1,7.046,
spanner,121.79,12943,1,7.591,
spanner,121.79,12944,1,6.702,
spanner,121.80,12945,1,6.185,
spanner,121.81,12946,1,7.786,
spanner,121.82,12947,1,9.019,
spanner,121.82,12948,1,10.137,
spanner,121.83,12949,1,7.022,
spanner,121.84,12950,1,6.604,
spanner,121.85,12951,1,6.503,
spanner,121.85,12952,1,6.516,
spanner,121.86,12953,1,6.345,
spanner,121.87,12954,1,6.975,
spanner,121.87,12955,1,6.977,
spanner,121.88,12956,1,8.481,
spanner,121.89,12957,1,10.214,
spanner,121.90,12958,1,10.875,
spanner,121.91,12959,1,11.755,
spanner,121.92,12960,1,9.763,
spanner,121.93,12961,1,10.495,
spanner,121.94,12962,1,11.448,
spanner,121.96,12963,1,10.594,
spanner,121.97,12964,1,10.030,
spanner,121.98,12965,1,6.762,
spanner,121.98,12966,1,6.967,
spanner,121.99,12967,1,6.371,
spanner,122.00,12968,1,5.957,
spanner,122.00,12969,1,5.883,
spanner,122.01,12970,1,6.029,
spanner,122.01,12971,1,6.034,
spanner,122.02,12972,1,6.770,
spanner,122.03,12973,1,6.494,
spanner,122.03,12974,1,7.486,
spanner,122.04,12975,1,8.387,
spanner,122.05,12976,1,6.812,
spanner,122.06,12977,1,6.622,
spanner,122.06,12978,1,6.468,
spanner,122.07,12979,1,7.160,
spanner,122.08,12980,1,6.750,
spanner,122.08,12981,1,6.577,
spanner,122.09,12982,1,7.357,
spanner,122.10,12983,1,6.895,
spanner,122.10,12984,1,7.083,
spanner,122.11,12985,1,6.478,
spanner,122.12,12986,1,6.532,
spanner,122.12,12987,1,6.808,
spanner,122.13,12988,1,6.553,
spanner,122.14,12989,1,6.540,
spanner,122.14,12990,1,6.153,
spanner,122.15,12991,1,5.857,
spanner,122.16,12992,1,6.500,
spanner,122.16,12993,1,6.662,
spanner,122.17,12994,1,6.273,
spanner,122.18,12995,1,6.324,
spanner,122.18,12996,1,7.595,
spanner,122.19,12997,1,9.474,
spanner,122.20,12998,1,9.173,
spanner,122.21,12999,1,9.014,
spanner,122.22,13000,1,9.427,
spanner,122.23,13001,1,8.835,
spanner,122.24,13002,1,11.725,
spanner,122.25,13003,1,8.983,
spanner,122.26,13004,1,8.345,
spanner,122.27,13005,1,6.514,
spanner,122.27,13006,1,6.802,
spanner,122.28,13007,1,7.364,
spanner,122.29,13008,1,6.670,
spanner,122.29,13009,1,6.590,
spanner,122.30,13010,1,6.783,
spanner,122.31,13011,1,7.413,
spanner,122.31,13012,1,6.979,
spanner,122.32,13013,1,7.348,
spanner,122.33,13014,1,8.819,
spanner,122.34,13015,1,8.751,
spanner,122.35,13016,1,7.736,
spanner,122.35,13017,1,10.659,
spanner,122.36,13018,1,9.155,
spanner,122.37,13019,1,9.764,
spanner,122.38,13020,1,11.438,
spanner,122.39,13021,1,8.233,
spanner,122.40,13022,1,8.807,
spanner,122.41,13023,1,6.762,
spanner,122.42,13024,1,7.197,
spanner,122.43,13025,1,7.697,
spanner,122.43,13026,1,7.012,
spanner,122.44,13027,1,8.288,
spanner,122.45,13028,1,6.807,
spanner,122.46,13029,1,6.925,
spanner,122.46,13030,1,6.480,
spanner,122.47,13031,1,7.767,
spanner,122.48,13032,1,8.205,
spanner,122.48,13033,1,8.285,
spanner,122.49,13034,1,8.453,
spanner,122.50,13035,1,7.765,
spanner,122.51,13036,1,6.662,
spanner,122.52,13037,1,6.831,
spanner,122.52,13038,1,8.682,
spanner,122.53,13039,1,9.657,
spanner,122.54,13040,1,7.408,
spanner,122.55,13041,1,8.824,
spanner,122.56,13042,1,9.746,
spanner,122.57,13043,1,10.491,
spanner,122.58,13044,1,9.698,
spanner,122.59,13045,1,8.899,
spanner,122.60,13046,1,8.171,
spanner,122.60,13047,1,7.463,
spanner,122.61,13048,1,8.746,
spanner,122.62,13049,1,7.262,
spanner,122.63,13050,1,7.323,
spanner,122.64,13051,1,7.025,
spanner,122.64,13052,1,8.409,
spanner,122.65,13053,1,9.554,
spanner,122.66,13054,1,8.260,
spanner,122.67,13055,1,7.626,
spanner,122.68,13056,1,10.392,
spanner,122.69,13057,1,11.555,
spanner,122.70,13058,1,14.745,
spanner,122.71,13059,1,8.665,
spanner,122.72,13060,1,8.194,
spanner,122.73,13061,1,7.943,
spanner,122.74,13062,1,9.188,
spanner,122.75,13063,1,9.348,
spanner,122.76,13064,1,8.540,
spanner,122.77,13065,1,8.339,
spanner,122.77,13066,1,7.865,
spanner,122.78,13067,1,7.375,
spanner,122.79,13068,1,7.567,
spanner,122.80,13069,1,7.905,
spanner,122.81,13070,1,8.381,
spanner,122.81,13071,1,10.657,
spanner,122.82,13072,1,11.521,
spanner,122.84,13073,1,10.113,
spanner,122.85,13074,1,9.875,
spanner,122.86,13075,1,8.798,
spanner,122.86,13076,1,8.077,
spanner,122.87,13077,1,9.629,
spanner,122.88,13078,1,10.172,
spanner,122.89,13079,1,9.932,
spanner,122.90,13080,1,16.362,
spanner,122.92,13081,1,8.022,
spanner,122.93,13082,1,8.734,
spanner,122.94,13083,1,7.904,
spanner,122.94,13084,1,7.889,
spanner,122.95,13085,1,7.555,
spanner,122.96,13086,1,7.900,
spanner,122.97,13087,1,7.644,
spanner,122.97,13088,1,10.228,
spanner,122.99,13089,1,9.026,
spanner,122.99,13090,1,7.880,
spanner,123.00,13091,1,7.694,
spanner,123.01,13092,1,7.354,
spanner,123.02,13093,1,7.278,
spanner,123.02,13094,1,8.258,
spanner,123.03,13095,1,7.948,
spanner,123.04,13096,1,7.600,
spanner,123.05,13097,1,7.431,
spanner,123.06,13098,1,8.153,
spanner,123.06,13099,1,7.692,
spanner,123.07,13100,1,8.384,
spanner,123.08,13101,1,10.337,
spanner,123.09,13102,1,13.548,
spanner,123.10,13103,1,11.991,
spanner,123.12,13104,1,10.916,
spanner,123.13,13105,1,11.787,
spanner,123.14,13106,1,12.074,
spanner,123.15,13107,1,11.464,
spanner,123.16,13108,1,12.609,
spanner,123.18,13109,1,14.345,
spanner,123.19,13110,1,14.210,
spanner,123.20,13111,1,14.356,
spanner,123.22,13112,1,14.752,
spanner,123.23,13113,1,13.771,
spanner,123.25,13114,1,11.339,
spanner,123.26,13115,1,11.801,
spanner,123.27,13116,1,11.139,
spanner,123.28,13117,1,9.642,
spanner,123.29,13118,1,11.565,
spanner,123.30,13119,1,11.668,
spanner,123.31,13120,1,10.152,
spanner,123.32,13121,1,8.432,
spanner,123.33,13122,1,8.771,
spanner,123.34,13123,1,8.516,
spanner,123.35,13124,1,8.143,
spanner,123.36,13125,1,8.430,
spanner,123.37,13126,1,8.136,
spanner,123.38,13127,1,7.821,
spanner,123.38,13128,1,7.585,
spanner,123.39,13129,1,9.001,
spanner,123.40,13130,1,9.781,
spanner,123.41,13131,1,9.224,
spanner,123.42,13132,1,8.882,
spanner,123.43,13133,1,9.374,
spanner,123.44,13134,1,8.531,
spanner,123.45,13135,1,8.357,
spanner,123.45,13136,1,10.220,
spanner,123.46,13137,1,11.093,
spanner,123.48,13138,1,10.941,
spanner,123.49,13139,1,8.471,
spanner,123.49,13140,1,8.314,
spanner,123.50,13141,1,8.092,
spanner,123.51,13142,1,9.832,
spanner,123.52,13143,1,8.432,
spanner,123.53,13144,1,7.790,
spanner,123.54,13145,1,9.655,
spanner,123.55,13146,1,9.529,
spanner,123.56,13147,1,12.520,
spanner,123.57,13148,1,13.122,
spanner,123.58,13149,1,11.078,
spanner,123.59,13150,1,10.773,
spanner,123.60,13151,1,11.647,
spanner,123.62,13152,1,10.043,
spanner,123.63,13153,1,11.519,
spanner,123.64,13154,1,10.392,
spanner,123.65,13155,1,9.224,
spanner,123.66,13156,1,10.543,
spanner,123.67,13157,1,11.558,
spanner,123.68,13158,1,12.387,
spanner,123.69,13159,1,13.853,
spanner,123.71,13160,1,12.874,
spanner,123.72,13161,1,9.130,
spanner,123.73,13162,1,10.342,
spanner,123.74,13163,1,14.673,
spanner,123.75,13164,1,11.539,
spanner,123.76,13165,1,10.139,
spanner,123.77,13166,1,9.882,
spanner,123.78,13167,1,8.040,
spanner,123.79,13168,1,8.034,
spanner,123.80,13169,1,7.300,
spanner,123.81,13170,1,9.653,
spanner,123.82,13171,1,8.422,
spanner,123.83,13172,1,7.306,
spanner,123.83,13173,1,9.074,
spanner,123.84,13174,1,10.639,
spanner,123.85,13175,1,12.773,
spanner,123.87,13176,1,12.347,
spanner,123.88,13177,1,9.693,
spanner,123.89,13178,1,9.886,
spanner,123.90,13179,1,10.127,
spanner,123.91,13180,1,11.099,
spanner,123.92,13181,1,10.575,
spanner,123.93,13182,1,10.987,
spanner,123.94,13183,1,9.704,
spanner,123.95,13184,1,10.532,
spanner,123.96,13185,1,12.002,
spanner,123.97,13186,1,13.266,
spanner,123.99,13187,1,13.184,
spanner,124.00,13188,1,9.728,
spanner,124.01,13189,1,7.358,
spanner,124.02,13190,1,10.468,
spanner,124.03,13191,1,8.605,
spanner,124.04,13192,1,8.661,
spanner,124.05,13193,1,7.084,
spanner,124.05,13194,1,6.587,
spanner,124.06,13195,1,6.798,
spanner,124.07,13196,1,6.474,
spanner,124.07,13197,1,7.008,
spanner,124.08,13198,1,6.986,
spanner,124.09,13199,1,6.555,
spanner,124.09,13200,1,7.051,
spanner,124.10,13201,1,6.782,
spanner,124.11,13202,1,7.634,
spanner,124.11,13203,1,6.509,
spanner,124.12,13204,1,6.619,
spanner,124.13,13205,1,6.502,
spanner,124.13,13206,1,5.817,
spanner,124.14,13207,1,5.831,
spanner,124.15,13208,1,5.903,
spanner,124.15,13209,1,5.865,
spanner,124.16,13210,1,7.409,
spanner,124.17,13211,1,8.023,
spanner,124.17,13212,1,8.398,
spanner,124.18,13213,1,7.465,
spanner,124.19,13214,1,6.614,
spanner,124.20,13215,1,6.725,
spanner,124.20,13216,1,7.609,
spanner,124.21,13217,1,7.448,
spanner,124.22,13218,1,7.041,
spanner,124.22,13219,1,6.821,
spanner,124.23,13220,1,6.413,
spanner,124.24,13221,1,6.546,
spanner,124.24,13222,1,7.274,
spanner,124.25,13223,1,6.441,
spanner,124.26,13224,1,6.721,
spanner,124.27,13225,1,6.355,
spanner,124.27,13226,1,6.551,
spanner,124.28,13227,1,6.042,
spanner,124.28,13228,1,6.230,
spanner,124.29,13229,1,6.827,
spanner,124.30,13230,1,6.192,
spanner,124.30,13231,1,5.734,
spanner,124.31,13232,1,6.355,
spanner,124.32,13233,1,6.466,
spanner,124.32,13234,1,6.403,
spanner,124.33,13235,1,6.746,
spanner,124.34,13236,1,6.525,
spanner,124.34,13237,1,6.173,
spanner,124.35,13238,1,6.224,
spanner,124.35,13239,1,7.629,
spanner,124.36,13240,1,6.928,
spanner,124.37,13241,1,6.150,
spanner,124.38,13242,1,6.406,
spanner,124.38,13243,1,7.543,
spanner,124.39,13244,1,7.207,
spanner,124.40,13245,1,6.583,
spanner,124.40,13246,1,6.825,
spanner,124.41,13247,1,6.230,
spanner,124.42,13248,1,6.317,
spanner,124.42,13249,1,6.759,
spanner,124.43,13250,1,7.873,
spanner,124.44,13251,1,8.130,
spanner,124.45,13252,1,10.879,
spanner,124.46,13253,1,10.280,
spanner,124.47,13254,1,8.672,
spanner,124.48,13255,1,7.838,
spanner,124.48,13256,1,7.087,
spanner,124.49,13257,1,6.795,
spanner,124.50,13258,1,6.058,
spanner,124.50,13259,1,7.258,
spanner,124.51,13260,1,7.707,
spanner,124.52,13261,1,8.708,
spanner,124.53,13262,1,10.059,
spanner,124.54,13263,1,7.628,
spanner,124.54,13264,1,7.711,
spanner,124.55,13265,1,8.831,
spanner,124.56,13266,1,10.242,
spanner,124.57,13267,1,8.299,
spanner,124.58,13268,1,10.437,
spanner,124.59,13269,1,11.307,
spanner,124.60,13270,1,10.914,
spanner,124.61,13271,1,9.779,
spanner,124.62,13272,1,8.955,
spanner,124.63,13273,1,7.916,
spanner,124.64,13274,1,7.087,
spanner,124.65,13275,1,6.941,
spanner,124.65,13276,1,6.677,
spanner,124.66,13277,1,6.671,
spanner,124.67,13278,1,6.463,
spanner,124.67,13279,1,6.678,
spanner,124.68,13280,1,6.681,
spanner,124.69,13281,1,6.818,
spanner,124.69,13282,1,7.520,
spanner,124.70,13283,1,7.513,
spanner,124.71,13284,1,7.740,
spanner,124.72,13285,1,7.788,
spanner,124.72,13286,1,10.493,
spanner,124.73,13287,1,8.884,
spanner,124.74,13288,1,8.651,
spanner,124.75,13289,1,7.218,
spanner,124.76,13290,1,6.994,
spanner,124.77,13291,1,6.671,
spanner,124.77,13292,1,6.532,
spanner,124.78,13293,1,7.856,
spanner,124.79,13294,1,8.379,
spanner,124.80,13295,1,9.006,
spanner,124.81,13296,1,8.062,
spanner,124.81,13297,1,8.926,
spanner,124.82,13298,1,8.155,
spanner,124.83,13299,1,7.457,
spanner,124.84,13300,1,7.207,
spanner,124.85,13301,1,7.788,
spanner,124.85,13302,1,8.877,
spanner,124.86,13303,1,9.707,
spanner,124.87,13304,1,10.265,
spanner,124.88,13305,1,9.488,
spanner,124.89,13306,1,9.289,
spanner,124.90,13307,1,9.096,
spanner,124.91,13308,1,9.450,
spanner,124.92,13309,1,11.302,
spanner,124.93,13310,1,11.505,
spanner,124.94,13311,1,10.323,
spanner,124.95,13312,1,10.426,
spanner,124.96,13313,1,9.395,
spanner,124.97,13314,1,8.003,
spanner,124.98,13315,1,8.222,
spanner,124.99,13316,1,7.597,
spanner,125.00,13317,1,10.094,
spanner,125.01,13318,1,12.455,
spanner,125.02,13319,1,11.834,
spanner,125.03,13320,1,15.843,
spanner,125.05,13321,1,12.662,
spanner,125.06,13322,1,12.717,
spanner,125.07,13323,1,12.484,
spanner,125.09,13324,1,11.181,
spanner,125.10,13325,1,11.771,
spanner,125.11,13326,1,10.715,
spanner,125.12,13327,1,9.414,
spanner,125.13,13328,1,9.524,
spanner,125.14,13329,1,8.369,
spanner,125.15,13330,1,8.398,
spanner,125.15,13331,1,9.100,
spanner,125.16,13332,1,9.099,
spanner,125.17,13333,1,8.613,
spanner,125.18,13334,1,8.397,
spanner,125.19,13335,1,9.232,
spanner,125.20,13336,1,8.267,
spanner,125.21,13337,1,8.645,
spanner,125.22,13338,1,9.231,
spanner,125.23,13339,1,9.955,
spanner,125.24,13340,1,11.462,
spanner,125.25,13341,1,10.064,
spanner,125.26,13342,1,12.522,
spanner,125.27,13343,1,9.847,
spanner,125.28,13344,1,11.334,
spanner,125.29,13345,1,13.057,
spanner,125.30,13346,1,12.418,
spanner,125.32,13347,1,11.411,
spanner,125.33,13348,1,12.889,
spanner,125.34,13349,1,12.654,
spanner,125.35,13350,1,9.658,
spanner,125.36,13351,1,8.584,
spanner,125.37,13352,1,8.589,
spanner,125.38,13353,1,9.651,
spanner,125.39,13354,1,11.636,
spanner,125.40,13355,1,8.648,
spanner,125.41,13356,1,7.890,
spanner,125.42,13357,1,8.388,
spanner,125.43,13358,1,8.697,
spanner,125.44,13359,1,9.162,
spanner,125.44,13360,1,8.005,
spanner,125.45,13361,1,7.715,
spanner,125.46,13362,1,9.668,
spanner,125.47,13363,1,9.656,
spanner,125.48,13364,1,8.793,
spanner,125.49,13365,1,11.104,
spanner,125.50,13366,1,11.963,
spanner,125.51,13367,1,10.613,
spanner,125.52,13368,1,9.819,
spanner,125.53,13369,1,9.354,
spanner,125.54,13370,1,8.886,
spanner,125.55,13371,1,8.165,
spanner,125.56,13372,1,8.268,
spanner,125.57,13373,1,9.219,
spanner,125.58,13374,1,10.171,
spanner,125.59,13375,1,10.268,
spanner,125.60,13376,1,11.612,
spanner,125.61,13377,1,11.614,
spanner,125.62,13378,1,11.006,
spanner,125.63,13379,1,12.440,
spanner,125.64,13380,1,11.585,
spanner,125.66,13381,1,9.023,
spanner,125.66,13382,1,9.832,
spanner,125.67,13383,1,8.422,
spanner,125.68,13384,1,8.402,
spanner,125.69,13385,1,8.644,
spanner,125.70,13386,1,8.908,
spanner,125.71,13387,1,6.765,
spanner,125.72,13388,1,6.269,
spanner,125.72,13389,1,6.417,
spanner,125.73,13390,1,7.006,
spanner,125.74,13391,1,8.105,
spanner,125.74,13392,1,7.305,
spanner,125.75,13393,1,6.596,
spanner,125.76,13394,1,6.085,
spanner,125.76,13395,1,6.146,
spanner,125.77,13396,1,7.298,
spanner,125.78,13397,1,7.876,
spanner,125.78,13398,1,9.352,
spanner,125.79,13399,1,8.515,
spanner,125.80,13400,1,9.600,
spanner,125.81,13401,1,8.099,
spanner,125.82,13402,1,9.007,
spanner,125.83,13403,1,6.840,
spanner,125.84,13404,1,6.772,
spanner,125.84,13405,1,9.184,
spanner,125.85,13406,1,9.177,
spanner,125.86,13407,1,7.965,
spanner,125.87,13408,1,6.936,
spanner,125.88,13409,1,6.790,
spanner,125.88,13410,1,7.105,
spanner,125.89,13411,1,6.443,
spanner,125.90,13412,1,6.342,
spanner,125.90,13413,1,7.134,
spanner,125.91,13414,1,9.011,
spanner,125.92,13415,1,10.389,
spanner,125.93,13416,1,8.825,
spanner,125.94,13417,1,8.335,
spanner,125.95,13418,1,9.279,
spanner,125.96,13419,1,8.758,
spanner,125.97,13420,1,7.859,
spanner,125.97,13421,1,8.773,
spanner,125.98,13422,1,9.976,
spanner,125.99,13423,1,8.172,
spanner,126.00,13424,1,7.248,
spanner,126.01,13425,1,6.596,
spanner,126.01,13426,1,6.309,
spanner,126.02,13427,1,6.662,
spanner,126.03,13428,1,8.344,
spanner,126.04,13429,1,8.288,
spanner,126.04,13430,1,6.885,
spanner,126.05,13431,1,7.251,
spanner,126.06,13432,1,7.761,
spanner,126.07,13433,1,6.699,
spanner,126.07,13434,1,6.324,
spanner,126.08,13435,1,6.431,
spanner,126.09,13436,1,18.650,
spanner,126.10,13437,1,6.352,
spanner,126.11,13438,1,8.336,
spanner,126.12,13439,1,7.816,
spanner,126.13,13440,1,7.135,
spanner,126.13,13441,1,6.778,
spanner,126.14,13442,1,7.402,
spanner,126.15,13443,1,7.183,
spanner,126.16,13444,1,6.356,
spanner,126.16,13445,1,6.605,
spanner,126.17,13446,1,6.512,
spanner,126.18,13447,1,6.076,
spanner,126.18,13448,1,6.569,
spanner,126.19,13449,1,6.815,
spanner,126.19,13450,1,6.078,
spanner,126.20,13451,1,6.621,
spanner,126.21,13452,1,7.129,
spanner,126.21,13453,1,6.659,
spanner,126.22,13454,1,7.172,
spanner,126.23,13455,1,7.107,
spanner,126.24,13456,1,7.548,
spanner,126.24,13457,1,7.090,
spanner,126.25,13458,1,8.269,
spanner,126.26,13459,1,8.731,
spanner,126.27,13460,1,9.427,
spanner,126.28,13461,1,7.273,
spanner,126.28,13462,1,7.888,
spanner,126.29,13463,1,10.213,
spanner,126.30,13464,1,11.563,
spanner,126.31,13465,1,9.199,
spanner,126.32,13466,1,7.820,
spanner,126.33,13467,1,9.623,
spanner,126.34,13468,1,9.846,
spanner,126.35,13469,1,10.678,
spanner,126.36,13470,1,9.252,
spanner,126.37,13471,1,9.393,
spanner,126.38,13472,1,10.592,
spanner,126.39,13473,1,10.345,
spanner,126.40,13474,1,8.934,
spanner,126.41,13475,1,10.202,
spanner,126.42,13476,1,10.345,
spanner,126.43,13477,1,10.973,
spanner,126.44,13478,1,10.956,
spanner,126.45,13479,1,10.365,
spanner,126.46,13480,1,9.414,
spanner,126.47,13481,1,9.193,
spanner,126.48,13482,1,9.155,
spanner,126.49,13483,1,8.411,
spanner,126.50,13484,1,8.577,
spanner,126.51,13485,1,11.077,
spanner,126.52,13486,1,10.403,
spanner,126.53,13487,1,10.682,
spanner,126.54,13488,1,8.910,
spanner,126.55,13489,1,7.217,
spanner,126.56,13490,1,7.615,
spanner,126.56,13491,1,7.315,
spanner,126.57,13492,1,6.600,
spanner,126.58,13493,1,6.412,
spanner,126.58,13494,1,6.621,
spanner,126.59,13495,1,7.461,
spanner,126.60,13496,1,9.319,
spanner,126.61,13497,1,9.666,
spanner,126.62,13498,1,10.310,
spanner,126.63,13499,1,11.061,
spanner,126.64,13500,1,10.667,
spanner,126.65,13501,1,10.305,
spanner,126.66,13502,1,10.748,
spanner,126.67,13503,1,11.534,
spanner,126.68,13504,1,8.325,
spanner,126.69,13505,1,7.806,
spanner,126.70,13506,1,8.239,
spanner,126.71,13507,1,9.361,
spanner,126.72,13508,1,7.750,
spanner,126.72,13509,1,7.682,
spanner,126.73,13510,1,7.858,
spanner,126.74,13511,1,8.015,
spanner,126.75,13512,1,7.569,
spanner,126.76,13513,1,7.922,
spanner,126.76,13514,1,7.335,
spanner,126.77,13515,1,7.152,
spanner,126.78,13516,1,6.815,
spanner,126.78,13517,1,8.604,
spanner,126.79,13518,1,9.571,
spanner,126.80,13519,1,10.808,
spanner,126.81,13520,1,10.919,
spanner,126.82,13521,1,12.484,
spanner,126.84,13522,1,11.870,
spanner,126.85,13523,1,8.102,
spanner,126.86,13524,1,7.666,
spanner,126.86,13525,1,11.063,
spanner,126.88,13526,1,11.325,
spanner,126.89,13527,1,11.675,
spanner,126.90,13528,1,11.893,
spanner,126.91,13529,1,10.911,
spanner,126.92,13530,1,13.051,
spanner,126.94,13531,1,8.069,
spanner,126.94,13532,1,8.272,
spanner,126.95,13533,1,10.091,
spanner,126.96,13534,1,8.101,
spanner,126.97,13535,1,8.755,
spanner,126.98,13536,1,10.838,
spanner,126.99,13537,1,11.500,
spanner,127.00,13538,1,12.093,
spanner,127.01,13539,1,12.033,
spanner,127.03,13540,1,10.236,
spanner,127.04,13541,1,10.223,
spanner,127.05,13542,1,10.841,
spanner,127.06,13543,1,9.313,
spanner,127.07,13544,1,10.742,
spanner,127.08,13545,1,11.210,
spanner,127.09,13546,1,11.824,
spanner,127.10,13547,1,11.942,
spanner,127.11,13548,1,11.254,
spanner,127.12,13549,1,10.801,
spanner,127.13,13550,1,12.842,
spanner,127.15,13551,1,11.855,
spanner,127.16,13552,1,11.198,
spanner,127.17,13553,1,11.123,
spanner,127.18,13554,1,13.592,
spanner,127.19,13555,1,11.646,
spanner,127.21,13556,1,11.664,
spanner,127.22,13557,1,12.679,
spanner,127.23,13558,1,11.853,
spanner,127.24,13559,1,11.410,
spanner,127.25,13560,1,13.438,
spanner,127.27,13561,1,12.660,
spanner,127.28,13562,1,11.344,
spanner,127.29,13563,1,13.665,
spanner,127.31,13564,1,13.349,
spanner,127.32,13565,1,11.513,
spanner,127.33,13566,1,11.432,
spanner,127.34,13567,1,13.533,
spanner,127.36,13568,1,12.819,
spanner,127.37,13569,1,13.265,
spanner,127.38,13570,1,14.174,
spanner,127.40,13571,1,14.394,
spanner,127.41,13572,1,13.202,
spanner,127.42,13573,1,11.763,
spanner,127.44,13574,1,10.647,
spanner,127.45,13575,1,10.662,
spanner,127.46,13576,1,12.508,
spanner,127.47,13577,1,13.813,
spanner,127.48,13578,1,12.859,
spanner,127.50,13579,1,11.997,
spanner,127.51,13580,1,12.670,
spanner,127.52,13581,1,14.620,
spanner,127.54,13582,1,14.457,
spanner,127.55,13583,1,12.145,
spanner,127.56,13584,1,9.454,
spanner,127.57,13585,1,8.625,
spanner,127.58,13586,1,8.416,
spanner,127.59,13587,1,8.779,
spanner,127.60,13588,1,9.622,
spanner,127.61,13589,1,9.209,
spanner,127.62,13590,1,9.480,
spanner,127.63,13591,1,8.942,
spanner,127.64,13592,1,8.079,
spanner,127.64,13593,1,7.252,
spanner,127.65,13594,1,5.680,
spanner,127.66,13595,1,5.712,
spanner,127.66,13596,1,5.668,
spanner,127.67,13597,1,6.549,
spanner,127.67,13598,1,6.200,
spanner,127.68,13599,1,5.868,
spanner,127.69,13600,1,6.588,
spanner,127.69,13601,1,6.068,
spanner,127.70,13602,1,6.385,
spanner,127.71,13603,1,7.288,
spanner,127.71,13604,1,7.048,
spanner,127.72,13605,1,6.913,
spanner,127.73,13606,1,7.347,
spanner,127.73,13607,1,8.365,
spanner,127.74,13608,1,6.796,
spanner,127.75,13609,1,6.020,
spanner,127.76,13610,1,5.977,
spanner,127.76,13611,1,5.508,
spanner,127.77,13612,1,5.628,
spanner,127.77,13613,1,6.815,
spanner,127.78,13614,1,6.005,
spanner,127.79,13615,1,5.921,
spanner,127.79,13616,1,6.304,
spanner,127.80,13617,1,7.190,
spanner,127.81,13618,1,8.202,
spanner,127.81,13619,1,8.882,
spanner,127.82,13620,1,8.810,
spanner,127.83,13621,1,10.003,
spanner,127.84,13622,1,11.324,
spanner,127.85,13623,1,9.860,
spanner,127.86,13624,1,8.831,
spanner,127.87,13625,1,7.593,
spanner,127.88,13626,1,7.345,
spanner,127.89,13627,1,10.132,
spanner,127.90,13628,1,9.347,
spanner,127.91,13629,1,11.892,
spanner,127.92,13630,1,11.554,
spanner,127.93,13631,1,9.729,
spanner,127.94,13632,1,7.968,
spanner,127.95,13633,1,8.451,
spanner,127.96,13634,1,9.749,
spanner,127.97,13635,1,10.383,
spanner,127.98,13636,1,11.429,
spanner,127.99,13637,1,11.529,
spanner,128.00,13638,1,12.017,
spanner,128.01,13639,1,12.076,
spanner,128.02,13640,1,11.336,
spanner,128.03,13641,1,13.101,
spanner,128.05,13642,1,11.268,
spanner,128.06,13643,1,11.809,
spanner,128.07,13644,1,11.695,
spanner,128.08,13645,1,11.444,
spanner,128.09,13646,1,12.203,
spanner,128.11,13647,1,8.548,
spanner,128.11,13648,1,6.495,
spanner,128.12,13649,1,7.400,
spanner,128.13,13650,1,9.860,
spanner,128.14,13651,1,11.602,
spanner,128.15,13652,1,13.583,
spanner,128.16,13653,1,11.288,
spanner,128.18,13654,1,10.581,
spanner,128.19,13655,1,10.344,
spanner,128.20,13656,1,7.960,
spanner,128.20,13657,1,7.744,
spanner,128.21,13658,1,8.209,
spanner,128.22,13659,1,6.658,
spanner,128.23,13660,1,6.394,
spanner,128.23,13661,1,6.889,
spanner,128.24,13662,1,10.179,
spanner,128.25,13663,1,10.576,
spanner,128.26,13664,1,11.099,
spanner,128.27,13665,1,10.386,
spanner,128.28,13666,1,10.177,
spanner,128.29,13667,1,10.994,
spanner,128.30,13668,1,7.847,
spanner,128.31,13669,1,6.816,
spanner,128.32,13670,1,6.283,
spanner,128.33,13671,1,6.613,
spanner,128.33,13672,1,8.362,
spanner,128.34,13673,1,7.964,
spanner,128.35,13674,1,7.165,
spanner,128.36,13675,1,7.601,
spanner,128.36,13676,1,7.913,
spanner,128.37,13677,1,6.601,
spanner,128.38,13678,1,6.600,
spanner,128.38,13679,1,6.526,
spanner,128.39,13680,1,6.489,
spanner,128.40,13681,1,7.067,
spanner,128.40,13682,1,8.827,
spanner,128.41,13683,1,9.749,
spanner,128.42,13684,1,9.387,
spanner,128.43,13685,1,9.476,
spanner,128.44,13686,1,11.010,
spanner,128.45,13687,1,10.202,
spanner,128.46,13688,1,8.782,
spanner,128.47,13689,1,11.349,
spanner,128.48,13690,1,11.668,
spanner,128.50,13691,1,12.006,
spanner,128.51,13692,1,10.086,
spanner,128.52,13693,1,10.120,
spanner,128.53,13694,1,10.778,
spanner,128.54,13695,1,10.122,
spanner,128.55,13696,1,11.590,
spanner,128.56,13697,1,9.842,
spanner,128.57,13698,1,10.046,
spanner,128.58,13699,1,11.542,
spanner,128.59,13700,1,11.582,
spanner,128.60,13701,1,12.588,
spanner,128.62,13702,1,11.022,
spanner,128.63,13703,1,9.358,
spanner,128.64,13704,1,9.137,
spanner,128.65,13705,1,7.858,
spanner,128.65,13706,1,7.294,
spanner,128.66,13707,1,6.742,
spanner,128.67,13708,1,7.349,
spanner,128.67,13709,1,9.609,
spanner,128.68,13710,1,8.076,
spanner,128.69,13711,1,7.518,
spanner,128.70,13712,1,7.711,
spanner,128.71,13713,1,8.319,
spanner,128.72,13714,1,8.367,
spanner,128.72,13715,1,9.159,
spanner,128.73,13716,1,9.883,
spanner,128.74,13717,1,10.556,
spanner,128.75,13718,1,9.357,
spanner,128.76,13719,1,9.386,
spanner,128.77,13720,1,11.864,
spanner,128.78,13721,1,12.267,
spanner,128.80,13722,1,11.823,
spanner,128.81,13723,1,11.161,
spanner,128.82,13724,1,10.643,
spanner,128.83,13725,1,8.137,
spanner,128.84,13726,1,8.731,
spanner,128.85,13727,1,9.661,
spanner,128.86,13728,1,9.115,
spanner,128.87,13729,1,10.147,
spanner,128.88,13730,1,10.565,
spanner,128.89,13731,1,11.508,
spanner,128.90,13732,1,8.547,
spanner,128.91,13733,1,7.857,
spanner,128.92,13734,1,7.386,
spanner,128.92,13735,1,7.249,
spanner,128.93,13736,1,8.001,
spanner,128.94,13737,1,8.295,
spanner,128.95,13738,1,7.459,
spanner,128.95,13739,1,7.549,
spanner,128.96,13740,1,7.906,
spanner,128.97,13741,1,8.926,
spanner,128.98,13742,1,12.129,
spanner,128.99,13743,1,14.060,
spanner,129.00,13744,1,13.117,
spanner,129.02,13745,1,10.600,
spanner,129.03,13746,1,8.448,
spanner,129.04,13747,1,7.895,
spanner,129.05,13748,1,9.688,
spanner,129.05,13749,1,10.034,
spanner,129.06,13750,1,13.114,
spanner,129.08,13751,1,11.963,
spanner,129.09,13752,1,11.480,
spanner,129.10,13753,1,10.695,
spanner,129.11,13754,1,10.863,
spanner,129.12,13755,1,13.039,
spanner,129.14,13756,1,12.913,
spanner,129.15,13757,1,11.734,
spanner,129.16,13758,1,12.449,
spanner,129.17,13759,1,13.619,
spanner,129.19,13760,1,8.431,
spanner,129.20,13761,1,8.142,
spanner,129.20,13762,1,10.926,
spanner,129.21,13763,1,8.843,
spanner,129.22,13764,1,9.397,
spanner,129.23,13765,1,8.089,
spanner,129.24,13766,1,8.968,
spanner,129.25,13767,1,11.442,
spanner,129.26,13768,1,13.219,
spanner,129.27,13769,1,12.157,
spanner,129.29,13770,1,12.196,
spanner,129.30,13771,1,12.643,
spanner,129.31,13772,1,9.874,
spanner,129.32,13773,1,8.634,
spanner,129.33,13774,1,9.724,
spanner,129.34,13775,1,9.842,
spanner,129.35,13776,1,10.594,
spanner,129.36,13777,1,11.574,
spanner,129.37,13778,1,12.026,
spanner,129.38,13779,1,9.253,
spanner,129.39,13780,1,9.148,
spanner,129.40,13781,1,8.826,
spanner,129.41,13782,1,9.784,
spanner,129.42,13783,1,8.368,
spanner,129.43,13784,1,7.617,
spanner,129.44,13785,1,8.394,
spanner,129.45,13786,1,10.550,
spanner,129.46,13787,1,12.384,
spanner,129.47,13788,1,15.147,
spanner,129.48,13789,1,14.687,
spanner,129.50,13790,1,12.705,
spanner,129.51,13791,1,11.411,
spanner,129.52,13792,1,10.811,
spanner,129.53,13793,1,13.852,
spanner,129.55,13794,1,13.549,
spanner,129.56,13795,1,14.104,
spanner,129.58,13796,1,13.756,
spanner,129.59,13797,1,13.916,
spanner,129.60,13798,1,13.340,
spanner,129.62,13799,1,12.789,
spanner,129.63,13800,1,13.278,
spanner,129.64,13801,1,14.662,
spanner,129.66,13802,1,14.663,
spanner,129.67,13803,1,13.177,
spanner,129.69,13804,1,13.235,
spanner,129.70,13805,1,10.472,
spanner,129.71,13806,1,9.082,
spanner,129.72,13807,1,8.530,
spanner,129.73,13808,1,8.506,
spanner,129.74,13809,1,8.864,
spanner,129.74,13810,1,9.564,
spanner,129.75,13811,1,9.669,
spanner,129.76,13812,1,11.004,
spanner,129.78,13813,1,7.538,
spanner,129.78,13814,1,7.970,
spanner,129.79,13815,1,7.594,
spanner,129.80,13816,1,6.978,
spanner,129.81,13817,1,8.215,
spanner,129.81,13818,1,8.966,
spanner,129.82,13819,1,8.351,
spanner,129.83,13820,1,8.146,
spanner,129.84,13821,1,9.519,
spanner,129.85,13822,1,8.756,
spanner,129.86,13823,1,6.825,
spanner,129.86,13824,1,6.896,
spanner,129.87,13825,1,7.042,
spanner,129.88,13826,1,8.083,
spanner,129.89,13827,1,6.852,
spanner,129.89,13828,1,6.702,
spanner,129.90,13829,1,6.538,
spanner,129.91,13830,1,6.266,
spanner,129.91,13831,1,6.480,
spanner,129.92,13832,1,5.950,
spanner,129.93,13833,1,6.399,
spanner,129.93,13834,1,6.559,
spanner,129.94,13835,1,6.662,
spanner,129.95,13836,1,6.578,
spanner,129.95,13837,1,7.004,
spanner,129.96,13838,1,6.122,
spanner,129.96,13839,1,5.600,
spanner,129.97,13840,1,6.059,
spanner,129.98,13841,1,7.027,
spanner,129.98,13842,1,7.867,
spanner,129.99,13843,1,6.943,
spanner,130.00,13844,1,6.981,
spanner,130.01,13845,1,6.669,
spanner,130.01,13846,1,7.115,
spanner,130.02,13847,1,6.684,
spanner,130.03,13848,1,8.387,
spanner,130.03,13849,1,11.379,
spanner,130.05,13850,1,9.371,
spanner,130.06,13851,1,8.304,
spanner,130.06,13852,1,6.646,
spanner,130.07,13853,1,7.745,
spanner,130.08,13854,1,9.341,
spanner,130.09,13855,1,10.067,
spanner,130.10,13856,1,9.197,
spanner,130.11,13857,1,9.850,
spanner,130.12,13858,1,11.022,
spanner,130.13,13859,1,10.341,
spanner,130.14,13860,1,8.942,
spanner,130.15,13861,1,10.741,
spanner,130.16,13862,1,11.175,
spanner,130.17,13863,1,11.864,
spanner,130.18,13864,1,10.781,
spanner,130.19,13865,1,8.801,
spanner,130.20,13866,1,12.318,
spanner,130.21,13867,1,7.249,
spanner,130.22,13868,1,6.653,
spanner,130.23,13869,1,6.228,
spanner,130.23,13870,1,7.307,
spanner,130.24,13871,1,7.282,
spanner,130.25,13872,1,18.351,
spanner,130.27,13873,1,12.950,
spanner,130.28,13874,1,8.493,
spanner,130.29,13875,1,7.671,
spanner,130.30,13876,1,7.136,
spanner,130.30,13877,1,7.101,
spanner,130.31,13878,1,7.076,
spanner,130.32,13879,1,7.003,
spanner,130.32,13880,1,7.258,
spanner,130.33,13881,1,13.337,
spanner,130.34,13882,1,10.415,
spanner,130.36,13883,1,9.168,
spanner,130.36,13884,1,8.309,
spanner,130.37,13885,1,8.553,
spanner,130.38,13886,1,8.474,
spanner,130.39,13887,1,7.865,
spanner,130.40,13888,1,7.938,
spanner,130.41,13889,1,8.446,
spanner,130.41,13890,1,6.896,
spanner,130.42,13891,1,7.742,
spanner,130.43,13892,1,7.311,
spanner,130.44,13893,1,6.807,
spanner,130.44,13894,1,6.449,
spanner,130.45,13895,1,6.656,
spanner,130.46,13896,1,6.738,
spanner,130.46,13897,1,6.240,
spanner,130.47,13898,1,7.236,
spanner,130.48,13899,1,6.959,
spanner,130.48,13900,1,8.811,
spanner,130.49,13901,1,8.561,
spanner,130.50,13902,1,8.716,
spanner,130.51,13903,1,8.439,
spanner,130.52,13904,1,7.431,
spanner,130.53,13905,1,7.673,
spanner,130.53,13906,1,8.268,
spanner,130.54,13907,1,7.809,
spanner,130.55,13908,1,10.049,
spanner,130.56,13909,1,11.115,
spanner,130.57,13910,1,12.191,
spanner,130.58,13911,1,11.162,
spanner,130.59,13912,1,10.268,
spanner,130.60,13913,1,9.426,
spanner,130.61,13914,1,10.823,
spanner,130.62,13915,1,10.907,
spanner,130.64,13916,1,12.334,
spanner,130.65,13917,1,9.561,
spanner,130.66,13918,1,7.610,
spanner,130.67,13919,1,7.176,
spanner,130.67,13920,1,7.258,
spanner,130.68,13921,1,6.536,
spanner,130.69,13922,1,8.416,
spanner,130.69,13923,1,8.326,
spanner,130.70,13924,1,11.454,
spanner,130.71,13925,1,8.229,
spanner,130.72,13926,1,8.434,
spanner,130.73,13927,1,7.379,
spanner,130.74,13928,1,7.076,
spanner,130.75,13929,1,9.074,
spanner,130.75,13930,1,9.872,
spanner,130.76,13931,1,10.702,
spanner,130.78,13932,1,10.594,
spanner,130.79,13933,1,9.693,
spanner,130.80,13934,1,11.115,
spanner,130.81,13935,1,7.544,
spanner,130.81,13936,1,7.350,
spanner,130.82,13937,1,8.836,
spanner,130.83,13938,1,7.586,
spanner,130.84,13939,1,7.888,
spanner,130.85,13940,1,7.873,
spanner,130.85,13941,1,7.731,
spanner,130.86,13942,1,8.393,
spanner,130.87,13943,1,8.410,
spanner,130.88,13944,1,7.789,
spanner,130.89,13945,1,7.891,
spanner,130.89,13946,1,7.758,
spanner,130.90,13947,1,8.528,
spanner,130.91,13948,1,8.423,
spanner,130.92,13949,1,8.481,
spanner,130.93,13950,1,8.451,
spanner,130.94,13951,1,9.163,
spanner,130.95,13952,1,8.636,
spanner,130.95,13953,1,8.181,
spanner,130.96,13954,1,9.800,
spanner,130.97,13955,1,9.871,
spanner,130.98,13956,1,9.420,
spanner,130.99,13957,1,8.952,
spanner,131.00,13958,1,8.145,
spanner,131.01,13959,1,33.221,
spanner,131.04,13960,1,10.717,
spanner,131.05,13961,1,8.052,
spanner,131.06,13962,1,10.227,
spanner,131.07,13963,1,10.080,
spanner,131.08,13964,1,11.319,
spanner,131.09,13965,1,10.596,
spanner,131.10,13966,1,27.081,
spanner,131.13,13967,1,13.568,
spanner,131.14,13968,1,12.708,
spanner,131.16,13969,1,12.723,
spanner,131.17,13970,1,13.032,
spanner,131.18,13971,1,11.796,
spanner,131.19,13972,1,10.643,
spanner,131.21,13973,1,12.606,
spanner,131.22,13974,1,8.736,
spanner,131.23,13975,1,9.794,
spanner,131.24,13976,1,9.366,
spanner,131.25,13977,1,8.323,
spanner,131.25,13978,1,7.934,
spanner,131.26,13979,1,7.754,
spanner,131.27,13980,1,8.079,
spanner,131.28,13981,1,8.098,
spanner,131.29,13982,1,9.015,
spanner,131.30,13983,1,8.368,
spanner,131.30,13984,1,7.769,
spanner,131.31,13985,1,7.712,
spanner,131.32,13986,1,9.089,
spanner,131.33,13987,1,8.837,
spanner,131.34,13988,1,8.702,
spanner,131.35,13989,1,8.462,
spanner,131.35,13990,1,8.576,
spanner,131.36,13991,1,8.463,
spanner,131.37,13992,1,8.385,
spanner,131.38,13993,1,10.371,
spanner,131.39,13994,1,9.184,
spanner,131.40,13995,1,11.558,
spanner,131.41,13996,1,10.274,
spanner,131.42,13997,1,9.237,
spanner,131.43,13998,1,10.367,
spanner,131.44,13999,1,10.843,
spanner,131.45,14000,1,9.153,
spanner,131.46,14001,1,8.403,
spanner,131.47,14002,1,9.795,
spanner,131.48,14003,1,9.105,
spanner,131.49,14004,1,10.580,
spanner,131.50,14005,1,10.567,
spanner,131.51,14006,1,9.759,
spanner,131.52,14007,1,8.556,
spanner,131.53,14008,1,8.662,
spanner,131.54,14009,1,8.541,
spanner,131.55,14010,1,8.094,
spanner,131.55,14011,1,9.650,
spanner,131.56,14012,1,9.762,
spanner,131.57,14013,1,9.484,
spanner,131.58,14014,1,6.672,
spanner,131.59,14015,1,6.318,
spanner,131.60,14016,1,6.659,
spanner,131.60,14017,1,6.172,
spanner,131.61,14018,1,5.686,
spanner,131.61,14019,1,6.135,
spanner,131.62,14020,1,6.119,
spanner,131.63,14021,1,6.455,
spanner,131.63,14022,1,7.572,
spanner,131.64,14023,1,9.512,
spanner,131.65,14024,1,7.223,
spanner,131.66,14025,1,6.684,
spanner,131.66,14026,1,6.520,
spanner,131.67,14027,1,6.373,
spanner,131.68,14028,1,7.150,
spanner,131.68,14029,1,6.870,
spanner,131.69,14030,1,6.664,
spanner,131.70,14031,1,6.324,
spanner,131.70,14032,1,8.478,
spanner,131.71,14033,1,6.830,
spanner,131.72,14034,1,7.520,
spanner,131.73,14035,1,7.394,
spanner,131.73,14036,1,7.472,
spanner,131.74,14037,1,6.618,
spanner,131.75,14038,1,6.220,
spanner,131.76,14039,1,6.384,
spanner,131.76,14040,1,6.061,
spanner,131.77,14041,1,6.757,
spanner,131.77,14042,1,7.929,
spanner,131.78,14043,1,7.354,
spanner,131.79,14044,1,6.279,
spanner,131.80,14045,1,6.970,
spanner,131.80,14046,1,7.201,
spanner,131.81,14047,1,8.501,
spanner,131.82,14048,1,9.206,
spanner,131.83,14049,1,9.747,
spanner,131.84,14050,1,10.506,
spanner,131.85,14051,1,6.997,
spanner,131.86,14052,1,6.737,
spanner,131.86,14053,1,6.185,
spanner,131.87,14054,1,5.836,
spanner,131.87,14055,1,5.650,
spanner,131.88,14056,1,6.802,
spanner,131.89,14057,1,6.675,
spanner,131.89,14058,1,6.961,
spanner,131.90,14059,1,8.992,
spanner,131.91,14060,1,10.139,
spanner,131.92,14061,1,9.129,
spanner,131.93,14062,1,8.730,
spanner,131.94,14063,1,7.056,
spanner,131.94,14064,1,7.647,
spanner,131.95,14065,1,8.274,
spanner,131.96,14066,1,9.630,
spanner,131.97,14067,1,11.583,
spanner,131.98,14068,1,13.059,
spanner,132.00,14069,1,10.861,
spanner,132.01,14070,1,9.584,
spanner,132.02,14071,1,10.048,
spanner,132.03,14072,1,10.660,
spanner,132.04,14073,1,12.248,
spanner,132.05,14074,1,10.167,
spanner,132.06,14075,1,9.166,
spanner,132.07,14076,1,7.682,
spanner,132.08,14077,1,7.802,
spanner,132.08,14078,1,6.269,
spanner,132.09,14079,1,6.722,
spanner,132.10,14080,1,7.534,
spanner,132.10,14081,1,6.716,
spanner,132.11,14082,1,7.521,
spanner,132.12,14083,1,6.802,
spanner,132.13,14084,1,6.913,
spanner,132.13,14085,1,6.359,
spanner,132.14,14086,1,6.169,
spanner,132.14,14087,1,6.170,
spanner,132.15,14088,1,7.604,
spanner,132.16,14089,1,7.873,
spanner,132.17,14090,1,9.724,
spanner,132.18,14091,1,7.922,
spanner,132.18,14092,1,7.047,
spanner,132.19,14093,1,7.690,
spanner,132.20,14094,1,10.292,
spanner,132.21,14095,1,9.033,
spanner,132.22,14096,1,7.988,
spanner,132.23,14097,1,7.476,
spanner,132.23,14098,1,7.193,
spanner,132.24,14099,1,6.927,
spanner,132.25,14100,1,6.903,
spanner,132.26,14101,1,7.077,
spanner,132.26,14102,1,7.322,
spanner,132.27,14103,1,7.836,
spanner,132.28,14104,1,6.789,
spanner,132.28,14105,1,6.286,
spanner,132.29,14106,1,6.191,
spanner,132.30,14107,1,6.296,
spanner,132.30,14108,1,6.980,
spanner,132.31,14109,1,7.316,
spanner,132.32,14110,1,9.471,
spanner,132.33,14111,1,10.118,
spanner,132.34,14112,1,8.329,
spanner,132.35,14113,1,9.060,
spanner,132.35,14114,1,9.611,
spanner,132.36,14115,1,10.532,
spanner,132.37,14116,1,10.620,
spanner,132.39,14117,1,10.275,
spanner,132.40,14118,1,11.060,
spanner,132.41,14119,1,11.655,
spanner,132.42,14120,1,10.035,
spanner,132.43,14121,1,10.834,
spanner,132.44,14122,1,8.876,
spanner,132.45,14123,1,6.648,
spanner,132.46,14124,1,6.562,
spanner,132.46,14125,1,6.939,
spanner,132.47,14126,1,8.849,
spanner,132.48,14127,1,8.271,
spanner,132.49,14128,1,7.719,
spanner,132.49,14129,1,7.204,
spanner,132.50,14130,1,7.497,
spanner,132.51,14131,1,8.871,
spanner,132.52,14132,1,8.131,
spanner,132.53,14133,1,8.079,
spanner,132.53,14134,1,9.722,
spanner,132.54,14135,1,9.247,
spanner,132.55,14136,1,8.890,
spanner,132.56,14137,1,10.498,
spanner,132.57,14138,1,9.076,
spanner,132.58,14139,1,8.988,
spanner,132.59,14140,1,8.999,
spanner,132.60,14141,1,10.147,
spanner,132.61,14142,1,10.519,
spanner,132.62,14143,1,11.003,
spanner,132.63,14144,1,11.478,
spanner,132.64,14145,1,11.755,
spanner,132.65,14146,1,12.611,
spanner,132.67,14147,1,11.208,
spanner,132.68,14148,1,10.506,
spanner,132.69,14149,1,10.582,
spanner,132.70,14150,1,14.968,
spanner,132.71,14151,1,22.517,
spanner,132.74,14152,1,17.422,
spanner,132.75,14153,1,8.715,
spanner,132.76,14154,1,8.162,
spanner,132.77,14155,1,7.594,
spanner,132.78,14156,1,7.211,
spanner,132.79,14157,1,7.219,
spanner,132.79,14158,1,9.693,
spanner,132.80,14159,1,10.561,
spanner,132.81,14160,1,9.791,
spanner,132.82,14161,1,10.114,
spanner,132.83,14162,1,13.671,
spanner,132.85,14163,1,10.010,
spanner,132.86,14164,1,10.708,
spanner,132.87,14165,1,10.427,
spanner,132.88,14166,1,8.607,
spanner,132.89,14167,1,8.106,
spanner,132.90,14168,1,8.183,
spanner,132.90,14169,1,10.802,
spanner,132.91,14170,1,10.069,
spanner,132.92,14171,1,11.127,
spanner,132.94,14172,1,13.149,
spanner,132.95,14173,1,12.096,
spanner,132.96,14174,1,12.992,
spanner,132.97,14175,1,10.962,
spanner,132.99,14176,1,10.429,
spanner,133.00,14177,1,11.180,
spanner,133.01,14178,1,10.188,
spanner,133.02,14179,1,9.760,
spanner,133.03,14180,1,10.790,
spanner,133.04,14181,1,9.952,
spanner,133.05,14182,1,10.940,
spanner,133.06,14183,1,10.999,
spanner,133.07,14184,1,9.808,
spanner,133.08,14185,1,9.631,
spanner,133.09,14186,1,12.449,
spanner,133.10,14187,1,12.151,
spanner,133.11,14188,1,11.007,
spanner,133.13,14189,1,8.592,
spanner,133.13,14190,1,8.406,
spanner,133.14,14191,1,8.159,
spanner,133.15,14192,1,7.988,
spanner,133.16,14193,1,7.829,
spanner,133.17,14194,1,7.360,
spanner,133.17,14195,1,9.000,
spanner,133.18,14196,1,10.883,
spanner,133.19,14197,1,10.671,
spanner,133.20,14198,1,9.807,
spanner,133.21,14199,1,9.243,
spanner,133.22,14200,1,11.310,
spanner,133.23,14201,1,12.124,
spanner,133.25,14202,1,11.014,
spanner,133.26,14203,1,8.849,
spanner,133.27,14204,1,9.840,
spanner,133.28,14205,1,8.335,
spanner,133.29,14206,1,8.512,
spanner,133.29,14207,1,10.244,
spanner,133.30,14208,1,13.003,
spanner,133.32,14209,1,12.405,
spanner,133.33,14210,1,13.240,
spanner,133.34,14211,1,11.734,
spanner,133.35,14212,1,10.542,
spanner,133.37,14213,1,9.205,
spanner,133.37,14214,1,10.887,
spanner,133.39,14215,1,12.932,
spanner,133.40,14216,1,11.731,
spanner,133.41,14217,1,9.361,
spanner,133.42,14218,1,8.220,
spanner,133.43,14219,1,8.207,
spanner,133.44,14220,1,8.549,
spanner,133.44,14221,1,8.277,
spanner,133.45,14222,1,9.474,
spanner,133.46,14223,1,8.383,
spanner,133.47,14224,1,8.917,
spanner,133.48,14225,1,8.065,
spanner,133.49,14226,1,9.213,
spanner,133.50,14227,1,10.161,
spanner,133.51,14228,1,9.312,
spanner,133.52,14229,1,9.050,
spanner,133.53,14230,1,8.536,
spanner,133.53,14231,1,8.188,
spanner,133.54,14232,1,10.665,
spanner,133.55,14233,1,9.526,
spanner,133.56,14234,1,12.043,
spanner,133.57,14235,1,10.373,
spanner,133.59,14236,1,11.871,
spanner,133.60,14237,1,11.936,
spanner,133.61,14238,1,10.734,
spanner,133.62,14239,1,10.690,
spanner,133.63,14240,1,8.330,
spanner,133.64,14241,1,7.086,
spanner,133.65,14242,1,8.242,
spanner,133.65,14243,1,6.231,
spanner,133.66,14244,1,6.121,
spanner,133.67,14245,1,5.882,
spanner,133.67,14246,1,5.643,
spanner,133.68,14247,1,5.816,
spanner,133.68,14248,1,6.591,
spanner,133.69,14249,1,8.193,
spanner,133.70,14250,1,8.539,
spanner,133.71,14251,1,7.450,
spanner,133.72,14252,1,6.252,
spanner,133.72,14253,1,6.195,
spanner,133.73,14254,1,6.833,
spanner,133.73,14255,1,6.696,
spanner,133.74,14256,1,6.575,
spanner,133.75,14257,1,5.974,
spanner,133.75,14258,1,6.502,
spanner,133.76,14259,1,6.295,
spanner,133.77,14260,1,5.997,
spanner,133.77,14261,1,6.132,
spanner,133.78,14262,1,6.208,
spanner,133.78,14263,1,7.720,
spanner,133.79,14264,1,7.449,
spanner,133.80,14265,1,7.304,
spanner,133.81,14266,1,9.299,
spanner,133.82,14267,1,8.106,
spanner,133.82,14268,1,7.293,
spanner,133.83,14269,1,6.976,
spanner,133.84,14270,1,7.401,
spanner,133.85,14271,1,8.264,
spanner,133.85,14272,1,8.638,
spanner,133.86,14273,1,6.874,
spanner,133.87,14274,1,5.784,
spanner,133.88,14275,1,5.679,
spanner,133.88,14276,1,6.388,
spanner,133.89,14277,1,6.462,
spanner,133.89,14278,1,6.373,
spanner,133.90,14279,1,6.009,
spanner,133.91,14280,1,6.293,
spanner,133.91,14281,1,8.785,
spanner,133.92,14282,1,10.261,
spanner,133.93,14283,1,7.140,
spanner,133.94,14284,1,9.228,
spanner,133.95,14285,1,7.495,
spanner,133.96,14286,1,8.004,
spanner,133.96,14287,1,9.842,
spanner,133.97,14288,1,9.592,
spanner,133.98,14289,1,8.615,
spanner,133.99,14290,1,6.741,
spanner,134.00,14291,1,7.329,
spanner,134.01,14292,1,8.988,
spanner,134.02,14293,1,10.038,
spanner,134.03,14294,1,9.503,
spanner,134.04,14295,1,9.549,
spanner,134.05,14296,1,12.173,
spanner,134.06,14297,1,11.901,
spanner,134.07,14298,1,11.630,
spanner,134.08,14299,1,13.061,
spanner,134.09,14300,1,12.029,
spanner,134.11,14301,1,12.209,
spanner,134.12,14302,1,10.974,
spanner,134.13,14303,1,10.597,
spanner,134.14,14304,1,11.352,
spanner,134.15,14305,1,9.107,
spanner,134.16,14306,1,8.093,
spanner,134.17,14307,1,7.800,
spanner,134.18,14308,1,7.989,
spanner,134.18,14309,1,8.462,
spanner,134.19,14310,1,10.176,
spanner,134.20,14311,1,11.198,
spanner,134.21,14312,1,8.563,
spanner,134.22,14313,1,7.535,
spanner,134.23,14314,1,7.370,
spanner,134.24,14315,1,7.215,
spanner,134.25,14316,1,7.957,
spanner,134.25,14317,1,7.902,
spanner,134.26,14318,1,6.958,
spanner,134.27,14319,1,7.159,
spanner,134.28,14320,1,7.204,
spanner,134.28,14321,1,6.263,
spanner,134.29,14322,1,8.108,
spanner,134.30,14323,1,8.999,
spanner,134.31,14324,1,9.579,
spanner,134.32,14325,1,9.117,
spanner,134.33,14326,1,7.426,
spanner,134.33,14327,1,7.999,
spanner,134.34,14328,1,8.911,
spanner,134.35,14329,1,7.627,
spanner,134.36,14330,1,7.258,
spanner,134.36,14331,1,8.734,
spanner,134.37,14332,1,8.021,
spanner,134.38,14333,1,7.828,
spanner,134.39,14334,1,7.647,
spanner,134.40,14335,1,6.843,
spanner,134.40,14336,1,7.630,
spanner,134.41,14337,1,7.762,
spanner,134.42,14338,1,10.038,
spanner,134.43,14339,1,12.495,
spanner,134.44,14340,1,10.139,
spanner,134.45,14341,1,9.642,
spanner,134.46,14342,1,9.859,
spanner,134.47,14343,1,8.635,
spanner,134.48,14344,1,8.267,
spanner,134.49,14345,1,8.340,
spanner,134.50,14346,1,7.816,
spanner,134.50,14347,1,8.262,
spanner,134.51,14348,1,8.105,
spanner,134.52,14349,1,7.768,
spanner,134.53,14350,1,9.450,
spanner,134.54,14351,1,9.424,
spanner,134.55,14352,1,7.891,
spanner,134.56,14353,1,8.343,
spanner,134.56,14354,1,8.155,
spanner,134.57,14355,1,8.454,
spanner,134.58,14356,1,9.246,
spanner,134.59,14357,1,11.974,
spanner,134.60,14358,1,12.863,
spanner,134.62,14359,1,9.283,
spanner,134.62,14360,1,8.801,
spanner,134.63,14361,1,9.529,
spanner,134.64,14362,1,11.034,
spanner,134.65,14363,1,11.766,
spanner,134.67,14364,1,12.651,
spanner,134.68,14365,1,10.521,
spanner,134.69,14366,1,8.423,
spanner,134.70,14367,1,9.284,
spanner,134.71,14368,1,9.543,
spanner,134.72,14369,1,7.541,
spanner,134.72,14370,1,9.039,
spanner,134.73,14371,1,8.929,
spanner,134.74,14372,1,8.751,
spanner,134.75,14373,1,7.534,
spanner,134.76,14374,1,7.791,
spanner,134.77,14375,1,7.739,
spanner,134.77,14376,1,7.718,
spanner,134.78,14377,1,8.837,
spanner,134.79,14378,1,9.838,
spanner,134.80,14379,1,8.964,
spanner,134.81,14380,1,9.171,
spanner,134.82,14381,1,9.759,
spanner,134.83,14382,1,11.149,
spanner,134.84,14383,1,10.751,
spanner,134.85,14384,1,10.539,
spanner,134.86,14385,1,11.803,
spanner,134.87,14386,1,11.486,
spanner,134.88,14387,1,9.962,
spanner,134.89,14388,1,10.415,
spanner,134.90,14389,1,12.012,
spanner,134.92,14390,1,10.206,
spanner,134.93,14391,1,12.038,
spanner,134.94,14392,1,12.787,
spanner,134.95,14393,1,10.762,
spanner,134.96,14394,1,9.928,
spanner,134.97,14395,1,10.788,
spanner,134.98,14396,1,8.946,
spanner,134.99,14397,1,7.833,
spanner,135.00,14398,1,7.893,
spanner,135.01,14399,1,8.265,
spanner,135.02,14400,1,9.178,
spanner,135.03,14401,1,13.134,
spanner,135.04,14402,1,10.612,
spanner,135.05,14403,1,9.551,
spanner,135.06,14404,1,9.611,
spanner,135.07,14405,1,11.370,
spanner,135.08,14406,1,9.067,
spanner,135.09,14407,1,8.220,
spanner,135.10,14408,1,7.893,
spanner,135.11,14409,1,7.762,
spanner,135.11,14410,1,9.012,
spanner,135.12,14411,1,9.353,
spanner,135.13,14412,1,9.071,
spanner,135.14,14413,1,10.006,
spanner,135.15,14414,1,10.446,
spanner,135.16,14415,1,9.956,
spanner,135.17,14416,1,11.587,
spanner,135.18,14417,1,9.780,
spanner,135.19,14418,1,8.875,
spanner,135.20,14419,1,10.606,
spanner,135.21,14420,1,8.245,
spanner,135.22,14421,1,8.703,
spanner,135.23,14422,1,9.428,
spanner,135.24,14423,1,12.024,
spanner,135.25,14424,1,11.732,
spanner,135.26,14425,1,12.357,
spanner,135.27,14426,1,10.476,
spanner,135.29,14427,1,10.623,
spanner,135.30,14428,1,9.250,
spanner,135.31,14429,1,9.149,
spanner,135.31,14430,1,8.673,
spanner,135.32,14431,1,8.311,
spanner,135.33,14432,1,10.263,
spanner,135.34,14433,1,10.976,
spanner,135.35,14434,1,12.117,
spanner,135.37,14435,1,11.673,
spanner,135.38,14436,1,11.343,
spanner,135.39,14437,1,10.405,
spanner,135.40,14438,1,11.075,
spanner,135.41,14439,1,9.064,
spanner,135.42,14440,1,8.893,
spanner,135.43,14441,1,11.774,
spanner,135.44,14442,1,13.086,
spanner,135.45,14443,1,13.467,
spanner,135.47,14444,1,15.281,
spanner,135.48,14445,1,13.573,
spanner,135.50,14446,1,13.403,
spanner,135.51,14447,1,13.955,
spanner,135.52,14448,1,10.696,
spanner,135.53,14449,1,6.617,
spanner,135.54,14450,1,6.568,
spanner,135.55,14451,1,7.638,
spanner,135.55,14452,1,8.462,
spanner,135.56,14453,1,10.057,
spanner,135.57,14454,1,8.503,
spanner,135.58,14455,1,8.403,
spanner,135.59,14456,1,9.843,
spanner,135.60,14457,1,10.491,
spanner,135.61,14458,1,12.060,
spanner,135.62,14459,1,10.956,
spanner,135.63,14460,1,9.992,
spanner,135.64,14461,1,10.613,
spanner,135.65,14462,1,13.994,
spanner,135.67,14463,1,10.406,
spanner,135.68,14464,1,11.137,
spanner,135.69,14465,1,10.055,
spanner,135.70,14466,1,13.342,
spanner,135.71,14467,1,10.727,
spanner,135.72,14468,1,8.226,
spanner,135.73,14469,1,7.985,
spanner,135.74,14470,1,8.331,
spanner,135.75,14471,1,6.815,
spanner,135.76,14472,1,6.261,
spanner,135.76,14473,1,6.268,
spanner,135.77,14474,1,7.195,
spanner,135.78,14475,1,7.931,
spanner,135.78,14476,1,7.546,
spanner,135.79,14477,1,6.762,
spanner,135.80,14478,1,7.167,
spanner,135.80,14479,1,6.736,
spanner,135.81,14480,1,6.625,
spanner,135.82,14481,1,6.564,
spanner,135.82,14482,1,8.063,
spanner,135.83,14483,1,8.582,
spanner,135.84,14484,1,10.443,
spanner,135.85,14485,1,9.933,
spanner,135.86,14486,1,7.862,
spanner,135.87,14487,1,7.563,
spanner,135.88,14488,1,6.582,
spanner,135.88,14489,1,7.070,
spanner,135.89,14490,1,6.223,
spanner,135.90,14491,1,6.477,
spanner,135.90,14492,1,5.853,
spanner,135.91,14493,1,5.865,
spanner,135.92,14494,1,6.303,
spanner,135.92,14495,1,6.996,
spanner,135.93,14496,1,9.117,
spanner,135.94,14497,1,9.445,
spanner,135.95,14498,1,10.316,
spanner,135.96,14499,1,9.322,
spanner,135.97,14500,1,9.036,
spanner,135.98,14501,1,11.057,
spanner,135.99,14502,1,9.724,
spanner,136.00,14503,1,9.032,
spanner,136.01,14504,1,10.500,
spanner,136.02,14505,1,9.053,
spanner,136.03,14506,1,9.920,
spanner,136.04,14507,1,11.114,
spanner,136.05,14508,1,10.924,
spanner,136.06,14509,1,7.115,
spanner,136.07,14510,1,6.918,
spanner,136.07,14511,1,6.334,
spanner,136.08,14512,1,6.651,
spanner,136.09,14513,1,7.337,
spanner,136.09,14514,1,6.863,
spanner,136.10,14515,1,7.382,
spanner,136.11,14516,1,9.629,
spanner,136.12,14517,1,11.085,
spanner,136.13,14518,1,10.206,
spanner,136.14,14519,1,10.767,
spanner,136.15,14520,1,11.302,
spanner,136.16,14521,1,9.177,
spanner,136.17,14522,1,9.328,
spanner,136.18,14523,1,8.574,
spanner,136.19,14524,1,7.777,
spanner,136.20,14525,1,8.469,
spanner,136.20,14526,1,12.969,
spanner,136.22,14527,1,11.631,
spanner,136.23,14528,1,10.212,
spanner,136.24,14529,1,8.858,
spanner,136.25,14530,1,11.196,
spanner,136.26,14531,1,11.354,
spanner,136.27,14532,1,9.438,
spanner,136.28,14533,1,8.298,
spanner,136.29,14534,1,7.584,
spanner,136.30,14535,1,8.436,
spanner,136.30,14536,1,7.444,
spanner,136.31,14537,1,7.089,
spanner,136.32,14538,1,6.886,
spanner,136.33,14539,1,6.085,
spanner,136.33,14540,1,6.804,
spanner,136.34,14541,1,7.178,
spanner,136.35,14542,1,8.124,
spanner,136.35,14543,1,6.658,
spanner,136.36,14544,1,6.579,
spanner,136.37,14545,1,7.515,
spanner,136.37,14546,1,7.498,
spanner,136.38,14547,1,7.106,
spanner,136.39,14548,1,7.223,
spanner,136.40,14549,1,8.617,
spanner,136.41,14550,1,10.153,
spanner,136.42,14551,1,11.638,
spanner,136.43,14552,1,11.571,
spanner,136.44,14553,1,10.942,
spanner,136.45,14554,1,10.846,
spanner,136.46,14555,1,10.443,
spanner,136.47,14556,1,10.874,
spanner,136.48,14557,1,12.034,
spanner,136.49,14558,1,10.961,
spanner,136.51,14559,1,11.532,
spanner,136.52,14560,1,9.993,
spanner,136.53,14561,1,7.483,
spanner,136.53,14562,1,8.597,
spanner,136.54,14563,1,8.237,
spanner,136.55,14564,1,8.613,
spanner,136.56,14565,1,8.926,
spanner,136.57,14566,1,7.109,
spanner,136.58,14567,1,7.621,
spanner,136.58,14568,1,9.428,
spanner,136.59,14569,1,10.063,
spanner,136.60,14570,1,10.316,
spanner,136.61,14571,1,10.931,
spanner,136.62,14572,1,11.759,
spanner,136.64,14573,1,9.502,
spanner,136.65,14574,1,8.494,
spanner,136.65,14575,1,7.488,
spanner,136.66,14576,1,7.548,
spanner,136.67,14577,1,7.549,
spanner,136.68,14578,1,7.199,
spanner,136.68,14579,1,6.943,
spanner,136.69,14580,1,8.212,
spanner,136.70,14581,1,7.564,
spanner,136.71,14582,1,7.854,
spanner,136.71,14583,1,8.300,
spanner,136.72,14584,1,7.411,
spanner,136.73,14585,1,7.269,
spanner,136.74,14586,1,7.701,
spanner,136.75,14587,1,8.105,
spanner,136.75,14588,1,7.257,
spanner,136.76,14589,1,7.199,
spanner,136.77,14590,1,6.967,
spanner,136.78,14591,1,6.771,
spanner,136.78,14592,1,8.442,
spanner,136.79,14593,1,8.801,
spanner,136.80,14594,1,7.940,
spanner,136.81,14595,1,7.920,
spanner,136.82,14596,1,7.201,
spanner,136.82,14597,1,7.778,
spanner,136.83,14598,1,8.030,
spanner,136.84,14599,1,8.460,
spanner,136.85,14600,1,8.431,
spanner,136.86,14601,1,8.826,
spanner,136.86,14602,1,9.511,
spanner,136.87,14603,1,8.868,
spanner,136.88,14604,1,12.103,
spanner,136.89,14605,1,11.796,
spanner,136.91,14606,1,12.917,
spanner,136.92,14607,1,11.853,
spanner,136.93,14608,1,12.330,
spanner,136.94,14609,1,8.533,
spanner,136.95,14610,1,9.675,
spanner,136.96,14611,1,8.330,
spanner,136.97,14612,1,8.402,
spanner,136.98,14613,1,8.514,
spanner,136.99,14614,1,8.320,
spanner,137.00,14615,1,7.976,
spanner,137.00,14616,1,8.077,
spanner,137.01,14617,1,8.065,
spanner,137.02,14618,1,7.920,
spanner,137.03,14619,1,8.849,
spanner,137.04,14620,1,9.492,
spanner,137.05,14621,1,10.982,
spanner,137.06,14622,1,9.983,
spanner,137.07,14623,1,11.805,
spanner,137.08,14624,1,10.002,
spanner,137.09,14625,1,11.900,
spanner,137.10,14626,1,12.239,
spanner,137.11,14627,1,12.732,
spanner,137.13,14628,1,12.617,
spanner,137.14,14629,1,11.432,
spanner,137.15,14630,1,13.835,
spanner,137.16,14631,1,13.040,
spanner,137.18,14632,1,12.673,
spanner,137.19,14633,1,14.150,
spanner,137.20,14634,1,13.471,
spanner,137.22,14635,1,12.697,
spanner,137.23,14636,1,12.523,
spanner,137.24,14637,1,11.375,
spanner,137.25,14638,1,10.884,
spanner,137.27,14639,1,11.730,
spanner,137.28,14640,1,14.497,
spanner,137.29,14641,1,14.095,
spanner,137.31,14642,1,10.664,
spanner,137.32,14643,1,12.115,
spanner,137.33,14644,1,12.266,
spanner,137.34,14645,1,12.321,
spanner,137.35,14646,1,10.930,
spanner,137.36,14647,1,12.243,
spanner,137.38,14648,1,11.343,
spanner,137.39,14649,1,13.009,
spanner,137.40,14650,1,12.575,
spanner,137.41,14651,1,10.913,
spanner,137.42,14652,1,13.297,
spanner,137.44,14653,1,13.538,
spanner,137.45,14654,1,13.852,
spanner,137.47,14655,1,14.683,
spanner,137.48,14656,1,11.812,
spanner,137.49,14657,1,9.425,
spanner,137.50,14658,1,8.665,
spanner,137.51,14659,1,9.149,
spanner,137.52,14660,1,10.349,
spanner,137.53,14661,1,12.382,
spanner,137.54,14662,1,12.397,
spanner,137.55,14663,1,14.123,
spanner,137.57,14664,1,15.120,
spanner,137.58,14665,1,11.651,
spanner,137.60,14666,1,12.531,
spanner,137.61,14667,1,11.611,
spanner,137.62,14668,1,11.893,
spanner,137.63,14669,1,8.434,
spanner,137.64,14670,1,7.329,
spanner,137.65,14671,1,6.972,
spanner,137.65,14672,1,7.126,
spanner,137.66,14673,1,6.963,
spanner,137.67,14674,1,6.115,
spanner,137.68,14675,1,6.221,
spanner,137.68,14676,1,6.044,
spanner,137.69,14677,1,6.198,
spanner,137.69,14678,1,6.883,
spanner,137.70,14679,1,7.652,
spanner,137.71,14680,1,7.251,
spanner,137.72,14681,1,6.537,
spanner,137.72,14682,1,7.572,
spanner,137.73,14683,1,8.324,
spanner,137.74,14684,1,7.331,
spanner,137.75,14685,1,7.170,
spanner,137.75,14686,1,6.916,
spanner,137.76,14687,1,6.866,
spanner,137.77,14688,1,6.666,
spanner,137.77,14689,1,6.593,
spanner,137.78,14690,1,6.449,
spanner,137.79,14691,1,6.436,
spanner,137.79,14692,1,6.986,
spanner,137.80,14693,1,6.597,
spanner,137.81,14694,1,5.920,
spanner,137.81,14695,1,6.698,
spanner,137.82,14696,1,6.237,
spanner,137.83,14697,1,6.184,
spanner,137.83,14698,1,5.886,
spanner,137.84,14699,1,5.857,
spanner,137.84,14700,1,6.035,
spanner,137.85,14701,1,6.103,
spanner,137.86,14702,1,7.128,
spanner,137.86,14703,1,6.418,
spanner,137.87,14704,1,6.126,
spanner,137.88,14705,1,6.181,
spanner,137.88,14706,1,6.333,
spanner,137.89,14707,1,6.472,
spanner,137.89,14708,1,7.183,
spanner,137.90,14709,1,7.251,
spanner,137.91,14710,1,8.104,
spanner,137.92,14711,1,8.352,
spanner,137.93,14712,1,8.144,
spanner,137.93,14713,1,6.969,
spanner,137.94,14714,1,6.948,
spanner,137.95,14715,1,7.277,
spanner,137.95,14716,1,7.031,
spanner,137.96,14717,1,7.055,
spanner,137.97,14718,1,8.909,
spanner,137.98,14719,1,9.735,
spanner,137.99,14720,1,6.596,
spanner,137.99,14721,1,6.305,
spanner,138.00,14722,1,6.462,
spanner,138.01,14723,1,7.312,
spanner,138.01,14724,1,6.632,
spanner,138.02,14725,1,7.991,
spanner,138.03,14726,1,7.289,
spanner,138.04,14727,1,7.455,
spanner,138.04,14728,1,5.661,
spanner,138.05,14729,1,6.053,
spanner,138.06,14730,1,6.450,
spanner,138.06,14731,1,7.263,
spanner,138.07,14732,1,10.358,
spanner,138.08,14733,1,8.499,
spanner,138.09,14734,1,7.609,
spanner,138.10,14735,1,7.378,
spanner,138.10,14736,1,9.022,
spanner,138.11,14737,1,10.161,
spanner,138.12,14738,1,10.487,
spanner,138.13,14739,1,8.223,
spanner,138.14,14740,1,7.558,
spanner,138.15,14741,1,9.902,
spanner,138.16,14742,1,10.092,
spanner,138.17,14743,1,9.129,
spanner,138.18,14744,1,7.905,
spanner,138.19,14745,1,7.283,
spanner,138.19,14746,1,6.207,
spanner,138.20,14747,1,6.342,
spanner,138.21,14748,1,7.495,
spanner,138.21,14749,1,7.082,
spanner,138.22,14750,1,9.661,
spanner,138.23,14751,1,8.673,
spanner,138.24,14752,1,8.713,
spanner,138.25,14753,1,10.931,
spanner,138.26,14754,1,9.474,
spanner,138.27,14755,1,9.544,
spanner,138.28,14756,1,9.561,
spanner,138.29,14757,1,9.905,
spanner,138.30,14758,1,9.008,
spanner,138.31,14759,1,7.436,
spanner,138.31,14760,1,8.194,
spanner,138.32,14761,1,7.671,
spanner,138.33,14762,1,9.303,
spanner,138.34,14763,1,10.021,
spanner,138.35,14764,1,7.865,
spanner,138.36,14765,1,7.085,
spanner,138.36,14766,1,7.671,
spanner,138.37,14767,1,8.911,
spanner,138.38,14768,1,8.430,
spanner,138.39,14769,1,8.625,
spanner,138.40,14770,1,9.335,
spanner,138.41,14771,1,8.783,
spanner,138.42,14772,1,10.206,
spanner,138.43,14773,1,10.300,
spanner,138.44,14774,1,11.446,
spanner,138.45,14775,1,9.575,
spanner,138.46,14776,1,10.998,
spanner,138.47,14777,1,9.044,
spanner,138.48,14778,1,7.135,
spanner,138.49,14779,1,7.209,
spanner,138.49,14780,1,7.292,
spanner,138.50,14781,1,6.442,
spanner,138.51,14782,1,8.158,
spanner,138.51,14783,1,9.583,
spanner,138.52,14784,1,7.984,
spanner,138.53,14785,1,7.611,
spanner,138.54,14786,1,9.632,
spanner,138.55,14787,1,9.538,
spanner,138.56,14788,1,11.095,
spanner,138.57,14789,1,12.593,
spanner,138.58,14790,1,10.138,
spanner,138.59,14791,1,12.151,
spanner,138.61,14792,1,12.318,
spanner,138.62,14793,1,10.126,
spanner,138.63,14794,1,8.800,
spanner,138.64,14795,1,9.959,
spanner,138.65,14796,1,8.830,
spanner,138.66,14797,1,9.756,
spanner,138.67,14798,1,12.129,
spanner,138.68,14799,1,12.938,
spanner,138.69,14800,1,10.611,
spanner,138.70,14801,1,11.538,
spanner,138.71,14802,1,9.253,
spanner,138.72,14803,1,8.748,
spanner,138.73,14804,1,9.175,
spanner,138.74,14805,1,11.683,
spanner,138.75,14806,1,9.654,
spanner,138.76,14807,1,9.193,
spanner,138.77,14808,1,8.981,
spanner,138.78,14809,1,10.469,
spanner,138.79,14810,1,12.149,
spanner,138.80,14811,1,8.686,
spanner,138.81,14812,1,8.293,
spanner,138.82,14813,1,8.447,
spanner,138.83,14814,1,9.833,
spanner,138.84,14815,1,10.565,
spanner,138.85,14816,1,10.302,
spanner,138.86,14817,1,11.709,
spanner,138.87,14818,1,10.597,
spanner,138.88,14819,1,8.897,
spanner,138.89,14820,1,8.012,
spanner,138.90,14821,1,7.735,
spanner,138.91,14822,1,9.069,
spanner,138.92,14823,1,7.492,
spanner,138.92,14824,1,7.376,
spanner,138.93,14825,1,7.333,
spanner,138.94,14826,1,9.163,
spanner,138.95,14827,1,9.630,
spanner,138.96,14828,1,9.887,
spanner,138.97,14829,1,9.205,
spanner,138.98,14830,1,11.041,
spanner,138.99,14831,1,8.739,
spanner,139.00,14832,1,8.168,
spanner,139.00,14833,1,8.015,
spanner,139.01,14834,1,8.316,
spanner,139.02,14835,1,7.625,
spanner,139.03,14836,1,8.018,
spanner,139.04,14837,1,8.471,
spanner,139.04,14838,1,10.089,
spanner,139.05,14839,1,10.687,
spanner,139.06,14840,1,13.034,
spanner,139.08,14841,1,11.535,
spanner,139.09,14842,1,11.371,
spanner,139.10,14843,1,10.457,
spanner,139.11,14844,1,10.185,
spanner,139.12,14845,1,11.652,
spanner,139.13,14846,1,13.808,
spanner,139.15,14847,1,12.462,
spanner,139.16,14848,1,13.368,
spanner,139.17,14849,1,11.950,
spanner,139.19,14850,1,10.158,
spanner,139.20,14851,1,14.204,
spanner,139.21,14852,1,12.936,
spanner,139.22,14853,1,8.882,
spanner,139.23,14854,1,8.073,
spanner,139.24,14855,1,11.005,
spanner,139.25,14856,1,10.815,
spanner,139.26,14857,1,9.680,
spanner,139.27,14858,1,10.550,
spanner,139.28,14859,1,9.927,
spanner,139.29,14860,1,12.424,
spanner,139.30,14861,1,13.360,
spanner,139.32,14862,1,11.919,
spanner,139.33,14863,1,12.099,
spanner,139.34,14864,1,9.274,
spanner,139.35,14865,1,9.914,
spanner,139.36,14866,1,10.052,
spanner,139.37,14867,1,9.850,
spanner,139.38,14868,1,9.328,
spanner,139.39,14869,1,8.984,
spanner,139.40,14870,1,11.082,
spanner,139.41,14871,1,13.239,
spanner,139.42,14872,1,13.737,
spanner,139.44,14873,1,12.616,
spanner,139.45,14874,1,11.737,
spanner,139.46,14875,1,12.575,
spanner,139.47,14876,1,12.713,
spanner,139.49,14877,1,12.745,
spanner,139.50,14878,1,12.690,
spanner,139.51,14879,1,13.029,
spanner,139.53,14880,1,9.950,
spanner,139.54,14881,1,8.722,
spanner,139.54,14882,1,9.344,
spanner,139.55,14883,1,8.439,
spanner,139.56,14884,1,9.177,
spanner,139.57,14885,1,10.594,
spanner,139.58,14886,1,10.721,
spanner,139.59,14887,1,11.830,
spanner,139.61,14888,1,12.617,
spanner,139.62,14889,1,12.593,
spanner,139.63,14890,1,10.787,
spanner,139.64,14891,1,9.206,
spanner,139.65,14892,1,7.797,
spanner,139.66,14893,1,6.797,
spanner,139.67,14894,1,8.220,
spanner,139.67,14895,1,7.329,
spanner,139.68,14896,1,6.819,
spanner,139.69,14897,1,7.397,
spanner,139.70,14898,1,7.123,
spanner,139.70,14899,1,7.688,
spanner,139.71,14900,1,7.259,
spanner,139.72,14901,1,7.609,
spanner,139.73,14902,1,8.235,
spanner,139.73,14903,1,7.816,
spanner,139.74,14904,1,6.925,
spanner,139.75,14905,1,7.472,
spanner,139.76,14906,1,6.838,
spanner,139.76,14907,1,8.392,
spanner,139.77,14908,1,7.083,
spanner,139.78,14909,1,8.850,
spanner,139.79,14910,1,7.921,
spanner,139.79,14911,1,8.091,
spanner,139.80,14912,1,6.529,
spanner,139.81,14913,1,7.315,
spanner,139.82,14914,1,7.633,
spanner,139.82,14915,1,7.051,
spanner,139.83,14916,1,5.995,
spanner,139.84,14917,1,6.673,
spanner,139.84,14918,1,5.868,
spanner,139.85,14919,1,6.048,
spanner,139.86,14920,1,6.217,
spanner,139.86,14921,1,6.723,
spanner,139.87,14922,1,7.573,
spanner,139.88,14923,1,7.030,
spanner,139.88,14924,1,7.572,
spanner,139.89,14925,1,6.410,
spanner,139.90,14926,1,5.836,
spanner,139.90,14927,1,5.833,
spanner,139.91,14928,1,6.320,
spanner,139.92,14929,1,6.652,
spanner,139.92,14930,1,6.606,
spanner,139.93,14931,1,6.398,
spanner,139.94,14932,1,6.346,
spanner,139.94,14933,1,6.445,
spanner,139.95,14934,1,7.067,
spanner,139.96,14935,1,8.405,
spanner,139.96,14936,1,7.166,
spanner,139.97,14937,1,7.115,
spanner,139.98,14938,1,10.105,
spanner,139.99,14939,1,10.116,
spanner,140.00,14940,1,7.312,
spanner,140.01,14941,1,6.932,
spanner,140.01,14942,1,7.764,
spanner,140.02,14943,1,6.660,
spanner,140.03,14944,1,7.122,
spanner,140.03,14945,1,7.738,
spanner,140.04,14946,1,7.083,
spanner,140.05,14947,1,6.471,
spanner,140.06,14948,1,6.670,
spanner,140.06,14949,1,6.386,
spanner,140.07,14950,1,6.916,
spanner,140.08,14951,1,6.798,
spanner,140.08,14952,1,6.778,
spanner,140.09,14953,1,8.380,
spanner,140.10,14954,1,8.922,
spanner,140.11,14955,1,8.931,
spanner,140.12,14956,1,8.460,
spanner,140.12,14957,1,9.576,
spanner,140.13,14958,1,10.648,
spanner,140.14,14959,1,9.976,
spanner,140.15,14960,1,11.697,
spanner,140.17,14961,1,11.050,
spanner,140.18,14962,1,11.281,
spanner,140.19,14963,1,11.214,
spanner,140.20,14964,1,12.309,
spanner,140.21,14965,1,10.620,
spanner,140.22,14966,1,11.981,
spanner,140.24,14967,1,11.557,
spanner,140.25,14968,1,12.937,
spanner,140.26,14969,1,10.611,
spanner,140.27,14970,1,7.648,
spanner,140.28,14971,1,6.398,
spanner,140.28,14972,1,6.079,
spanner,140.29,14973,1,6.798,
spanner,140.30,14974,1,9.356,
spanner,140.31,14975,1,10.330,
spanner,140.32,14976,1,10.324,
spanner,140.33,14977,1,9.124,
spanner,140.34,14978,1,7.520,
spanner,140.34,14979,1,10.197,
spanner,140.35,14980,1,9.967,
spanner,140.36,14981,1,9.742,
spanner,140.37,14982,1,9.465,
spanner,140.38,14983,1,7.231,
spanner,140.39,14984,1,6.640,
spanner,140.40,14985,1,6.496,
spanner,140.40,14986,1,7.854,
spanner,140.41,14987,1,8.946,
spanner,140.42,14988,1,9.112,
spanner,140.43,14989,1,11.102,
spanner,140.44,14990,1,9.653,
spanner,140.45,14991,1,10.741,
spanner,140.46,14992,1,11.513,
spanner,140.47,14993,1,10.942,
spanner,140.48,14994,1,10.761,
spanner,140.50,14995,1,10.497,
spanner,140.51,14996,1,9.284,
spanner,140.52,14997,1,10.816,
spanner,140.53,14998,1,7.722,
spanner,140.53,14999,1,6.705,
spanner,140.54,15000,1,7.449,
spanner,140.55,15001,1,7.044,
spanner,140.56,15002,1,8.569,
spanner,140.56,15003,1,8.077,
spanner,140.57,15004,1,7.740,
spanner,140.58,15005,1,7.664,
spanner,140.59,15006,1,7.768,
spanner,140.60,15007,1,7.440,
spanner,140.60,15008,1,6.938,
spanner,140.61,15009,1,6.688,
spanner,140.62,15010,1,7.795,
spanner,140.62,15011,1,9.451,
spanner,140.63,15012,1,7.422,
spanner,140.64,15013,1,7.339,
spanner,140.65,15014,1,7.769,
spanner,140.66,15015,1,9.187,
spanner,140.67,15016,1,10.351,
spanner,140.68,15017,1,9.856,
spanner,140.69,15018,1,10.053,
spanner,140.70,15019,1,9.852,
spanner,140.71,15020,1,10.510,
spanner,140.72,15021,1,8.214,
spanner,140.72,15022,1,7.823,
spanner,140.73,15023,1,9.770,
spanner,140.74,15024,1,10.147,
spanner,140.75,15025,1,7.832,
spanner,140.76,15026,1,8.403,
spanner,140.77,15027,1,7.987,
spanner,140.78,15028,1,7.789,
spanner,140.78,15029,1,7.665,
spanner,140.79,15030,1,8.321,
spanner,140.80,15031,1,7.546,
spanner,140.81,15032,1,7.082,
spanner,140.82,15033,1,7.694,
spanner,140.82,15034,1,8.290,
spanner,140.83,15035,1,8.150,
spanner,140.84,15036,1,8.185,
spanner,140.85,15037,1,8.127,
spanner,140.86,15038,1,8.400,
spanner,140.86,15039,1,8.512,
spanner,140.87,15040,1,7.752,
spanner,140.88,15041,1,7.622,
spanner,140.89,15042,1,8.692,
spanner,140.90,15043,1,9.848,
spanner,140.91,15044,1,8.760,
spanner,140.92,15045,1,9.862,
spanner,140.93,15046,1,12.912,
spanner,140.94,15047,1,10.362,
spanner,140.95,15048,1,9.164,
spanner,140.96,15049,1,8.172,
spanner,140.97,15050,1,7.785,
spanner,140.97,15051,1,8.511,
spanner,140.98,15052,1,8.687,
spanner,140.99,15053,1,8.690,
spanner,141.00,15054,1,9.737,
spanner,141.01,15055,1,9.965,
spanner,141.02,15056,1,9.310,
spanner,141.03,15057,1,11.277,
spanner,141.04,15058,1,12.970,
spanner,141.05,15059,1,11.212,
spanner,141.06,15060,1,9.997,
spanner,141.08,15061,1,10.121,
spanner,141.09,15062,1,9.163,
spanner,141.09,15063,1,8.093,
spanner,141.10,15064,1,7.978,
spanner,141.11,15065,1,7.742,
spanner,141.12,15066,1,7.767,
spanner,141.13,15067,1,7.591,
spanner,141.13,15068,1,8.063,
spanner,141.14,15069,1,9.588,
spanner,141.15,15070,1,11.921,
spanner,141.16,15071,1,11.406,
spanner,141.17,15072,1,12.296,
spanner,141.19,15073,1,12.225,
spanner,141.20,15074,1,12.712,
spanner,141.21,15075,1,15.634,
spanner,141.23,15076,1,12.809,
spanner,141.24,15077,1,12.888,
spanner,141.25,15078,1,12.904,
spanner,141.27,15079,1,11.580,
spanner,141.28,15080,1,12.971,
spanner,141.29,15081,1,11.289,
spanner,141.30,15082,1,12.123,
spanner,141.31,15083,1,11.245,
spanner,141.33,15084,1,12.699,
spanner,141.34,15085,1,10.587,
spanner,141.35,15086,1,9.172,
spanner,141.36,15087,1,8.360,
spanner,141.37,15088,1,12.138,
spanner,141.38,15089,1,9.314,
spanner,141.39,15090,1,9.687,
spanner,141.40,15091,1,11.281,
spanner,141.41,15092,1,11.540,
spanner,141.42,15093,1,12.950,
spanner,141.43,15094,1,10.735,
spanner,141.44,15095,1,10.452,
spanner,141.46,15096,1,11.708,
spanner,141.47,15097,1,13.918,
spanner,141.48,15098,1,10.242,
spanner,141.49,15099,1,9.347,
spanner,141.50,15100,1,7.365,
spanner,141.51,15101,1,6.470,
spanner,141.51,15102,1,8.196,
spanner,141.52,15103,1,10.146,
spanner,141.53,15104,1,10.690,
spanner,141.54,15105,1,9.643,
spanner,141.55,15106,1,7.051,
spanner,141.56,15107,1,8.039,
spanner,141.57,15108,1,7.463,
spanner,141.58,15109,1,6.688,
spanner,141.58,15110,1,6.968,
spanner,141.59,15111,1,7.817,
spanner,141.60,15112,1,8.572,
spanner,141.61,15113,1,7.403,
spanner,141.61,15114,1,8.602,
spanner,141.62,15115,1,9.037,
spanner,141.63,15116,1,10.745,
spanner,141.64,15117,1,11.176,
spanner,141.65,15118,1,6.122,
spanner,141.66,15119,1,6.605,
spanner,141.67,15120,1,6.560,
spanner,141.67,15121,1,6.247,
spanner,141.68,15122,1,9.314,
spanner,141.69,15123,1,7.525,
spanner,141.70,15124,1,7.610,
spanner,141.70,15125,1,8.495,
spanner,141.71,15126,1,7.606,
spanner,141.72,15127,1,7.597,
spanner,141.73,15128,1,7.721,
spanner,141.74,15129,1,7.111,
spanner,141.74,15130,1,6.280,
spanner,141.75,15131,1,6.618,
spanner,141.76,15132,1,7.067,
spanner,141.76,15133,1,7.012,
spanner,141.77,15134,1,8.044,
spanner,141.78,15135,1,8.267,
spanner,141.79,15136,1,9.063,
spanner,141.79,15137,1,9.907,
spanner,141.80,15138,1,6.953,
spanner,141.81,15139,1,6.697,
spanner,141.82,15140,1,7.215,
spanner,141.83,15141,1,7.169,
spanner,141.83,15142,1,8.102,
spanner,141.84,15143,1,7.300,
spanner,141.85,15144,1,5.988,
spanner,141.85,15145,1,6.835,
spanner,141.86,15146,1,6.364,
spanner,141.87,15147,1,6.219,
spanner,141.87,15148,1,6.252,
spanner,141.88,15149,1,6.462,
spanner,141.89,15150,1,6.703,
spanner,141.89,15151,1,6.496,
spanner,141.90,15152,1,6.283,
spanner,141.91,15153,1,7.512,
spanner,141.91,15154,1,8.443,
spanner,141.92,15155,1,8.475,
spanner,141.93,15156,1,6.664,
spanner,141.94,15157,1,6.344,
spanner,141.94,15158,1,6.876,
spanner,141.95,15159,1,6.197,
spanner,141.96,15160,1,7.745,
spanner,141.96,15161,1,7.383,
spanner,141.97,15162,1,7.352,
spanner,141.98,15163,1,9.325,
spanner,141.99,15164,1,8.485,
spanner,142.00,15165,1,10.421,
spanner,142.01,15166,1,9.361,
spanner,142.02,15167,1,8.382,
spanner,142.03,15168,1,7.985,
spanner,142.03,15169,1,8.142,
spanner,142.04,15170,1,9.410,
spanner,142.05,15171,1,8.001,
spanner,142.06,15172,1,7.173,
spanner,142.07,15173,1,7.501,
spanner,142.07,15174,1,8.401,
spanner,142.08,15175,1,8.447,
spanner,142.09,15176,1,7.497,
spanner,142.10,15177,1,6.794,
spanner,142.11,15178,1,7.478,
spanner,142.11,15179,1,7.556,
spanner,142.12,15180,1,9.070,
spanner,142.13,15181,1,8.850,
spanner,142.14,15182,1,12.306,
spanner,142.15,15183,1,11.407,
spanner,142.16,15184,1,11.563,
spanner,142.17,15185,1,9.367,
spanner,142.18,15186,1,10.141,
spanner,142.19,15187,1,10.877,
spanner,142.20,15188,1,9.328,
spanner,142.21,15189,1,9.086,
spanner,142.22,15190,1,8.109,
spanner,142.23,15191,1,7.547,
spanner,142.24,15192,1,6.966,
spanner,142.25,15193,1,6.733,
spanner,142.25,15194,1,6.998,
spanner,142.26,15195,1,8.484,
spanner,142.27,15196,1,11.408,
spanner,142.28,15197,1,11.865,
spanner,142.29,15198,1,12.327,
spanner,142.30,15199,1,11.305,
spanner,142.31,15200,1,10.055,
spanner,142.33,15201,1,12.264,
spanner,142.34,15202,1,10.707,
spanner,142.35,15203,1,9.101,
spanner,142.36,15204,1,7.958,
spanner,142.37,15205,1,8.488,
spanner,142.37,15206,1,7.843,
spanner,142.38,15207,1,9.330,
spanner,142.39,15208,1,11.064,
spanner,142.40,15209,1,11.733,
spanner,142.41,15210,1,10.513,
spanner,142.42,15211,1,9.808,
spanner,142.43,15212,1,9.310,
spanner,142.44,15213,1,8.166,
spanner,142.45,15214,1,7.557,
spanner,142.46,15215,1,7.575,
spanner,142.47,15216,1,7.716,
spanner,142.47,15217,1,7.861,
spanner,142.48,15218,1,8.187,
spanner,142.49,15219,1,11.525,
spanner,142.50,15220,1,11.999,
spanner,142.51,15221,1,10.329,
spanner,142.52,15222,1,13.256,
spanner,142.54,15223,1,8.924,
spanner,142.55,15224,1,10.348,
spanner,142.56,15225,1,11.799,
spanner,142.57,15226,1,11.669,
spanner,142.58,15227,1,10.958,
spanner,142.59,15228,1,12.705,
spanner,142.60,15229,1,8.352,
spanner,142.61,15230,1,8.033,
spanner,142.62,15231,1,7.841,
spanner,142.63,15232,1,7.198,
spanner,142.64,15233,1,7.144,
spanner,142.64,15234,1,8.606,
spanner,142.65,15235,1,7.450,
spanner,142.66,15236,1,7.253,
spanner,142.67,15237,1,8.258,
spanner,142.68,15238,1,7.795,
spanner,142.68,15239,1,7.943,
spanner,142.69,15240,1,8.419,
spanner,142.70,15241,1,8.857,
spanner,142.71,15242,1,8.573,
spanner,142.72,15243,1,8.866,
spanner,142.73,15244,1,7.824,
spanner,142.73,15245,1,8.036,
spanner,142.74,15246,1,8.444,
spanner,142.75,15247,1,7.824,
spanner,142.76,15248,1,7.743,
spanner,142.77,15249,1,7.892,
spanner,142.77,15250,1,7.885,
spanner,142.78,15251,1,8.171,
spanner,142.79,15252,1,8.048,
spanner,142.80,15253,1,8.606,
spanner,142.81,15254,1,7.945,
spanner,142.81,15255,1,8.177,
spanner,142.82,15256,1,8.133,
spanner,142.83,15257,1,8.297,
spanner,142.84,15258,1,8.006,
spanner,142.85,15259,1,7.509,
spanner,142.86,15260,1,8.128,
spanner,142.86,15261,1,8.725,
spanner,142.87,15262,1,14.628,
spanner,142.89,15263,1,10.397,
spanner,142.90,15264,1,9.755,
spanner,142.91,15265,1,9.056,
spanner,142.92,15266,1,9.268,
spanner,142.93,15267,1,8.036,
spanner,142.93,15268,1,8.275,
spanner,142.94,15269,1,8.716,
spanner,142.95,15270,1,9.717,
spanner,142.96,15271,1,8.412,
spanner,142.97,15272,1,8.364,
spanner,142.98,15273,1,9.057,
spanner,142.99,15274,1,9.577,
spanner,143.00,15275,1,8.204,
spanner,143.00,15276,1,8.336,
spanner,143.01,15277,1,8.290,
spanner,143.02,15278,1,8.634,
spanner,143.03,15279,1,7.948,
spanner,143.04,15280,1,8.098,
spanner,143.05,15281,1,10.484,
spanner,143.06,15282,1,10.459,
spanner,143.07,15283,1,9.989,
spanner,143.08,15284,1,12.277,
spanner,143.09,15285,1,12.825,
spanner,143.10,15286,1,12.329,
spanner,143.11,15287,1,11.730,
spanner,143.13,15288,1,12.983,
spanner,143.14,15289,1,14.611,
spanner,143.15,15290,1,13.289,
spanner,143.17,15291,1,13.763,
spanner,143.18,15292,1,13.846,
spanner,143.19,15293,1,13.797,
spanner,143.21,15294,1,9.825,
spanner,143.22,15295,1,9.073,
spanner,143.23,15296,1,10.428,
spanner,143.24,15297,1,12.572,
spanner,143.25,15298,1,12.563,
spanner,143.26,15299,1,10.137,
spanner,143.27,15300,1,9.210,
spanner,143.28,15301,1,8.796,
spanner,143.29,15302,1,8.823,
spanner,143.30,15303,1,8.036,
spanner,143.31,15304,1,9.007,
spanner,143.32,15305,1,11.602,
spanner,143.33,15306,1,13.257,
spanner,143.34,15307,1,12.036,
spanner,143.35,15308,1,9.712,
spanner,143.36,15309,1,9.425,
spanner,143.37,15310,1,10.471,
spanner,143.38,15311,1,9.113,
spanner,143.39,15312,1,8.334,
spanner,143.40,15313,1,10.489,
spanner,143.41,15314,1,10.952,
spanner,143.42,15315,1,10.407,
spanner,143.43,15316,1,9.074,
spanner,143.44,15317,1,8.497,
spanner,143.45,15318,1,9.004,
spanner,143.46,15319,1,6.856,
spanner,143.47,15320,1,6.650,
spanner,143.47,15321,1,7.835,
spanner,143.48,15322,1,7.827,
spanner,143.49,15323,1,7.357,
spanner,143.50,15324,1,6.404,
spanner,143.50,15325,1,6.295,
spanner,143.51,15326,1,7.573,
spanner,143.52,15327,1,8.676,
spanner,143.53,15328,1,8.950,
spanner,143.53,15329,1,9.751,
spanner,143.54,15330,1,9.985,
spanner,143.55,15331,1,11.353,
spanner,143.57,15332,1,10.322,
spanner,143.58,15333,1,7.886,
spanner,143.58,15334,1,6.334,
spanner,143.59,15335,1,7.040,
spanner,143.60,15336,1,7.377,
spanner,143.61,15337,1,8.325,
spanner,143.61,15338,1,8.467,
spanner,143.62,15339,1,7.272,
spanner,143.63,15340,1,6.904,
spanner,143.64,15341,1,9.381,
spanner,143.65,15342,1,7.737,
spanner,143.65,15343,1,6.904,
spanner,143.66,15344,1,5.993,
spanner,143.67,15345,1,6.774,
spanner,143.67,15346,1,6.966,
spanner,143.68,15347,1,6.117,
spanner,143.69,15348,1,6.908,
spanner,143.69,15349,1,6.112,
spanner,143.70,15350,1,6.406,
spanner,143.71,15351,1,6.683,
spanner,143.71,15352,1,6.616,
spanner,143.72,15353,1,6.855,
spanner,143.73,15354,1,6.953,
spanner,143.73,15355,1,7.558,
spanner,143.74,15356,1,7.807,
spanner,143.75,15357,1,7.967,
spanner,143.76,15358,1,11.096,
spanner,143.77,15359,1,10.331,
spanner,143.78,15360,1,9.703,
spanner,143.79,15361,1,8.896,
spanner,143.80,15362,1,8.633,
spanner,143.81,15363,1,8.112,
spanner,143.81,15364,1,7.975,
spanner,143.82,15365,1,9.165,
spanner,143.83,15366,1,8.753,
spanner,143.84,15367,1,8.808,
spanner,143.85,15368,1,8.339,
spanner,143.86,15369,1,9.598,
spanner,143.87,15370,1,7.518,
spanner,143.87,15371,1,6.708,
spanner,143.88,15372,1,7.984,
spanner,143.89,15373,1,7.196,
spanner,143.90,15374,1,6.481,
spanner,143.90,15375,1,6.280,
spanner,143.91,15376,1,5.842,
spanner,143.91,15377,1,5.966,
spanner,143.92,15378,1,5.928,
spanner,143.93,15379,1,6.590,
spanner,143.93,15380,1,6.897,
spanner,143.94,15381,1,6.846,
spanner,143.95,15382,1,7.133,
spanner,143.95,15383,1,9.313,
spanner,143.96,15384,1,6.882,
spanner,143.97,15385,1,7.341,
spanner,143.98,15386,1,8.231,
spanner,143.99,15387,1,7.172,
spanner,143.99,15388,1,6.499,
spanner,144.00,15389,1,7.261,
spanner,144.01,15390,1,6.837,
spanner,144.01,15391,1,6.021,
spanner,144.02,15392,1,7.377,
spanner,144.03,15393,1,9.897,
spanner,144.04,15394,1,11.154,
spanner,144.05,15395,1,10.246,
spanner,144.06,15396,1,9.858,
spanner,144.07,15397,1,9.050,
spanner,144.08,15398,1,8.943,
spanner,144.09,15399,1,9.405,
spanner,144.10,15400,1,10.040,
spanner,144.11,15401,1,12.083,
spanner,144.12,15402,1,11.211,
spanner,144.13,15403,1,11.279,
spanner,144.14,15404,1,9.800,
spanner,144.15,15405,1,7.921,
spanner,144.16,15406,1,10.771,
spanner,144.17,15407,1,10.334,
spanner,144.18,15408,1,9.890,
spanner,144.19,15409,1,11.204,
spanner,144.20,15410,1,10.355,
spanner,144.21,15411,1,9.934,
spanner,144.22,15412,1,8.883,
spanner,144.23,15413,1,8.363,
spanner,144.24,15414,1,7.974,
spanner,144.25,15415,1,9.403,
spanner,144.26,15416,1,11.187,
spanner,144.27,15417,1,11.622,
spanner,144.28,15418,1,9.544,
spanner,144.29,15419,1,7.663,
spanner,144.30,15420,1,7.388,
spanner,144.30,15421,1,6.511,
spanner,144.31,15422,1,6.997,
spanner,144.32,15423,1,7.443,
spanner,144.32,15424,1,7.476,
spanner,144.33,15425,1,7.742,
spanner,144.34,15426,1,8.127,
spanner,144.35,15427,1,7.655,
spanner,144.36,15428,1,8.074,
spanner,144.36,15429,1,9.907,
spanner,144.37,15430,1,9.827,
spanner,144.38,15431,1,6.843,
spanner,144.39,15432,1,6.898,
spanner,144.40,15433,1,9.562,
spanner,144.41,15434,1,10.558,
spanner,144.42,15435,1,11.874,
spanner,144.43,15436,1,10.795,
spanner,144.44,15437,1,11.444,
spanner,144.45,15438,1,10.562,
spanner,144.46,15439,1,9.729,
spanner,144.47,15440,1,11.134,
spanner,144.48,15441,1,10.224,
spanner,144.49,15442,1,9.790,
spanner,144.50,15443,1,7.056,
spanner,144.51,15444,1,6.654,
spanner,144.52,15445,1,6.739,
spanner,144.52,15446,1,7.107,
spanner,144.53,15447,1,6.874,
spanner,144.54,15448,1,7.192,
spanner,144.55,15449,1,7.929,
spanner,144.55,15450,1,9.029,
spanner,144.56,15451,1,9.856,
spanner,144.57,15452,1,8.907,
spanner,144.58,15453,1,7.654,
spanner,144.59,15454,1,7.240,
spanner,144.60,15455,1,7.344,
spanner,144.60,15456,1,7.929,
spanner,144.61,15457,1,7.742,
spanner,144.62,15458,1,7.512,
spanner,144.63,15459,1,8.172,
spanner,144.63,15460,1,9.142,
spanner,144.64,15461,1,9.194,
spanner,144.65,15462,1,9.409,
spanner,144.66,15463,1,8.237,
spanner,144.67,15464,1,7.905,
spanner,144.68,15465,1,7.452,
spanner,144.69,15466,1,7.944,
spanner,144.69,15467,1,9.259,
spanner,144.70,15468,1,9.073,
spanner,144.71,15469,1,8.158,
spanner,144.72,15470,1,9.333,
spanner,144.73,15471,1,7.868,
spanner,144.74,15472,1,7.749,
spanner,144.75,15473,1,8.432,
spanner,144.75,15474,1,7.894,
spanner,144.76,15475,1,7.812,
spanner,144.77,15476,1,7.941,
spanner,144.78,15477,1,8.002,
spanner,144.79,15478,1,8.657,
spanner,144.79,15479,1,12.067,
spanner,144.81,15480,1,11.528,
spanner,144.82,15481,1,11.234,
spanner,144.83,15482,1,9.823,
spanner,144.84,15483,1,11.361,
spanner,144.85,15484,1,10.327,
spanner,144.86,15485,1,9.042,
spanner,144.87,15486,1,8.117,
spanner,144.88,15487,1,8.449,
spanner,144.89,15488,1,9.142,
spanner,144.90,15489,1,8.313,
spanner,144.90,15490,1,8.615,
spanner,144.91,15491,1,8.533,
spanner,144.92,15492,1,8.863,
spanner,144.93,15493,1,9.874,
spanner,144.94,15494,1,10.686,
spanner,144.95,15495,1,11.344,
spanner,144.96,15496,1,9.922,
spanner,144.97,15497,1,13.426,
spanner,144.99,15498,1,13.908,
spanner,145.00,15499,1,13.158,
spanner,145.01,15500,1,13.633,
spanner,145.03,15501,1,12.899,
spanner,145.04,15502,1,13.680,
spanner,145.05,15503,1,13.264,
spanner,145.07,15504,1,12.065,
spanner,145.08,15505,1,13.814,
spanner,145.09,15506,1,13.629,
spanner,145.11,15507,1,11.298,
spanner,145.12,15508,1,11.376,
spanner,145.13,15509,1,11.959,
spanner,145.14,15510,1,11.811,
spanner,145.15,15511,1,12.038,
spanner,145.17,15512,1,13.256,
spanner,145.18,15513,1,11.438,
spanner,145.19,15514,1,9.155,
spanner,145.20,15515,1,8.128,
spanner,145.21,15516,1,9.922,
spanner,145.22,15517,1,9.941,
spanner,145.23,15518,1,9.953,
spanner,145.24,15519,1,9.843,
spanner,145.25,15520,1,8.911,
spanner,145.26,15521,1,7.402,
spanner,145.26,15522,1,8.257,
spanner,145.27,15523,1,7.794,
spanner,145.28,15524,1,7.346,
spanner,145.29,15525,1,7.071,
spanner,145.29,15526,1,7.000,
spanner,145.30,15527,1,6.318,
spanner,145.31,15528,1,6.744,
spanner,145.31,15529,1,9.609,
spanner,145.32,15530,1,8.976,
spanner,145.33,15531,1,8.473,
spanner,145.34,15532,1,9.048,
spanner,145.35,15533,1,8.953,
spanner,145.36,15534,1,9.318,
spanner,145.37,15535,1,9.327,
spanner,145.38,15536,1,10.859,
spanner,145.39,15537,1,8.593,
spanner,145.40,15538,1,6.966,
spanner,145.41,15539,1,8.570,
spanner,145.41,15540,1,9.112,
spanner,145.42,15541,1,8.746,
spanner,145.43,15542,1,12.579,
spanner,145.44,15543,1,10.645,
spanner,145.45,15544,1,9.927,
spanner,145.46,15545,1,10.502,
spanner,145.48,15546,1,10.329,
spanner,145.49,15547,1,11.402,
spanner,145.50,15548,1,12.051,
spanner,145.51,15549,1,10.879,
spanner,145.52,15550,1,11.536,
spanner,145.53,15551,1,10.161,
spanner,145.54,15552,1,10.977,
spanner,145.55,15553,1,8.908,
spanner,145.56,15554,1,6.596,
spanner,145.57,15555,1,6.387,
spanner,145.58,15556,1,6.444,
spanner,145.58,15557,1,6.487,
spanner,145.59,15558,1,6.698,
spanner,145.59,15559,1,6.405,
spanner,145.60,15560,1,5.775,
spanner,145.61,15561,1,6.362,
spanner,145.61,15562,1,7.372,
spanner,145.62,15563,1,6.808,
spanner,145.63,15564,1,6.456,
spanner,145.63,15565,1,6.153,
spanner,145.64,15566,1,6.580,
spanner,145.65,15567,1,6.519,
spanner,145.65,15568,1,6.212,
spanner,145.66,15569,1,7.396,
spanner,145.67,15570,1,6.553,
spanner,145.67,15571,1,6.257,
spanner,145.68,15572,1,6.638,
spanner,145.69,15573,1,7.933,
spanner,145.69,15574,1,7.518,
spanner,145.70,15575,1,8.238,
spanner,145.71,15576,1,7.695,
spanner,145.72,15577,1,7.620,
spanner,145.73,15578,1,7.700,
spanner,145.73,15579,1,9.005,
spanner,145.74,15580,1,7.381,
spanner,145.75,15581,1,6.710,
spanner,145.76,15582,1,7.865,
spanner,145.76,15583,1,7.204,
spanner,145.77,15584,1,6.781,
spanner,145.78,15585,1,6.503,
spanner,145.79,15586,1,6.532,
spanner,145.79,15587,1,6.520,
spanner,145.80,15588,1,6.567,
spanner,145.81,15589,1,6.377,
spanner,145.81,15590,1,5.767,
spanner,145.82,15591,1,6.477,
spanner,145.82,15592,1,6.292,
spanner,145.83,15593,1,5.969,
spanner,145.84,15594,1,5.940,
spanner,145.84,15595,1,6.009,
spanner,145.85,15596,1,5.856,
spanner,145.85,15597,1,5.856,
spanner,145.86,15598,1,6.727,
spanner,145.87,15599,1,6.770,
spanner,145.87,15600,1,8.770,
spanner,145.88,15601,1,10.473,
spanner,145.89,15602,1,10.095,
spanner,145.90,15603,1,8.316,
spanner,145.91,15604,1,8.028,
spanner,145.92,15605,1,9.484,
spanner,145.93,15606,1,8.670,
spanner,145.94,15607,1,7.164,
spanner,145.94,15608,1,6.407,
spanner,145.95,15609,1,6.452,
spanner,145.96,15610,1,6.456,
spanner,145.96,15611,1,6.533,
spanner,145.97,15612,1,7.243,
spanner,145.98,15613,1,7.859,
spanner,145.99,15614,1,8.318,
spanner,145.99,15615,1,7.512,
spanner,146.00,15616,1,7.095,
spanner,146.01,15617,1,7.241,
spanner,146.02,15618,1,7.150,
spanner,146.02,15619,1,7.225,
spanner,146.03,15620,1,6.434,
spanner,146.04,15621,1,6.599,
spanner,146.04,15622,1,6.981,
spanner,146.05,15623,1,6.960,
spanner,146.06,15624,1,6.547,
spanner,146.06,15625,1,8.435,
spanner,146.07,15626,1,10.112,
spanner,146.08,15627,1,10.427,
spanner,146.09,15628,1,8.898,
spanner,146.10,15629,1,7.143,
spanner,146.11,15630,1,8.413,
spanner,146.12,15631,1,8.407,
spanner,146.13,15632,1,7.955,
spanner,146.13,15633,1,8.640,
spanner,146.14,15634,1,8.750,
spanner,146.15,15635,1,8.632,
spanner,146.16,15636,1,8.788,
spanner,146.17,15637,1,8.961,
spanner,146.18,15638,1,9.346,
spanner,146.19,15639,1,9.051,
spanner,146.20,15640,1,10.990,
spanner,146.21,15641,1,10.086,
spanner,146.22,15642,1,10.433,
spanner,146.23,15643,1,9.655,
spanner,146.24,15644,1,12.186,
spanner,146.25,15645,1,11.263,
spanner,146.26,15646,1,11.361,
spanner,146.27,15647,1,9.898,
spanner,146.28,15648,1,10.897,
spanner,146.29,15649,1,10.100,
spanner,146.30,15650,1,9.103,
spanner,146.31,15651,1,8.633,
spanner,146.32,15652,1,8.073,
spanner,146.33,15653,1,9.006,
spanner,146.34,15654,1,10.828,
spanner,146.35,15655,1,11.782,
spanner,146.36,15656,1,10.997,
spanner,146.37,15657,1,13.155,
spanner,146.39,15658,1,12.085,
spanner,146.40,15659,1,11.265,
spanner,146.41,15660,1,8.656,
spanner,146.42,15661,1,11.687,
spanner,146.43,15662,1,13.371,
spanner,146.44,15663,1,13.558,
spanner,146.46,15664,1,11.985,
spanner,146.47,15665,1,11.574,
spanner,146.48,15666,1,12.011,
spanner,146.49,15667,1,12.862,
spanner,146.51,15668,1,11.902,
spanner,146.52,15669,1,12.765,
spanner,146.53,15670,1,10.199,
spanner,146.54,15671,1,7.991,
spanner,146.55,15672,1,7.121,
spanner,146.56,15673,1,7.863,
spanner,146.56,15674,1,9.481,
spanner,146.57,15675,1,8.549,
spanner,146.58,15676,1,7.688,
spanner,146.59,15677,1,7.792,
spanner,146.60,15678,1,7.934,
spanner,146.61,15679,1,8.213,
spanner,146.61,15680,1,10.338,
spanner,146.62,15681,1,12.454,
spanner,146.64,15682,1,13.964,
spanner,146.65,15683,1,12.644,
spanner,146.66,15684,1,11.461,
spanner,146.67,15685,1,11.122,
spanner,146.69,15686,1,11.642,
spanner,146.70,15687,1,14.500,
spanner,146.71,15688,1,12.959,
spanner,146.72,15689,1,15.542,
spanner,146.74,15690,1,10.054,
spanner,146.75,15691,1,8.255,
spanner,146.76,15692,1,8.155,
spanner,146.77,15693,1,7.552,
spanner,146.77,15694,1,7.887,
spanner,146.78,15695,1,9.233,
spanner,146.79,15696,1,11.278,
spanner,146.80,15697,1,7.958,
spanner,146.81,15698,1,7.459,
spanner,146.82,15699,1,7.841,
spanner,146.83,15700,1,8.653,
spanner,146.84,15701,1,9.516,
spanner,146.84,15702,1,9.331,
spanner,146.85,15703,1,7.767,
spanner,146.86,15704,1,8.551,
spanner,146.87,15705,1,9.191,
spanner,146.88,15706,1,8.744,
spanner,146.89,15707,1,8.810,
spanner,146.90,15708,1,9.178,
spanner,146.91,15709,1,8.470,
spanner,146.92,15710,1,8.388,
spanner,146.92,15711,1,8.144,
spanner,146.93,15712,1,8.669,
spanner,146.94,15713,1,8.835,
spanner,146.95,15714,1,9.128,
spanner,146.96,15715,1,8.137,
spanner,146.97,15716,1,8.386,
spanner,146.97,15717,1,8.573,
spanner,146.98,15718,1,8.915,
spanner,146.99,15719,1,8.209,
spanner,147.00,15720,1,8.514,
spanner,147.01,15721,1,8.379,
spanner,147.02,15722,1,9.140,
spanner,147.03,15723,1,8.568,
spanner,147.04,15724,1,8.211,
spanner,147.04,15725,1,8.114,
spanner,147.05,15726,1,9.296,
spanner,147.06,15727,1,9.718,
spanner,147.07,15728,1,11.578,
spanner,147.08,15729,1,12.622,
spanner,147.10,15730,1,12.685,
spanner,147.11,15731,1,11.789,
spanner,147.12,15732,1,11.035,
spanner,147.13,15733,1,11.854,
spanner,147.14,15734,1,12.112,
spanner,147.15,15735,1,12.397,
spanner,147.17,15736,1,13.504,
spanner,147.18,15737,1,13.069,
spanner,147.19,15738,1,12.519,
spanner,147.21,15739,1,12.832,
spanner,147.22,15740,1,13.109,
spanner,147.23,15741,1,10.716,
spanner,147.24,15742,1,11.105,
spanner,147.25,15743,1,10.092,
spanner,147.26,15744,1,11.708,
spanner,147.28,15745,1,11.374,
spanner,147.29,15746,1,10.025,
spanner,147.30,15747,1,11.179,
spanner,147.31,15748,1,9.369,
spanner,147.32,15749,1,9.888,
spanner,147.33,15750,1,7.769,
spanner,147.34,15751,1,6.594,
spanner,147.34,15752,1,7.619,
spanner,147.35,15753,1,6.463,
spanner,147.36,15754,1,6.212,
spanner,147.36,15755,1,5.900,
spanner,147.37,15756,1,6.571,
spanner,147.38,15757,1,7.545,
spanner,147.38,15758,1,8.300,
spanner,147.39,15759,1,10.764,
spanner,147.40,15760,1,10.039,
spanner,147.41,15761,1,10.125,
spanner,147.42,15762,1,7.891,
spanner,147.43,15763,1,8.304,
spanner,147.44,15764,1,9.154,
spanner,147.45,15765,1,9.651,
spanner,147.46,15766,1,10.308,
spanner,147.47,15767,1,9.017,
spanner,147.48,15768,1,8.652,
spanner,147.49,15769,1,8.069,
spanner,147.49,15770,1,7.213,
spanner,147.50,15771,1,6.702,
spanner,147.51,15772,1,6.337,
spanner,147.51,15773,1,6.029,
spanner,147.52,15774,1,5.894,
spanner,147.53,15775,1,6.374,
spanner,147.53,15776,1,7.256,
spanner,147.54,15777,1,7.820,
spanner,147.55,15778,1,9.830,
spanner,147.56,15779,1,10.607,
spanner,147.57,15780,1,9.925,
spanner,147.58,15781,1,9.919,
spanner,147.59,15782,1,11.513,
spanner,147.60,15783,1,9.348,
spanner,147.61,15784,1,9.084,
spanner,147.62,15785,1,11.456,
spanner,147.63,15786,1,10.848,
spanner,147.64,15787,1,10.046,
spanner,147.65,15788,1,6.954,
spanner,147.66,15789,1,6.552,
spanner,147.66,15790,1,6.772,
spanner,147.67,15791,1,7.406,
spanner,147.68,15792,1,9.015,
spanner,147.69,15793,1,9.611,
spanner,147.70,15794,1,8.652,
spanner,147.71,15795,1,7.290,
spanner,147.71,15796,1,6.290,
spanner,147.72,15797,1,6.343,
spanner,147.73,15798,1,6.562,
spanner,147.73,15799,1,7.672,
spanner,147.74,15800,1,7.294,
spanner,147.75,15801,1,7.600,
spanner,147.76,15802,1,7.805,
spanner,147.76,15803,1,7.937,
spanner,147.77,15804,1,7.087,
spanner,147.78,15805,1,6.880,
spanner,147.79,15806,1,6.443,
spanner,147.79,15807,1,7.116,
spanner,147.80,15808,1,7.347,
spanner,147.81,15809,1,6.966,
spanner,147.81,15810,1,7.201,
spanner,147.82,15811,1,7.999,
spanner,147.83,15812,1,8.472,
spanner,147.84,15813,1,8.455,
spanner,147.85,15814,1,7.775,
spanner,147.85,15815,1,8.384,
spanner,147.86,15816,1,7.763,
spanner,147.87,15817,1,10.145,
spanner,147.88,15818,1,8.473,
spanner,147.89,15819,1,9.173,
spanner,147.90,15820,1,9.630,
spanner,147.91,15821,1,7.055,
spanner,147.91,15822,1,7.493,
spanner,147.92,15823,1,7.529,
spanner,147.93,15824,1,6.820,
spanner,147.94,15825,1,6.702,
spanner,147.94,15826,1,6.216,
spanner,147.95,15827,1,6.379,
spanner,147.96,15828,1,6.773,
spanner,147.96,15829,1,6.175,
spanner,147.97,15830,1,5.924,
spanner,147.97,15831,1,6.712,
spanner,147.98,15832,1,6.898,
spanner,147.99,15833,1,6.377,
spanner,147.99,15834,1,6.214,
spanner,148.00,15835,1,6.567,
spanner,148.01,15836,1,9.032,
spanner,148.02,15837,1,10.254,
spanner,148.03,15838,1,10.117,
spanner,148.04,15839,1,11.081,
spanner,148.05,15840,1,10.173,
spanner,148.06,15841,1,11.397,
spanner,148.07,15842,1,9.062,
spanner,148.08,15843,1,7.566,
spanner,148.09,15844,1,7.921,
spanner,148.09,15845,1,8.638,
spanner,148.10,15846,1,7.766,
spanner,148.11,15847,1,8.471,
spanner,148.12,15848,1,11.050,
spanner,148.13,15849,1,8.791,
spanner,148.14,15850,1,8.255,
spanner,148.15,15851,1,10.432,
spanner,148.16,15852,1,10.502,
spanner,148.17,15853,1,10.710,
spanner,148.18,15854,1,12.068,
spanner,148.19,15855,1,9.540,
spanner,148.20,15856,1,7.935,
spanner,148.21,15857,1,7.094,
spanner,148.22,15858,1,8.224,
spanner,148.22,15859,1,8.491,
spanner,148.23,15860,1,7.677,
spanner,148.24,15861,1,6.669,
spanner,148.25,15862,1,7.964,
spanner,148.26,15863,1,8.469,
spanner,148.26,15864,1,8.900,
spanner,148.27,15865,1,8.674,
spanner,148.28,15866,1,11.544,
spanner,148.29,15867,1,10.280,
spanner,148.30,15868,1,11.091,
spanner,148.31,15869,1,11.571,
spanner,148.33,15870,1,9.099,
spanner,148.34,15871,1,9.566,
spanner,148.34,15872,1,8.254,
spanner,148.35,15873,1,7.752,
spanner,148.36,15874,1,7.551,
spanner,148.37,15875,1,7.203,
spanner,148.38,15876,1,6.786,
spanner,148.38,15877,1,8.052,
spanner,148.39,15878,1,9.832,
spanner,148.40,15879,1,12.090,
spanner,148.41,15880,1,11.384,
spanner,148.42,15881,1,10.911,
spanner,148.43,15882,1,12.407,
spanner,148.45,15883,1,9.466,
spanner,148.46,15884,1,11.032,
spanner,148.47,15885,1,10.960,
spanner,148.48,15886,1,10.904,
spanner,148.49,15887,1,11.251,
spanner,148.50,15888,1,9.974,
spanner,148.51,15889,1,9.330,
spanner,148.52,15890,1,9.072,
spanner,148.53,15891,1,8.632,
spanner,148.54,15892,1,10.005,
spanner,148.55,15893,1,11.850,
spanner,148.56,15894,1,12.972,
spanner,148.57,15895,1,12.172,
spanner,148.59,15896,1,10.973,
spanner,148.60,15897,1,10.103,
spanner,148.61,15898,1,9.493,
spanner,148.62,15899,1,9.233,
spanner,148.63,15900,1,9.669,
spanner,148.64,15901,1,11.215,
spanner,148.65,15902,1,10.614,
spanner,148.66,15903,1,12.939,
spanner,148.67,15904,1,12.526,
spanner,148.68,15905,1,10.959,
spanner,148.69,15906,1,10.805,
spanner,148.70,15907,1,12.611,
spanner,148.72,15908,1,13.416,
spanner,148.73,15909,1,12.376,
spanner,148.74,15910,1,12.937,
spanner,148.76,15911,1,10.555,
spanner,148.77,15912,1,11.519,
spanner,148.78,15913,1,11.692,
spanner,148.79,15914,1,11.958,
spanner,148.80,15915,1,8.692,
spanner,148.81,15916,1,8.059,
spanner,148.82,15917,1,8.564,
spanner,148.83,15918,1,8.185,
spanner,148.84,15919,1,8.908,
spanner,148.84,15920,1,9.211,
spanner,148.85,15921,1,9.015,
spanner,148.86,15922,1,9.707,
spanner,148.87,15923,1,8.696,
spanner,148.88,15924,1,8.045,
spanner,148.89,15925,1,8.571,
spanner,148.90,15926,1,9.940,
spanner,148.91,15927,1,10.356,
spanner,148.92,15928,1,11.105,
spanner,148.93,15929,1,10.743,
spanner,148.94,15930,1,9.227,
spanner,148.95,15931,1,9.093,
spanner,148.96,15932,1,7.780,
spanner,148.97,15933,1,8.947,
spanner,148.98,15934,1,9.806,
spanner,148.99,15935,1,9.870,
spanner,149.00,15936,1,10.611,
spanner,149.01,15937,1,10.695,
spanner,149.02,15938,1,8.441,
spanner,149.02,15939,1,9.895,
spanner,149.03,15940,1,12.159,
spanner,149.05,15941,1,10.940,
spanner,149.06,15942,1,12.701,
spanner,149.07,15943,1,13.136,
spanner,149.08,15944,1,12.081,
spanner,149.10,15945,1,10.105,
spanner,149.11,15946,1,11.799,
spanner,149.12,15947,1,13.426,
spanner,149.13,15948,1,13.949,
spanner,149.15,15949,1,13.621,
spanner,149.16,15950,1,12.377,
spanner,149.17,15951,1,13.317,
spanner,149.19,15952,1,14.044,
spanner,149.20,15953,1,14.048,
spanner,149.21,15954,1,14.001,
spanner,149.23,15955,1,13.073,
spanner,149.24,15956,1,12.611,
spanner,149.25,15957,1,14.568,
spanner,149.27,15958,1,13.727,
spanner,149.28,15959,1,14.803,
spanner,149.30,15960,1,15.412,
spanner,149.31,15961,1,15.805,
spanner,149.33,15962,1,13.878,
spanner,149.34,15963,1,14.613,
spanner,149.36,15964,1,10.246,
spanner,149.37,15965,1,9.077,
spanner,149.38,15966,1,8.839,
spanner,149.38,15967,1,12.063,
spanner,149.40,15968,1,12.378,
spanner,149.41,15969,1,14.535,
spanner,149.42,15970,1,13.012,
spanner,149.44,15971,1,13.855,
spanner,149.45,15972,1,14.595,
spanner,149.47,15973,1,13.427,
spanner,149.48,15974,1,10.494,
spanner,149.49,15975,1,11.942,
spanner,149.50,15976,1,9.999,
spanner,149.51,15977,1,10.228,
spanner,149.52,15978,1,10.272,
spanner,149.53,15979,1,8.878,
spanner,149.54,15980,1,8.170,
spanner,149.55,15981,1,8.663,
spanner,149.56,15982,1,8.357,
spanner,149.57,15983,1,7.616,
spanner,149.57,15984,1,6.378,
spanner,149.58,15985,1,8.833,
spanner,149.59,15986,1,10.520,
spanner,149.60,15987,1,9.189,
spanner,149.61,15988,1,7.344,
spanner,149.62,15989,1,9.962,
spanner,149.63,15990,1,11.049,
spanner,149.64,15991,1,9.318,
spanner,149.65,15992,1,8.284,
spanner,149.65,15993,1,9.585,
spanner,149.66,15994,1,9.413,
spanner,149.67,15995,1,11.904,
spanner,149.69,15996,1,12.689,
spanner,149.70,15997,1,8.168,
spanner,149.71,15998,1,8.677,
spanner,149.72,15999,1,8.636,
spanner,149.72,16000,1,7.265,
spanner,149.73,16001,1,7.642,
spanner,149.74,16002,1,8.346,
spanner,149.75,16003,1,8.134,
spanner,149.76,16004,1,6.761,
spanner,149.76,16005,1,6.041,
spanner,149.77,16006,1,6.821,
spanner,149.78,16007,1,5.884,
spanner,149.78,16008,1,6.446,
spanner,149.79,16009,1,6.262,
spanner,149.79,16010,1,7.062,
spanner,149.80,16011,1,7.494,
spanner,149.81,16012,1,6.868,
spanner,149.82,16013,1,5.878,
spanner,149.82,16014,1,6.734,
spanner,149.83,16015,1,6.396,
spanner,149.83,16016,1,6.663,
spanner,149.84,16017,1,6.522,
spanner,149.85,16018,1,5.997,
spanner,149.85,16019,1,6.074,
spanner,149.86,16020,1,7.344,
spanner,149.87,16021,1,8.378,
spanner,149.88,16022,1,10.220,
spanner,149.89,16023,1,8.000,
spanner,149.89,16024,1,6.831,
spanner,149.90,16025,1,6.873,
spanner,149.91,16026,1,6.354,
spanner,149.91,16027,1,7.603,
spanner,149.92,16028,1,6.389,
spanner,149.93,16029,1,6.796,
spanner,149.94,16030,1,7.596,
spanner,149.94,16031,1,8.592,
spanner,149.95,16032,1,7.966,
spanner,149.96,16033,1,6.441,
spanner,149.97,16034,1,6.150,
spanner,149.97,16035,1,6.838,
spanner,149.98,16036,1,9.836,
spanner,149.99,16037,1,7.452,
spanner,150.00,16038,1,6.468,
spanner,150.00,16039,1,7.250,
spanner,150.01,16040,1,7.012,
spanner,150.02,16041,1,6.636,
spanner,150.02,16042,1,7.858,
spanner,150.03,16043,1,8.349,
spanner,150.04,16044,1,7.722,
spanner,150.05,16045,1,8.188,
spanner,150.06,16046,1,7.164,
spanner,150.06,16047,1,8.062,
spanner,150.07,16048,1,7.236,
spanner,150.08,16049,1,7.026,
spanner,150.09,16050,1,6.193,
spanner,150.09,16051,1,6.676,
spanner,150.10,16052,1,6.619,
spanner,150.11,16053,1,7.223,
spanner,150.11,16054,1,6.645,
spanner,150.12,16055,1,6.944,
spanner,150.13,16056,1,7.358,
spanner,150.13,16057,1,7.350,
spanner,150.14,16058,1,6.561,
spanner,150.15,16059,1,6.697,
spanner,150.15,16060,1,7.215,
spanner,150.16,16061,1,6.749,
spanner,150.17,16062,1,7.960,
spanner,150.18,16063,1,9.242,
spanner,150.19,16064,1,9.764,
spanner,150.20,16065,1,11.437,
spanner,150.21,16066,1,11.807,
spanner,150.22,16067,1,9.917,
spanner,150.23,16068,1,9.516,
spanner,150.24,16069,1,12.966,
spanner,150.25,16070,1,9.377,
spanner,150.26,16071,1,7.864,
spanner,150.27,16072,1,7.287,
spanner,150.28,16073,1,9.834,
spanner,150.29,16074,1,9.573,
spanner,150.30,16075,1,7.104,
spanner,150.30,16076,1,7.296,
spanner,150.31,16077,1,7.908,
spanner,150.32,16078,1,6.697,
spanner,150.32,16079,1,6.795,
spanner,150.33,16080,1,6.774,
spanner,150.34,16081,1,7.333,
spanner,150.35,16082,1,9.714,
spanner,150.36,16083,1,9.516,
spanner,150.36,16084,1,10.255,
spanner,150.38,16085,1,9.620,
spanner,150.38,16086,1,9.077,
spanner,150.39,16087,1,11.387,
spanner,150.41,16088,1,12.105,
spanner,150.42,16089,1,19.128,
spanner,150.44,16090,1,8.505,
spanner,150.45,16091,1,20.661,
spanner,150.47,16092,1,9.850,
spanner,150.48,16093,1,7.888,
spanner,150.48,16094,1,7.852,
spanner,150.49,16095,1,7.173,
spanner,150.50,16096,1,6.830,
spanner,150.51,16097,1,8.264,
spanner,150.51,16098,1,9.562,
spanner,150.52,16099,1,11.036,
spanner,150.53,16100,1,10.931,
spanner,150.55,16101,1,23.386,
spanner,150.57,16102,1,9.377,
spanner,150.58,16103,1,8.535,
spanner,150.59,16104,1,7.182,
spanner,150.59,16105,1,6.968,
spanner,150.60,16106,1,7.180,
spanner,150.61,16107,1,7.854,
spanner,150.62,16108,1,8.804,
spanner,150.63,16109,1,7.938,
spanner,150.63,16110,1,9.570,
spanner,150.64,16111,1,17.514,
spanner,150.66,16112,1,17.529,
spanner,150.68,16113,1,7.960,
spanner,150.69,16114,1,7.986,
spanner,150.69,16115,1,8.281,
spanner,150.70,16116,1,9.754,
spanner,150.71,16117,1,8.955,
spanner,150.72,16118,1,7.795,
spanner,150.73,16119,1,8.235,
spanner,150.74,16120,1,7.823,
spanner,150.74,16121,1,10.021,
spanner,150.75,16122,1,13.315,
spanner,150.77,16123,1,7.508,
spanner,150.78,16124,1,8.102,
spanner,150.78,16125,1,8.712,
spanner,150.79,16126,1,10.422,
spanner,150.80,16127,1,8.486,
spanner,150.81,16128,1,9.329,
spanner,150.82,16129,1,7.928,
spanner,150.83,16130,1,7.914,
spanner,150.84,16131,1,7.479,
spanner,150.84,16132,1,7.881,
spanner,150.85,16133,1,8.204,
spanner,150.86,16134,1,9.547,
spanner,150.87,16135,1,8.540,
spanner,150.88,16136,1,8.566,
spanner,150.89,16137,1,9.566,
spanner,150.90,16138,1,8.147,
spanner,150.90,16139,1,8.968,
spanner,150.91,16140,1,11.159,
spanner,150.93,16141,1,10.563,
spanner,150.94,16142,1,10.478,
spanner,150.95,16143,1,8.671,
spanner,150.96,16144,1,9.738,
spanner,150.96,16145,1,8.557,
spanner,150.97,16146,1,8.193,
spanner,150.98,16147,1,8.226,
spanner,150.99,16148,1,7.873,
spanner,151.00,16149,1,8.065,
spanner,151.01,16150,1,7.530,
spanner,151.01,16151,1,7.336,
spanner,151.02,16152,1,7.376,
spanner,151.03,16153,1,7.546,
spanner,151.04,16154,1,7.916,
spanner,151.04,16155,1,10.099,
spanner,151.05,16156,1,8.825,
spanner,151.06,16157,1,8.579,
spanner,151.07,16158,1,7.756,
spanner,151.08,16159,1,7.561,
spanner,151.09,16160,1,8.466,
spanner,151.10,16161,1,8.468,
spanner,151.10,16162,1,8.589,
spanner,151.11,16163,1,10.173,
spanner,151.12,16164,1,11.624,
spanner,151.13,16165,1,9.676,
spanner,151.14,16166,1,9.011,
spanner,151.15,16167,1,8.619,
spanner,151.16,16168,1,8.900,
spanner,151.17,16169,1,10.603,
spanner,151.18,16170,1,11.953,
spanner,151.19,16171,1,11.274,
spanner,151.20,16172,1,14.030,
spanner,151.22,16173,1,13.041,
spanner,151.23,16174,1,12.558,
spanner,151.24,16175,1,11.696,
spanner,151.26,16176,1,11.366,
spanner,151.27,16177,1,12.885,
spanner,151.28,16178,1,12.794,
spanner,151.29,16179,1,12.132,
spanner,151.31,16180,1,13.326,
spanner,151.32,16181,1,10.127,
spanner,151.33,16182,1,11.559,
spanner,151.34,16183,1,10.265,
spanner,151.35,16184,1,9.372,
spanner,151.36,16185,1,12.629,
spanner,151.37,16186,1,12.879,
spanner,151.39,16187,1,10.471,
spanner,151.40,16188,1,8.927,
spanner,151.41,16189,1,8.877,
spanner,151.41,16190,1,8.551,
spanner,151.42,16191,1,8.562,
spanner,151.43,16192,1,8.265,
spanner,151.44,16193,1,8.396,
spanner,151.45,16194,1,8.673,
spanner,151.46,16195,1,8.621,
spanner,151.47,16196,1,8.840,
spanner,151.47,16197,1,8.754,
spanner,151.48,16198,1,9.748,
spanner,151.49,16199,1,11.790,
spanner,151.50,16200,1,12.744,
spanner,151.52,16201,1,12.924,
spanner,151.53,16202,1,11.749,
spanner,151.54,16203,1,10.305,
spanner,151.55,16204,1,9.225,
spanner,151.56,16205,1,8.237,
spanner,151.57,16206,1,10.922,
spanner,151.58,16207,1,9.081,
spanner,151.59,16208,1,7.829,
spanner,151.60,16209,1,8.764,
spanner,151.61,16210,1,10.193,
spanner,151.62,16211,1,10.383,
spanner,151.63,16212,1,12.549,
spanner,151.64,16213,1,13.105,
spanner,151.65,16214,1,11.432,
spanner,151.66,16215,1,10.134,
spanner,151.67,16216,1,10.658,
spanner,151.69,16217,1,8.153,
spanner,151.69,16218,1,7.378,
spanner,151.70,16219,1,9.929,
spanner,151.71,16220,1,8.054,
spanner,151.72,16221,1,7.069,
spanner,151.73,16222,1,7.673,
spanner,151.73,16223,1,8.145,
spanner,151.74,16224,1,6.653,
spanner,151.75,16225,1,6.847,
spanner,151.76,16226,1,7.121,
spanner,151.76,16227,1,7.049,
spanner,151.77,16228,1,6.444,
spanner,151.78,16229,1,6.537,
spanner,151.78,16230,1,6.882,
spanner,151.79,16231,1,11.419,
spanner,151.80,16232,1,11.029,
spanner,151.81,16233,1,8.544,
spanner,151.82,16234,1,7.198,
spanner,151.83,16235,1,7.621,
spanner,151.84,16236,1,8.195,
spanner,151.84,16237,1,8.650,
spanner,151.85,16238,1,11.098,
spanner,151.86,16239,1,8.222,
spanner,151.87,16240,1,7.179,
spanner,151.88,16241,1,6.086,
spanner,151.89,16242,1,8.287,
spanner,151.89,16243,1,6.333,
spanner,151.90,16244,1,8.045,
spanner,151.91,16245,1,7.271,
spanner,151.92,16246,1,7.472,
spanner,151.92,16247,1,7.390,
spanner,151.93,16248,1,9.273,
spanner,151.94,16249,1,11.333,
spanner,151.95,16250,1,11.632,
spanner,151.96,16251,1,11.173,
spanner,151.97,16252,1,8.117,
spanner,151.98,16253,1,6.680,
spanner,151.99,16254,1,7.462,
spanner,152.00,16255,1,7.833,
spanner,152.00,16256,1,7.193,
spanner,152.01,16257,1,7.512,
spanner,152.02,16258,1,9.032,
spanner,152.03,16259,1,10.612,
spanner,152.04,16260,1,14.451,
spanner,152.05,16261,1,11.669,
spanner,152.07,16262,1,13.562,
spanner,152.08,16263,1,12.888,
spanner,152.09,16264,1,12.260,
spanner,152.10,16265,1,8.623,
spanner,152.11,16266,1,7.939,
spanner,152.12,16267,1,7.854,
spanner,152.13,16268,1,7.169,
spanner,152.14,16269,1,7.082,
spanner,152.14,16270,1,7.978,
spanner,152.15,16271,1,7.696,
spanner,152.16,16272,1,8.356,
spanner,152.17,16273,1,7.802,
spanner,152.17,16274,1,8.177,
spanner,152.18,16275,1,8.744,
spanner,152.19,16276,1,8.384,
spanner,152.20,16277,1,7.594,
spanner,152.21,16278,1,7.784,
spanner,152.22,16279,1,7.346,
spanner,152.22,16280,1,6.807,
spanner,152.23,16281,1,7.909,
spanner,152.24,16282,1,8.592,
spanner,152.25,16283,1,7.113,
spanner,152.25,16284,1,7.037,
spanner,152.26,16285,1,9.143,
spanner,152.27,16286,1,9.866,
spanner,152.28,16287,1,8.745,
spanner,152.29,16288,1,8.681,
spanner,152.30,16289,1,8.942,
spanner,152.31,16290,1,6.995,
spanner,152.31,16291,1,6.728,
spanner,152.32,16292,1,6.407,
spanner,152.33,16293,1,6.815,
spanner,152.33,16294,1,7.117,
spanner,152.34,16295,1,7.091,
spanner,152.35,16296,1,7.051,
spanner,152.35,16297,1,8.865,
spanner,152.36,16298,1,10.340,
spanner,152.37,16299,1,9.033,
spanner,152.38,16300,1,8.629,
spanner,152.39,16301,1,8.168,
spanner,152.40,16302,1,8.467,
spanner,152.41,16303,1,8.969,
spanner,152.42,16304,1,9.826,
spanner,152.43,16305,1,9.633,
spanner,152.44,16306,1,10.383,
spanner,152.45,16307,1,8.777,
spanner,152.46,16308,1,8.378,
spanner,152.46,16309,1,7.121,
spanner,152.47,16310,1,7.981,
spanner,152.48,16311,1,8.994,
spanner,152.49,16312,1,8.519,
spanner,152.50,16313,1,7.516,
spanner,152.50,16314,1,9.351,
spanner,152.51,16315,1,11.318,
spanner,152.53,16316,1,9.151,
spanner,152.53,16317,1,9.198,
spanner,152.54,16318,1,10.390,
spanner,152.55,16319,1,11.694,
spanner,152.57,16320,1,8.747,
spanner,152.57,16321,1,8.715,
spanner,152.58,16322,1,10.673,
spanner,152.59,16323,1,11.071,
spanner,152.61,16324,1,7.982,
spanner,152.61,16325,1,8.274,
spanner,152.62,16326,1,8.514,
spanner,152.63,16327,1,8.841,
spanner,152.64,16328,1,10.013,
spanner,152.65,16329,1,9.020,
spanner,152.66,16330,1,7.535,
spanner,152.67,16331,1,8.008,
spanner,152.67,16332,1,8.927,
spanner,152.68,16333,1,10.342,
spanner,152.69,16334,1,8.837,
spanner,152.70,16335,1,8.296,
spanner,152.71,16336,1,7.676,
spanner,152.72,16337,1,7.526,
spanner,152.73,16338,1,8.104,
spanner,152.73,16339,1,7.937,
spanner,152.74,16340,1,7.767,
spanner,152.75,16341,1,8.063,
spanner,152.76,16342,1,10.344,
spanner,152.77,16343,1,9.699,
spanner,152.78,16344,1,9.278,
spanner,152.79,16345,1,9.152,
spanner,152.80,16346,1,10.431,
spanner,152.81,16347,1,11.788,
spanner,152.82,16348,1,11.721,
spanner,152.83,16349,1,12.447,
spanner,152.84,16350,1,10.973,
spanner,152.85,16351,1,8.593,
spanner,152.86,16352,1,8.154,
spanner,152.87,16353,1,10.102,
spanner,152.88,16354,1,10.545,
spanner,152.89,16355,1,8.124,
spanner,152.90,16356,1,8.190,
spanner,152.91,16357,1,9.222,
spanner,152.92,16358,1,7.751,
spanner,152.92,16359,1,7.461,
spanner,152.93,16360,1,8.820,
spanner,152.94,16361,1,8.067,
spanner,152.95,16362,1,9.867,
spanner,152.96,16363,1,12.726,
spanner,152.97,16364,1,11.681,
spanner,152.98,16365,1,10.873,
spanner,152.99,16366,1,8.541,
spanner,153.00,16367,1,8.573,
spanner,153.01,16368,1,7.601,
spanner,153.02,16369,1,8.020,
spanner,153.03,16370,1,9.433,
spanner,153.04,16371,1,10.480,
spanner,153.05,16372,1,11.476,
spanner,153.06,16373,1,12.822,
spanner,153.07,16374,1,12.880,
spanner,153.08,16375,1,12.563,
spanner,153.10,16376,1,14.716,
spanner,153.11,16377,1,14.142,
spanner,153.13,16378,1,13.854,
spanner,153.14,16379,1,13.124,
spanner,153.15,16380,1,13.634,
spanner,153.17,16381,1,13.541,
spanner,153.18,16382,1,15.362,
spanner,153.20,16383,1,13.405,
spanner,153.21,16384,1,10.088,
spanner,153.22,16385,1,8.838,
spanner,153.23,16386,1,8.408,
spanner,153.24,16387,1,9.494,
spanner,153.25,16388,1,9.392,
spanner,153.26,16389,1,9.624,
spanner,153.27,16390,1,9.359,
spanner,153.27,16391,1,8.460,
spanner,153.28,16392,1,8.941,
spanner,153.29,16393,1,9.800,
spanner,153.30,16394,1,11.663,
spanner,153.31,16395,1,10.465,
spanner,153.32,16396,1,11.399,
spanner,153.34,16397,1,12.956,
spanner,153.35,16398,1,9.418,
spanner,153.36,16399,1,6.621,
spanner,153.36,16400,1,7.005,
spanner,153.37,16401,1,7.703,
spanner,153.38,16402,1,12.192,
spanner,153.39,16403,1,9.349,
spanner,153.40,16404,1,8.311,
spanner,153.41,16405,1,10.392,
spanner,153.42,16406,1,11.079,
spanner,153.43,16407,1,10.373,
spanner,153.44,16408,1,7.754,
spanner,153.45,16409,1,6.633,
spanner,153.46,16410,1,6.674,
spanner,153.46,16411,1,6.424,
spanner,153.47,16412,1,6.628,
spanner,153.48,16413,1,6.558,
spanner,153.48,16414,1,6.438,
spanner,153.49,16415,1,7.054,
spanner,153.50,16416,1,6.590,
spanner,153.50,16417,1,7.776,
spanner,153.51,16418,1,7.350,
spanner,153.52,16419,1,7.017,
spanner,153.52,16420,1,9.563,
spanner,153.53,16421,1,10.440,
spanner,153.55,16422,1,9.431,
spanner,153.55,16423,1,10.100,
spanner,153.56,16424,1,12.103,
spanner,153.58,16425,1,11.344,
spanner,153.59,16426,1,11.249,
spanner,153.60,16427,1,12.328,
spanner,153.61,16428,1,11.667,
spanner,153.62,16429,1,11.308,
spanner,153.63,16430,1,11.043,
spanner,153.65,16431,1,12.078,
spanner,153.66,16432,1,11.207,
spanner,153.67,16433,1,11.993,
spanner,153.68,16434,1,12.719,
spanner,153.69,16435,1,9.054,
spanner,153.70,16436,1,7.704,
spanner,153.71,16437,1,7.043,
spanner,153.72,16438,1,7.318,
spanner,153.73,16439,1,7.979,
spanner,153.73,16440,1,6.828,
spanner,153.74,16441,1,6.784,
spanner,153.75,16442,1,7.540,
spanner,153.75,16443,1,6.516,
spanner,153.76,16444,1,6.504,
spanner,153.77,16445,1,6.778,
spanner,153.77,16446,1,6.819,
spanner,153.78,16447,1,5.956,
spanner,153.79,16448,1,6.149,
spanner,153.79,16449,1,6.381,
spanner,153.80,16450,1,6.425,
spanner,153.81,16451,1,6.701,
spanner,153.81,16452,1,6.837,
spanner,153.82,16453,1,6.656,
spanner,153.83,16454,1,6.432,
spanner,153.83,16455,1,6.160,
spanner,153.84,16456,1,6.087,
spanner,153.85,16457,1,6.329,
spanner,153.85,16458,1,6.690,
spanner,153.86,16459,1,7.447,
spanner,153.87,16460,1,7.699,
spanner,153.87,16461,1,7.678,
spanner,153.88,16462,1,7.517,
spanner,153.89,16463,1,6.847,
spanner,153.90,16464,1,6.855,
spanner,153.90,16465,1,9.042,
spanner,153.91,16466,1,8.462,
spanner,153.92,16467,1,7.447,
spanner,153.93,16468,1,6.089,
spanner,153.93,16469,1,9.058,
spanner,153.94,16470,1,7.423,
spanner,153.95,16471,1,6.795,
spanner,153.96,16472,1,6.843,
spanner,153.96,16473,1,6.105,
spanner,153.97,16474,1,7.078,
spanner,153.98,16475,1,6.663,
spanner,153.98,16476,1,7.846,
spanner,153.99,16477,1,6.486,
spanner,154.00,16478,1,8.034,
spanner,154.01,16479,1,8.198,
spanner,154.01,16480,1,7.598,
spanner,154.02,16481,1,10.025,
spanner,154.03,16482,1,11.023,
spanner,154.04,16483,1,11.298,
spanner,154.06,16484,1,10.188,
spanner,154.07,16485,1,8.477,
spanner,154.07,16486,1,7.895,
spanner,154.08,16487,1,8.247,
spanner,154.09,16488,1,10.084,
spanner,154.10,16489,1,12.210,
spanner,154.11,16490,1,12.866,
spanner,154.13,16491,1,9.649,
spanner,154.14,16492,1,8.474,
spanner,154.14,16493,1,10.693,
spanner,154.15,16494,1,10.109,
spanner,154.16,16495,1,8.515,
spanner,154.17,16496,1,7.345,
spanner,154.18,16497,1,7.241,
spanner,154.19,16498,1,7.424,
spanner,154.20,16499,1,7.493,
spanner,154.20,16500,1,8.392,
spanner,154.21,16501,1,7.745,
spanner,154.22,16502,1,9.487,
spanner,154.23,16503,1,9.374,
spanner,154.24,16504,1,8.152,
spanner,154.25,16505,1,9.441,
spanner,154.26,16506,1,10.119,
spanner,154.27,16507,1,11.312,
spanner,154.28,16508,1,12.207,
spanner,154.29,16509,1,11.648,
spanner,154.30,16510,1,9.962,
spanner,154.31,16511,1,8.823,
spanner,154.32,16512,1,10.043,
spanner,154.33,16513,1,12.704,
spanner,154.34,16514,1,12.068,
spanner,154.35,16515,1,11.564,
spanner,154.37,16516,1,11.343,
spanner,154.38,16517,1,10.901,
spanner,154.39,16518,1,12.496,
spanner,154.40,16519,1,11.275,
spanner,154.41,16520,1,11.400,
spanner,154.42,16521,1,11.806,
spanner,154.44,16522,1,11.146,
spanner,154.45,16523,1,10.870,
spanner,154.46,16524,1,9.187,
spanner,154.47,16525,1,8.327,
spanner,154.48,16526,1,8.301,
spanner,154.48,16527,1,10.179,
spanner,154.49,16528,1,10.906,
spanner,154.50,16529,1,10.167,
spanner,154.52,16530,1,7.907,
spanner,154.52,16531,1,8.575,
spanner,154.53,16532,1,9.116,
spanner,154.54,16533,1,8.650,
spanner,154.55,16534,1,8.350,
spanner,154.56,16535,1,11.839,
spanner,154.57,16536,1,10.545,
spanner,154.58,16537,1,9.018,
spanner,154.59,16538,1,10.116,
spanner,154.60,16539,1,11.022,
spanner,154.61,16540,1,10.279,
spanner,154.62,16541,1,11.112,
spanner,154.63,16542,1,10.674,
spanner,154.64,16543,1,11.015,
spanner,154.65,16544,1,10.663,
spanner,154.66,16545,1,9.482,
spanner,154.67,16546,1,9.924,
spanner,154.68,16547,1,10.895,
spanner,154.69,16548,1,10.820,
spanner,154.71,16549,1,11.571,
spanner,154.72,16550,1,11.090,
spanner,154.73,16551,1,10.448,
spanner,154.74,16552,1,8.976,
spanner,154.75,16553,1,11.637,
spanner,154.76,16554,1,9.456,
spanner,154.77,16555,1,10.793,
spanner,154.78,16556,1,11.842,
spanner,154.79,16557,1,10.961,
spanner,154.80,16558,1,8.703,
spanner,154.81,16559,1,9.121,
spanner,154.82,16560,1,9.781,
spanner,154.83,16561,1,9.015,
spanner,154.84,16562,1,8.898,
spanner,154.85,16563,1,9.897,
spanner,154.86,16564,1,10.288,
spanner,154.87,16565,1,10.717,
spanner,154.88,16566,1,10.655,
spanner,154.89,16567,1,11.309,
spanner,154.90,16568,1,11.038,
spanner,154.91,16569,1,10.580,
spanner,154.92,16570,1,12.152,
spanner,154.94,16571,1,14.306,
spanner,154.95,16572,1,11.050,
spanner,154.96,16573,1,11.157,
spanner,154.97,16574,1,11.889,
spanner,154.98,16575,1,13.756,
spanner,155.00,16576,1,12.117,
spanner,155.01,16577,1,12.538,
spanner,155.02,16578,1,12.053,
spanner,155.03,16579,1,11.105,
spanner,155.05,16580,1,11.798,
spanner,155.06,16581,1,12.053,
spanner,155.07,16582,1,12.366,
spanner,155.08,16583,1,13.013,
spanner,155.10,16584,1,13.660,
spanner,155.11,16585,1,12.427,
spanner,155.12,16586,1,13.505,
spanner,155.14,16587,1,12.760,
spanner,155.15,16588,1,9.714,
spanner,155.16,16589,1,11.518,
spanner,155.17,16590,1,10.792,
spanner,155.18,16591,1,8.777,
spanner,155.19,16592,1,9.085,
spanner,155.20,16593,1,8.611,
spanner,155.21,16594,1,9.826,
spanner,155.22,16595,1,9.054,
spanner,155.23,16596,1,10.064,
spanner,155.24,16597,1,11.399,
spanner,155.25,16598,1,10.696,
spanner,155.26,16599,1,11.575,
spanner,155.27,16600,1,13.942,
spanner,155.28,16601,1,13.541,
spanner,155.30,16602,1,15.735,
spanner,155.31,16603,1,15.453,
spanner,155.33,16604,1,13.970,
spanner,155.34,16605,1,15.142,
spanner,155.36,16606,1,14.488,
spanner,155.37,16607,1,12.048,
spanner,155.38,16608,1,11.421,
spanner,155.40,16609,1,12.751,
spanner,155.41,16610,1,12.905,
spanner,155.42,16611,1,9.351,
spanner,155.43,16612,1,9.013,
spanner,155.44,16613,1,9.555,
spanner,155.45,16614,1,8.307,
spanner,155.46,16615,1,8.365,
spanner,155.47,16616,1,8.910,
spanner,155.48,16617,1,7.641,
spanner,155.48,16618,1,5.972,
spanner,155.49,16619,1,5.959,
spanner,155.49,16620,1,5.749,
spanner,155.50,16621,1,6.248,
spanner,155.51,16622,1,8.611,
spanner,155.52,16623,1,9.133,
spanner,155.52,16624,1,11.614,
spanner,155.54,16625,1,9.973,
spanner,155.55,16626,1,7.819,
spanner,155.55,16627,1,9.978,
spanner,155.56,16628,1,13.998,
spanner,155.58,16629,1,9.186,
spanner,155.59,16630,1,6.469,
spanner,155.59,16631,1,6.733,
spanner,155.60,16632,1,6.681,
spanner,155.61,16633,1,6.564,
spanner,155.61,16634,1,6.503,
spanner,155.62,16635,1,6.042,
spanner,155.63,16636,1,6.507,
spanner,155.63,16637,1,6.411,
spanner,155.64,16638,1,7.540,
spanner,155.65,16639,1,7.460,
spanner,155.65,16640,1,7.006,
spanner,155.66,16641,1,7.664,
spanner,155.67,16642,1,7.936,
spanner,155.68,16643,1,6.855,
spanner,155.68,16644,1,6.200,
spanner,155.69,16645,1,5.953,
spanner,155.70,16646,1,7.791,
spanner,155.70,16647,1,8.406,
spanner,155.71,16648,1,7.949,
spanner,155.72,16649,1,6.407,
spanner,155.73,16650,1,6.365,
spanner,155.73,16651,1,6.625,
spanner,155.74,16652,1,6.488,
spanner,155.75,16653,1,7.630,
spanner,155.75,16654,1,8.507,
spanner,155.76,16655,1,9.141,
spanner,155.77,16656,1,10.308,
spanner,155.78,16657,1,11.054,
spanner,155.79,16658,1,9.875,
spanner,155.80,16659,1,16.266,
spanner,155.82,16660,1,11.002,
spanner,155.83,16661,1,8.912,
spanner,155.84,16662,1,9.274,
spanner,155.85,16663,1,10.201,
spanner,155.86,16664,1,10.825,
spanner,155.87,16665,1,10.959,
spanner,155.88,16666,1,11.920,
spanner,155.89,16667,1,8.741,
spanner,155.90,16668,1,8.340,
spanner,155.91,16669,1,7.491,
spanner,155.92,16670,1,8.948,
spanner,155.93,16671,1,8.482,
spanner,155.94,16672,1,9.548,
spanner,155.95,16673,1,9.861,
spanner,155.95,16674,1,9.435,
spanner,155.96,16675,1,6.971,
spanner,155.97,16676,1,7.181,
spanner,155.98,16677,1,7.613,
spanner,155.99,16678,1,8.537,
spanner,155.99,16679,1,7.709,
spanner,156.00,16680,1,8.072,
spanner,156.01,16681,1,8.193,
spanner,156.02,16682,1,7.724,
spanner,156.03,16683,1,6.813,
spanner,156.03,16684,1,6.729,
spanner,156.04,16685,1,7.678,
spanner,156.05,16686,1,7.203,
spanner,156.06,16687,1,8.777,
spanner,156.06,16688,1,10.763,
spanner,156.07,16689,1,8.404,
spanner,156.08,16690,1,7.018,
spanner,156.09,16691,1,6.845,
spanner,156.10,16692,1,6.957,
spanner,156.10,16693,1,8.367,
spanner,156.11,16694,1,9.818,
spanner,156.12,16695,1,9.103,
spanner,156.13,16696,1,8.921,
spanner,156.14,16697,1,8.465,
spanner,156.15,16698,1,7.154,
spanner,156.16,16699,1,7.978,
spanner,156.16,16700,1,9.190,
spanner,156.17,16701,1,9.829,
spanner,156.18,16702,1,10.438,
spanner,156.19,16703,1,8.113,
spanner,156.20,16704,1,7.979,
spanner,156.21,16705,1,8.297,
spanner,156.22,16706,1,9.985,
spanner,156.23,16707,1,11.851,
spanner,156.24,16708,1,9.232,
spanner,156.25,16709,1,11.088,
spanner,156.26,16710,1,11.232,
spanner,156.27,16711,1,11.854,
spanner,156.28,16712,1,8.301,
spanner,156.29,16713,1,22.450,
spanner,156.31,16714,1,7.787,
spanner,156.32,16715,1,7.010,
spanner,156.33,16716,1,7.589,
spanner,156.34,16717,1,7.538,
spanner,156.34,16718,1,7.745,
spanner,156.35,16719,1,9.578,
spanner,156.36,16720,1,11.591,
spanner,156.37,16721,1,10.212,
spanner,156.38,16722,1,12.033,
spanner,156.40,16723,1,10.462,
spanner,156.41,16724,1,11.714,
spanner,156.42,16725,1,11.090,
spanner,156.43,16726,1,11.637,
spanner,156.44,16727,1,10.824,
spanner,156.45,16728,1,9.284,
spanner,156.46,16729,1,8.206,
spanner,156.47,16730,1,8.855,
spanner,156.48,16731,1,10.820,
spanner,156.49,16732,1,10.289,
spanner,156.50,16733,1,10.759,
spanner,156.51,16734,1,9.638,
spanner,156.52,16735,1,10.217,
spanner,156.53,16736,1,11.992,
spanner,156.54,16737,1,10.896,
spanner,156.55,16738,1,12.212,
spanner,156.57,16739,1,11.231,
spanner,156.58,16740,1,9.916,
spanner,156.59,16741,1,11.145,
spanner,156.60,16742,1,15.052,
spanner,156.61,16743,1,12.838,
spanner,156.63,16744,1,14.073,
spanner,156.64,16745,1,12.189,
spanner,156.65,16746,1,11.684,
spanner,156.66,16747,1,12.538,
spanner,156.68,16748,1,9.207,
spanner,156.69,16749,1,8.835,
spanner,156.69,16750,1,8.570,
spanner,156.70,16751,1,9.903,
spanner,156.71,16752,1,8.256,
spanner,156.72,16753,1,8.571,
spanner,156.73,16754,1,8.362,
spanner,156.74,16755,1,8.554,
spanner,156.75,16756,1,8.419,
spanner,156.76,16757,1,9.436,
spanner,156.77,16758,1,8.308,
spanner,156.77,16759,1,8.588,
spanner,156.78,16760,1,7.999,
spanner,156.79,16761,1,7.845,
spanner,156.80,16762,1,9.354,
spanner,156.81,16763,1,9.216,
spanner,156.82,16764,1,10.149,
spanner,156.83,16765,1,8.604,
spanner,156.84,16766,1,8.939,
spanner,156.84,16767,1,9.041,
spanner,156.85,16768,1,9.426,
spanner,156.86,16769,1,9.201,
spanner,156.87,16770,1,7.826,
spanner,156.88,16771,1,9.463,
spanner,156.89,16772,1,9.110,
spanner,156.90,16773,1,8.895,
spanner,156.91,16774,1,9.562,
spanner,156.92,16775,1,12.856,
spanner,156.93,16776,1,12.600,
spanner,156.94,16777,1,9.072,
spanner,156.95,16778,1,9.842,
spanner,156.96,16779,1,12.227,
spanner,156.97,16780,1,10.944,
spanner,156.98,16781,1,8.965,
spanner,156.99,16782,1,10.647,
spanner,157.00,16783,1,10.265,
spanner,157.01,16784,1,13.480,
spanner,157.03,16785,1,12.945,
spanner,157.04,16786,1,11.346,
spanner,157.05,16787,1,10.522,
spanner,157.06,16788,1,13.277,
spanner,157.08,16789,1,13.018,
spanner,157.09,16790,1,13.927,
spanner,157.10,16791,1,12.761,
spanner,157.12,16792,1,8.999,
spanner,157.13,16793,1,9.445,
spanner,157.14,16794,1,8.461,
spanner,157.14,16795,1,8.121,
spanner,157.15,16796,1,8.632,
spanner,157.16,16797,1,8.386,
spanner,157.17,16798,1,8.562,
spanner,157.18,16799,1,9.134,
spanner,157.19,16800,1,8.872,
spanner,157.20,16801,1,9.710,
spanner,157.21,16802,1,12.310,
spanner,157.22,16803,1,9.728,
spanner,157.23,16804,1,9.477,
spanner,157.24,16805,1,10.911,
spanner,157.25,16806,1,9.870,
spanner,157.26,16807,1,9.477,
spanner,157.27,16808,1,10.628,
spanner,157.28,16809,1,10.167,
spanner,157.29,16810,1,9.119,
spanner,157.30,16811,1,10.155,
spanner,157.31,16812,1,9.290,
spanner,157.32,16813,1,9.096,
spanner,157.33,16814,1,9.013,
spanner,157.33,16815,1,8.835,
spanner,157.34,16816,1,8.607,
spanner,157.35,16817,1,8.034,
spanner,157.36,16818,1,8.483,
spanner,157.37,16819,1,7.639,
spanner,157.38,16820,1,7.435,
spanner,157.38,16821,1,7.422,
spanner,157.39,16822,1,8.073,
spanner,157.40,16823,1,8.920,
spanner,157.41,16824,1,9.234,
spanner,157.42,16825,1,7.045,
spanner,157.42,16826,1,6.268,
spanner,157.43,16827,1,6.228,
spanner,157.44,16828,1,7.492,
spanner,157.45,16829,1,7.475,
spanner,157.45,16830,1,6.842,
spanner,157.46,16831,1,6.620,
spanner,157.47,16832,1,8.440,
spanner,157.47,16833,1,11.950,
spanner,157.49,16834,1,8.999,
spanner,157.50,16835,1,8.525,
spanner,157.50,16836,1,10.572,
spanner,157.51,16837,1,9.493,
spanner,157.52,16838,1,10.011,
spanner,157.53,16839,1,11.044,
spanner,157.55,16840,1,9.049,
spanner,157.55,16841,1,9.192,
spanner,157.56,16842,1,9.129,
spanner,157.57,16843,1,9.704,
spanner,157.58,16844,1,10.505,
spanner,157.59,16845,1,10.848,
spanner,157.60,16846,1,9.725,
spanner,157.61,16847,1,8.660,
spanner,157.62,16848,1,10.759,
spanner,157.63,16849,1,10.979,
spanner,157.64,16850,1,12.316,
spanner,157.66,16851,1,8.263,
spanner,157.67,16852,1,9.123,
spanner,157.67,16853,1,12.303,
spanner,157.69,16854,1,9.753,
spanner,157.70,16855,1,7.482,
spanner,157.70,16856,1,9.911,
spanner,157.71,16857,1,8.818,
spanner,157.72,16858,1,8.049,
spanner,157.73,16859,1,7.422,
spanner,157.74,16860,1,6.646,
spanner,157.74,16861,1,6.178,
spanner,157.75,16862,1,6.239,
spanner,157.76,16863,1,6.934,
spanner,157.76,16864,1,6.018,
spanner,157.77,16865,1,7.284,
spanner,157.78,16866,1,10.537,
spanner,157.79,16867,1,11.618,
spanner,157.80,16868,1,8.816,
spanner,157.81,16869,1,8.272,
spanner,157.82,16870,1,7.816,
spanner,157.82,16871,1,7.195,
spanner,157.83,16872,1,7.141,
spanner,157.84,16873,1,6.538,
spanner,157.85,16874,1,6.362,
spanner,157.85,16875,1,6.017,
spanner,157.86,16876,1,5.967,
spanner,157.86,16877,1,5.965,
spanner,157.87,16878,1,6.692,
spanner,157.88,16879,1,6.136,
spanner,157.88,16880,1,6.572,
spanner,157.89,16881,1,6.266,
spanner,157.90,16882,1,6.341,
spanner,157.90,16883,1,6.651,
spanner,157.91,16884,1,6.608,
spanner,157.92,16885,1,6.578,
spanner,157.92,16886,1,7.417,
spanner,157.93,16887,1,7.364,
spanner,157.94,16888,1,6.965,
spanner,157.94,16889,1,7.483,
spanner,157.95,16890,1,8.032,
spanner,157.96,16891,1,10.128,
spanner,157.97,16892,1,9.180,
spanner,157.98,16893,1,9.519,
spanner,157.99,16894,1,8.933,
spanner,158.00,16895,1,9.269,
spanner,158.01,16896,1,8.955,
spanner,158.02,16897,1,8.852,
spanner,158.02,16898,1,10.150,
spanner,158.03,16899,1,11.816,
spanner,158.05,16900,1,8.374,
spanner,158.06,16901,1,7.995,
spanner,158.06,16902,1,10.740,
spanner,158.07,16903,1,9.923,
spanner,158.08,16904,1,9.736,
spanner,158.09,16905,1,8.736,
spanner,158.10,16906,1,7.254,
spanner,158.11,16907,1,7.407,
spanner,158.12,16908,1,7.728,
spanner,158.13,16909,1,10.569,
spanner,158.14,16910,1,8.559,
spanner,158.14,16911,1,9.822,
spanner,158.15,16912,1,10.260,
spanner,158.16,16913,1,9.766,
spanner,158.17,16914,1,8.406,
spanner,158.18,16915,1,10.119,
spanner,158.19,16916,1,10.360,
spanner,158.20,16917,1,11.046,
spanner,158.21,16918,1,8.484,
spanner,158.22,16919,1,7.162,
spanner,158.23,16920,1,7.477,
spanner,158.24,16921,1,7.509,
spanner,158.25,16922,1,7.220,
spanner,158.25,16923,1,7.287,
spanner,158.26,16924,1,7.091,
spanner,158.27,16925,1,6.894,
spanner,158.27,16926,1,6.809,
spanner,158.28,16927,1,7.633,
spanner,158.29,16928,1,6.400,
spanner,158.29,16929,1,6.702,
spanner,158.30,16930,1,9.014,
spanner,158.31,16931,1,9.684,
spanner,158.32,16932,1,9.897,
spanner,158.33,16933,1,7.680,
spanner,158.34,16934,1,7.785,
spanner,158.35,16935,1,8.045,
spanner,158.35,16936,1,7.913,
spanner,158.36,16937,1,7.564,
spanner,158.37,16938,1,7.500,
spanner,158.38,16939,1,6.637,
spanner,158.38,16940,1,8.837,
spanner,158.39,16941,1,9.443,
spanner,158.40,16942,1,9.122,
spanner,158.41,16943,1,7.685,
spanner,158.42,16944,1,7.001,
spanner,158.43,16945,1,7.771,
spanner,158.43,16946,1,11.956,
spanner,158.45,16947,1,9.665,
spanner,158.46,16948,1,7.728,
spanner,158.46,16949,1,7.403,
spanner,158.47,16950,1,7.984,
spanner,158.48,16951,1,7.116,
spanner,158.49,16952,1,7.226,
spanner,158.49,16953,1,7.111,
spanner,158.50,16954,1,7.874,
spanner,158.51,16955,1,9.038,
spanner,158.52,16956,1,8.519,
spanner,158.53,16957,1,7.876,
spanner,158.53,16958,1,7.746,
spanner,158.54,16959,1,7.619,
spanner,158.55,16960,1,7.324,
spanner,158.56,16961,1,7.437,
spanner,158.56,16962,1,11.639,
spanner,158.58,16963,1,9.579,
spanner,158.58,16964,1,11.934,
spanner,158.60,16965,1,10.729,
spanner,158.61,16966,1,11.468,
spanner,158.62,16967,1,11.017,
spanner,158.63,16968,1,10.312,
spanner,158.64,16969,1,9.809,
spanner,158.65,16970,1,7.771,
spanner,158.66,16971,1,7.896,
spanner,158.67,16972,1,10.173,
spanner,158.68,16973,1,9.730,
spanner,158.69,16974,1,10.381,
spanner,158.70,16975,1,10.065,
spanner,158.71,16976,1,8.617,
spanner,158.72,16977,1,7.970,
spanner,158.72,16978,1,8.034,
spanner,158.73,16979,1,8.130,
spanner,158.74,16980,1,9.773,
spanner,158.75,16981,1,10.219,
spanner,158.76,16982,1,9.278,
spanner,158.77,16983,1,9.035,
spanner,158.78,16984,1,9.646,
spanner,158.79,16985,1,9.029,
spanner,158.80,16986,1,10.758,
spanner,158.81,16987,1,11.260,
spanner,158.82,16988,1,11.789,
spanner,158.83,16989,1,13.025,
spanner,158.84,16990,1,11.424,
spanner,158.86,16991,1,11.398,
spanner,158.87,16992,1,7.833,
spanner,158.87,16993,1,9.577,
spanner,158.88,16994,1,9.481,
spanner,158.89,16995,1,8.293,
spanner,158.90,16996,1,8.073,
spanner,158.91,16997,1,7.713,
spanner,158.92,16998,1,7.937,
spanner,158.93,16999,1,8.040,
spanner,158.93,17000,1,8.670,
spanner,158.94,17001,1,8.895,
spanner,158.95,17002,1,9.851,
spanner,158.96,17003,1,9.434,
spanner,158.97,17004,1,9.452,
spanner,158.98,17005,1,9.434,
spanner,158.99,17006,1,9.516,
spanner,159.00,17007,1,8.916,
spanner,159.01,17008,1,8.279,
spanner,159.02,17009,1,8.587,
spanner,159.03,17010,1,9.902,
spanner,159.04,17011,1,11.455,
spanner,159.05,17012,1,10.829,
spanner,159.06,17013,1,9.502,
spanner,159.07,17014,1,10.310,
spanner,159.08,17015,1,9.345,
spanner,159.09,17016,1,10.833,
spanner,159.10,17017,1,12.166,
spanner,159.11,17018,1,13.917,
spanner,159.12,17019,1,12.494,
spanner,159.14,17020,1,13.152,
spanner,159.15,17021,1,12.218,
spanner,159.16,17022,1,11.088,
spanner,159.17,17023,1,10.132,
spanner,159.18,17024,1,10.003,
spanner,159.19,17025,1,12.898,
spanner,159.21,17026,1,11.878,
spanner,159.22,17027,1,12.120,
spanner,159.23,17028,1,10.166,
spanner,159.24,17029,1,8.498,
spanner,159.25,17030,1,8.924,
spanner,159.26,17031,1,10.219,
spanner,159.27,17032,1,12.044,
spanner,159.28,17033,1,12.706,
spanner,159.29,17034,1,11.792,
spanner,159.30,17035,1,8.666,
spanner,159.31,17036,1,6.909,
spanner,159.32,17037,1,6.409,
spanner,159.33,17038,1,6.386,
spanner,159.33,17039,1,6.320,
spanner,159.34,17040,1,7.105,
spanner,159.35,17041,1,7.999,
spanner,159.35,17042,1,10.740,
spanner,159.37,17043,1,9.975,
spanner,159.38,17044,1,7.465,
spanner,159.38,17045,1,7.278,
spanner,159.39,17046,1,6.706,
spanner,159.40,17047,1,7.958,
spanner,159.41,17048,1,7.741,
spanner,159.41,17049,1,6.535,
spanner,159.42,17050,1,6.539,
spanner,159.43,17051,1,6.334,
spanner,159.43,17052,1,6.312,
spanner,159.44,17053,1,8.548,
spanner,159.45,17054,1,10.622,
spanner,159.46,17055,1,9.385,
spanner,159.47,17056,1,10.384,
spanner,159.48,17057,1,11.002,
spanner,159.49,17058,1,9.637,
spanner,159.50,17059,1,10.486,
spanner,159.51,17060,1,9.866,
spanner,159.52,17061,1,8.888,
spanner,159.53,17062,1,9.040,
spanner,159.54,17063,1,9.076,
spanner,159.55,17064,1,9.966,
spanner,159.56,17065,1,8.357,
spanner,159.56,17066,1,7.050,
spanner,159.57,17067,1,7.272,
spanner,159.58,17068,1,7.386,
spanner,159.59,17069,1,6.927,
spanner,159.59,17070,1,6.256,
spanner,159.60,17071,1,6.086,
spanner,159.61,17072,1,6.077,
spanner,159.61,17073,1,6.696,
spanner,159.62,17074,1,6.681,
spanner,159.63,17075,1,6.321,
spanner,159.63,17076,1,5.855,
spanner,159.64,17077,1,6.012,
spanner,159.64,17078,1,6.541,
spanner,159.65,17079,1,7.393,
spanner,159.66,17080,1,8.919,
spanner,159.67,17081,1,8.414,
spanner,159.67,17082,1,10.447,
spanner,159.69,17083,1,10.175,
spanner,159.70,17084,1,7.030,
spanner,159.70,17085,1,7.054,
spanner,159.71,17086,1,7.531,
spanner,159.72,17087,1,6.973,
spanner,159.72,17088,1,7.786,
spanner,159.73,17089,1,7.876,
spanner,159.74,17090,1,7.296,
spanner,159.75,17091,1,6.844,
spanner,159.75,17092,1,5.945,
spanner,159.76,17093,1,5.887,
spanner,159.77,17094,1,6.880,
spanner,159.77,17095,1,7.165,
spanner,159.78,17096,1,8.356,
spanner,159.79,17097,1,9.362,
spanner,159.80,17098,1,7.264,
spanner,159.81,17099,1,6.715,
spanner,159.81,17100,1,7.656,
spanner,159.82,17101,1,7.030,
spanner,159.83,17102,1,6.871,
spanner,159.83,17103,1,8.040,
spanner,159.84,17104,1,6.939,
spanner,159.85,17105,1,7.738,
spanner,159.86,17106,1,9.593,
spanner,159.87,17107,1,7.500,
spanner,159.87,17108,1,7.858,
spanner,159.88,17109,1,8.196,
spanner,159.89,17110,1,10.086,
spanner,159.90,17111,1,11.099,
spanner,159.91,17112,1,10.594,
spanner,159.92,17113,1,9.109,
spanner,159.93,17114,1,9.793,
spanner,159.94,17115,1,8.483,
spanner,159.95,17116,1,7.547,
spanner,159.96,17117,1,10.952,
spanner,159.97,17118,1,9.610,
spanner,159.98,17119,1,10.975,
spanner,159.99,17120,1,9.007,
spanner,160.00,17121,1,8.756,
spanner,160.01,17122,1,9.127,
spanner,160.02,17123,1,9.159,
spanner,160.02,17124,1,10.823,
spanner,160.04,17125,1,11.347,
spanner,160.05,17126,1,10.693,
spanner,160.06,17127,1,10.566,
spanner,160.07,17128,1,10.952,
spanner,160.08,17129,1,11.018,
spanner,160.09,17130,1,11.532,
spanner,160.10,17131,1,10.418,
spanner,160.11,17132,1,9.699,
spanner,160.12,17133,1,9.751,
spanner,160.13,17134,1,10.084,
spanner,160.14,17135,1,11.376,
spanner,160.15,17136,1,12.653,
spanner,160.17,17137,1,10.923,
spanner,160.18,17138,1,10.213,
spanner,160.19,17139,1,10.367,
spanner,160.20,17140,1,11.118,
spanner,160.21,17141,1,8.841,
spanner,160.22,17142,1,9.441,
spanner,160.23,17143,1,8.981,
spanner,160.24,17144,1,10.716,
spanner,160.25,17145,1,12.583,
spanner,160.26,17146,1,11.695,
spanner,160.27,17147,1,10.818,
spanner,160.28,17148,1,11.767,
spanner,160.29,17149,1,11.692,
spanner,160.31,17150,1,11.976,
spanner,160.32,17151,1,11.712,
spanner,160.33,17152,1,10.709,
spanner,160.34,17153,1,8.927,
spanner,160.35,17154,1,7.648,
spanner,160.36,17155,1,7.408,
spanner,160.36,17156,1,8.463,
spanner,160.37,17157,1,9.472,
spanner,160.38,17158,1,8.356,
spanner,160.39,17159,1,9.827,
spanner,160.40,17160,1,11.426,
spanner,160.41,17161,1,12.060,
spanner,160.42,17162,1,11.518,
spanner,160.44,17163,1,9.667,
spanner,160.45,17164,1,11.770,
spanner,160.46,17165,1,11.684,
spanner,160.47,17166,1,12.172,
spanner,160.48,17167,1,12.375,
spanner,160.49,17168,1,12.585,
spanner,160.51,17169,1,10.636,
spanner,160.52,17170,1,9.432,
spanner,160.53,17171,1,12.505,
spanner,160.54,17172,1,9.568,
spanner,160.55,17173,1,8.309,
spanner,160.56,17174,1,7.855,
spanner,160.56,17175,1,7.864,
spanner,160.57,17176,1,8.057,
spanner,160.58,17177,1,7.335,
spanner,160.59,17178,1,7.998,
spanner,160.60,17179,1,9.606,
spanner,160.61,17180,1,11.454,
spanner,160.62,17181,1,11.526,
spanner,160.63,17182,1,10.798,
spanner,160.64,17183,1,11.704,
spanner,160.65,17184,1,10.579,
spanner,160.66,17185,1,11.796,
spanner,160.67,17186,1,9.738,
spanner,160.68,17187,1,9.894,
spanner,160.69,17188,1,12.302,
spanner,160.71,17189,1,13.073,
spanner,160.72,17190,1,12.158,
spanner,160.73,17191,1,13.305,
spanner,160.74,17192,1,11.806,
spanner,160.76,17193,1,10.601,
spanner,160.77,17194,1,10.926,
spanner,160.78,17195,1,8.980,
spanner,160.79,17196,1,7.926,
spanner,160.80,17197,1,10.084,
spanner,160.81,17198,1,9.360,
spanner,160.81,17199,1,11.665,
spanner,160.83,17200,1,12.145,
spanner,160.84,17201,1,16.726,
spanner,160.86,17202,1,12.137,
spanner,160.87,17203,1,8.855,
spanner,160.88,17204,1,8.715,
spanner,160.89,17205,1,8.646,
spanner,160.89,17206,1,7.956,
spanner,160.90,17207,1,8.314,
spanner,160.91,17208,1,8.085,
spanner,160.92,17209,1,8.489,
spanner,160.93,17210,1,9.034,
spanner,160.94,17211,1,9.609,
spanner,160.95,17212,1,8.860,
spanner,160.95,17213,1,9.139,
spanner,160.96,17214,1,8.670,
spanner,160.97,17215,1,8.140,
spanner,160.98,17216,1,8.233,
spanner,160.99,17217,1,8.718,
spanner,161.00,17218,1,10.044,
spanner,161.01,17219,1,24.829,
spanner,161.03,17220,1,13.956,
spanner,161.05,17221,1,12.923,
spanner,161.06,17222,1,13.009,
spanner,161.07,17223,1,11.420,
spanner,161.08,17224,1,10.096,
spanner,161.09,17225,1,11.486,
spanner,161.11,17226,1,13.411,
spanner,161.12,17227,1,14.220,
spanner,161.13,17228,1,12.415,
spanner,161.15,17229,1,12.788,
spanner,161.16,17230,1,14.297,
spanner,161.17,17231,1,12.778,
spanner,161.19,17232,1,13.319,
spanner,161.20,17233,1,11.893,
spanner,161.21,17234,1,11.463,
spanner,161.22,17235,1,12.508,
spanner,161.24,17236,1,14.057,
spanner,161.25,17237,1,14.869,
spanner,161.26,17238,1,14.041,
spanner,161.28,17239,1,14.148,
spanner,161.29,17240,1,14.817,
spanner,161.31,17241,1,13.581,
spanner,161.32,17242,1,12.254,
spanner,161.33,17243,1,8.645,
spanner,161.34,17244,1,6.936,
spanner,161.35,17245,1,6.911,
spanner,161.36,17246,1,10.406,
spanner,161.37,17247,1,10.419,
spanner,161.38,17248,1,11.905,
spanner,161.39,17249,1,11.385,
spanner,161.40,17250,1,9.156,
spanner,161.41,17251,1,7.025,
spanner,161.42,17252,1,6.355,
spanner,161.42,17253,1,6.540,
spanner,161.43,17254,1,6.824,
spanner,161.44,17255,1,7.352,
spanner,161.44,17256,1,6.277,
spanner,161.45,17257,1,6.639,
spanner,161.46,17258,1,6.411,
spanner,161.46,17259,1,5.976,
spanner,161.47,17260,1,7.587,
spanner,161.48,17261,1,7.826,
spanner,161.48,17262,1,7.287,
spanner,161.49,17263,1,7.066,
spanner,161.50,17264,1,6.763,
spanner,161.51,17265,1,7.955,
spanner,161.51,17266,1,7.535,
spanner,161.52,17267,1,9.234,
spanner,161.53,17268,1,8.914,
spanner,161.54,17269,1,8.751,
spanner,161.55,17270,1,9.993,
spanner,161.56,17271,1,9.613,
spanner,161.57,17272,1,8.016,
spanner,161.58,17273,1,7.140,
spanner,161.58,17274,1,8.092,
spanner,161.59,17275,1,9.328,
spanner,161.60,17276,1,7.728,
spanner,161.61,17277,1,9.134,
spanner,161.62,17278,1,11.000,
spanner,161.63,17279,1,9.603,
spanner,161.64,17280,1,7.256,
spanner,161.65,17281,1,8.622,
spanner,161.65,17282,1,8.598,
spanner,161.66,17283,1,10.465,
spanner,161.67,17284,1,10.746,
spanner,161.68,17285,1,9.242,
spanner,161.69,17286,1,8.756,
spanner,161.70,17287,1,11.037,
spanner,161.71,17288,1,7.015,
spanner,161.72,17289,1,6.427,
spanner,161.73,17290,1,6.103,
spanner,161.73,17291,1,6.118,
spanner,161.74,17292,1,5.943,
spanner,161.74,17293,1,7.360,
spanner,161.75,17294,1,6.937,
spanner,161.76,17295,1,6.765,
spanner,161.77,17296,1,7.002,
spanner,161.77,17297,1,6.118,
spanner,161.78,17298,1,6.241,
spanner,161.79,17299,1,5.911,
spanner,161.79,17300,1,6.211,
spanner,161.80,17301,1,6.275,
spanner,161.80,17302,1,5.979,
spanner,161.81,17303,1,7.105,
spanner,161.82,17304,1,6.170,
spanner,161.82,17305,1,6.824,
spanner,161.83,17306,1,8.330,
spanner,161.84,17307,1,7.266,
spanner,161.85,17308,1,6.653,
spanner,161.85,17309,1,6.266,
spanner,161.86,17310,1,7.009,
spanner,161.87,17311,1,10.583,
spanner,161.88,17312,1,9.206,
spanner,161.89,17313,1,8.267,
spanner,161.89,17314,1,10.138,
spanner,161.90,17315,1,9.239,
spanner,161.91,17316,1,9.235,
spanner,161.92,17317,1,9.347,
spanner,161.93,17318,1,9.194,
spanner,161.94,17319,1,8.148,
spanner,161.95,17320,1,7.419,
spanner,161.96,17321,1,8.398,
spanner,161.97,17322,1,9.427,
spanner,161.97,17323,1,6.822,
spanner,161.98,17324,1,6.788,
spanner,161.99,17325,1,8.280,
spanner,162.00,17326,1,7.970,
spanner,162.00,17327,1,7.115,
spanner,162.01,17328,1,6.310,
spanner,162.02,17329,1,6.464,
spanner,162.02,17330,1,7.178,
spanner,162.03,17331,1,7.302,
spanner,162.04,17332,1,7.209,
spanner,162.05,17333,1,6.386,
spanner,162.05,17334,1,6.228,
spanner,162.06,17335,1,6.378,
spanner,162.07,17336,1,7.989,
spanner,162.07,17337,1,8.065,
spanner,162.08,17338,1,8.466,
spanner,162.09,17339,1,7.642,
spanner,162.10,17340,1,8.274,
spanner,162.11,17341,1,7.438,
spanner,162.11,17342,1,9.551,
spanner,162.12,17343,1,9.053,
spanner,162.13,17344,1,8.043,
spanner,162.14,17345,1,7.064,
spanner,162.15,17346,1,7.620,
spanner,162.16,17347,1,8.980,
spanner,162.16,17348,1,8.554,
spanner,162.17,17349,1,9.634,
spanner,162.18,17350,1,11.369,
spanner,162.19,17351,1,9.796,
spanner,162.20,17352,1,9.818,
spanner,162.21,17353,1,7.743,
spanner,162.22,17354,1,8.537,
spanner,162.23,17355,1,9.374,
spanner,162.24,17356,1,9.316,
spanner,162.25,17357,1,9.441,
spanner,162.26,17358,1,8.997,
spanner,162.27,17359,1,8.903,
spanner,162.28,17360,1,8.916,
spanner,162.29,17361,1,9.539,
spanner,162.29,17362,1,8.678,
spanner,162.30,17363,1,6.798,
spanner,162.31,17364,1,6.372,
spanner,162.32,17365,1,6.631,
spanner,162.32,17366,1,7.893,
spanner,162.33,17367,1,8.270,
spanner,162.34,17368,1,6.993,
spanner,162.35,17369,1,8.075,
spanner,162.35,17370,1,8.643,
spanner,162.36,17371,1,8.153,
spanner,162.37,17372,1,7.697,
spanner,162.38,17373,1,8.430,
spanner,162.39,17374,1,7.955,
spanner,162.40,17375,1,8.072,
spanner,162.40,17376,1,8.515,
spanner,162.41,17377,1,10.430,
spanner,162.42,17378,1,11.171,
spanner,162.43,17379,1,12.071,
spanner,162.45,17380,1,11.069,
spanner,162.46,17381,1,10.283,
spanner,162.47,17382,1,8.675,
spanner,162.48,17383,1,8.435,
spanner,162.48,17384,1,8.964,
spanner,162.49,17385,1,11.366,
spanner,162.51,17386,1,12.189,
spanner,162.52,17387,1,8.362,
spanner,162.53,17388,1,7.773,
spanner,162.53,17389,1,10.086,
spanner,162.54,17390,1,10.815,
spanner,162.55,17391,1,10.436,
spanner,162.57,17392,1,12.736,
spanner,162.58,17393,1,11.854,
spanner,162.59,17394,1,10.085,
spanner,162.60,17395,1,12.876,
spanner,162.61,17396,1,9.903,
spanner,162.62,17397,1,9.729,
spanner,162.63,17398,1,11.202,
spanner,162.64,17399,1,11.206,
spanner,162.65,17400,1,11.211,
spanner,162.67,17401,1,12.374,
spanner,162.68,17402,1,12.955,
spanner,162.69,17403,1,10.701,
spanner,162.70,17404,1,13.579,
spanner,162.72,17405,1,11.363,
spanner,162.73,17406,1,10.110,
spanner,162.74,17407,1,8.728,
spanner,162.75,17408,1,10.012,
spanner,162.76,17409,1,9.775,
spanner,162.77,17410,1,11.511,
spanner,162.78,17411,1,11.727,
spanner,162.79,17412,1,11.498,
spanner,162.80,17413,1,11.385,
spanner,162.81,17414,1,11.929,
spanner,162.82,17415,1,11.564,
spanner,162.84,17416,1,12.209,
spanner,162.85,17417,1,12.614,
spanner,162.86,17418,1,11.005,
spanner,162.87,17419,1,12.971,
spanner,162.89,17420,1,11.153,
spanner,162.90,17421,1,9.775,
spanner,162.91,17422,1,10.490,
spanner,162.92,17423,1,9.980,
spanner,162.93,17424,1,9.626,
spanner,162.94,17425,1,10.729,
spanner,162.95,17426,1,13.312,
spanner,162.96,17427,1,10.931,
spanner,162.97,17428,1,10.125,
spanner,162.98,17429,1,9.348,
spanner,162.99,17430,1,9.914,
spanner,163.00,17431,1,11.026,
spanner,163.01,17432,1,9.967,
spanner,163.02,17433,1,11.438,
spanner,163.03,17434,1,13.552,
spanner,163.05,17435,1,13.577,
spanner,163.06,17436,1,14.216,
spanner,163.07,17437,1,11.840,
spanner,163.09,17438,1,10.275,
spanner,163.10,17439,1,8.746,
spanner,163.11,17440,1,7.606,
spanner,163.11,17441,1,7.697,
spanner,163.12,17442,1,8.973,
spanner,163.13,17443,1,9.564,
spanner,163.14,17444,1,8.786,
spanner,163.15,17445,1,8.631,
spanner,163.16,17446,1,8.178,
spanner,163.17,17447,1,7.656,
spanner,163.17,17448,1,8.255,
spanner,163.18,17449,1,10.356,
spanner,163.19,17450,1,11.838,
spanner,163.20,17451,1,12.085,
spanner,163.22,17452,1,11.857,
spanner,163.23,17453,1,9.418,
spanner,163.24,17454,1,10.433,
spanner,163.25,17455,1,11.086,
spanner,163.26,17456,1,11.127,
spanner,163.27,17457,1,11.771,
spanner,163.28,17458,1,9.160,
spanner,163.29,17459,1,8.647,
spanner,163.30,17460,1,8.092,
spanner,163.31,17461,1,10.369,
spanner,163.32,17462,1,16.251,
spanner,163.33,17463,1,13.236,
spanner,163.35,17464,1,11.628,
spanner,163.36,17465,1,11.878,
spanner,163.37,17466,1,11.952,
spanner,163.38,17467,1,14.599,
spanner,163.40,17468,1,14.166,
spanner,163.41,17469,1,13.038,
spanner,163.43,17470,1,11.137,
spanner,163.44,17471,1,10.970,
spanner,163.45,17472,1,10.934,
spanner,163.46,17473,1,11.529,
spanner,163.47,17474,1,11.955,
spanner,163.48,17475,1,9.886,
spanner,163.49,17476,1,8.360,
spanner,163.50,17477,1,7.442,
spanner,163.51,17478,1,7.154,
spanner,163.52,17479,1,7.400,
spanner,163.52,17480,1,10.789,
spanner,163.53,17481,1,10.384,
spanner,163.54,17482,1,11.850,
spanner,163.56,17483,1,8.718,
spanner,163.56,17484,1,10.740,
spanner,163.58,17485,1,10.830,
spanner,163.59,17486,1,10.260,
spanner,163.60,17487,1,10.316,
spanner,163.61,17488,1,8.957,
spanner,163.62,17489,1,8.183,
spanner,163.62,17490,1,7.503,
spanner,163.63,17491,1,9.821,
spanner,163.64,17492,1,11.882,
spanner,163.65,17493,1,8.406,
spanner,163.66,17494,1,8.582,
spanner,163.67,17495,1,7.426,
spanner,163.68,17496,1,7.068,
spanner,163.68,17497,1,6.794,
spanner,163.69,17498,1,6.641,
spanner,163.70,17499,1,6.801,
spanner,163.71,17500,1,7.424,
spanner,163.71,17501,1,6.946,
spanner,163.72,17502,1,7.799,
spanner,163.73,17503,1,7.134,
spanner,163.73,17504,1,7.499,
spanner,163.74,17505,1,6.666,
spanner,163.75,17506,1,6.704,
spanner,163.76,17507,1,6.434,
spanner,163.76,17508,1,6.824,
spanner,163.77,17509,1,6.955,
spanner,163.78,17510,1,7.285,
spanner,163.78,17511,1,7.339,
spanner,163.79,17512,1,9.061,
spanner,163.80,17513,1,7.006,
spanner,163.81,17514,1,6.485,
spanner,163.81,17515,1,5.684,
spanner,163.82,17516,1,7.673,
spanner,163.83,17517,1,9.152,
spanner,163.84,17518,1,8.331,
spanner,163.84,17519,1,8.340,
spanner,163.85,17520,1,7.365,
spanner,163.86,17521,1,6.702,
spanner,163.87,17522,1,6.830,
spanner,163.87,17523,1,6.988,
spanner,163.88,17524,1,6.197,
spanner,163.89,17525,1,6.777,
spanner,163.89,17526,1,6.974,
spanner,163.90,17527,1,6.803,
spanner,163.91,17528,1,6.457,
spanner,163.91,17529,1,6.209,
spanner,163.92,17530,1,6.130,
spanner,163.93,17531,1,5.900,
spanner,163.93,17532,1,5.736,
spanner,163.94,17533,1,7.109,
spanner,163.95,17534,1,9.277,
spanner,163.95,17535,1,8.243,
spanner,163.96,17536,1,7.625,
spanner,163.97,17537,1,6.752,
spanner,163.98,17538,1,6.450,
spanner,163.98,17539,1,6.886,
spanner,163.99,17540,1,6.504,
spanner,164.00,17541,1,8.400,
spanner,164.01,17542,1,9.159,
spanner,164.01,17543,1,7.279,
spanner,164.02,17544,1,6.866,
spanner,164.03,17545,1,6.857,
spanner,164.04,17546,1,6.944,
spanner,164.04,17547,1,6.818,
spanner,164.05,17548,1,8.376,
spanner,164.06,17549,1,6.775,
spanner,164.06,17550,1,6.801,
spanner,164.07,17551,1,8.936,
spanner,164.08,17552,1,8.078,
spanner,164.09,17553,1,7.721,
spanner,164.10,17554,1,7.419,
spanner,164.10,17555,1,8.693,
spanner,164.11,17556,1,7.744,
spanner,164.12,17557,1,8.093,
spanner,164.13,17558,1,7.697,
spanner,164.14,17559,1,8.755,
spanner,164.15,17560,1,7.200,
spanner,164.15,17561,1,7.008,
spanner,164.16,17562,1,7.261,
spanner,164.17,17563,1,8.238,
spanner,164.17,17564,1,7.056,
spanner,164.18,17565,1,7.015,
spanner,164.19,17566,1,7.099,
spanner,164.20,17567,1,7.351,
spanner,164.20,17568,1,7.245,
spanner,164.21,17569,1,6.908,
spanner,164.22,17570,1,6.849,
spanner,164.22,17571,1,9.006,
spanner,164.23,17572,1,8.336,
spanner,164.24,17573,1,8.917,
spanner,164.25,17574,1,8.478,
spanner,164.26,17575,1,7.551,
spanner,164.27,17576,1,7.590,
spanner,164.27,17577,1,9.841,
spanner,164.28,17578,1,8.196,
spanner,164.29,17579,1,7.429,
spanner,164.30,17580,1,11.000,
spanner,164.31,17581,1,11.373,
spanner,164.32,17582,1,11.122,
spanner,164.33,17583,1,12.636,
spanner,164.35,17584,1,13.357,
spanner,164.36,17585,1,11.485,
spanner,164.37,17586,1,11.316,
spanner,164.38,17587,1,11.555,
spanner,164.39,17588,1,11.180,
spanner,164.41,17589,1,12.342,
spanner,164.42,17590,1,12.277,
spanner,164.43,17591,1,11.280,
spanner,164.44,17592,1,11.655,
spanner,164.45,17593,1,10.274,
spanner,164.46,17594,1,10.381,
spanner,164.47,17595,1,8.299,
spanner,164.48,17596,1,6.605,
spanner,164.49,17597,1,6.958,
spanner,164.50,17598,1,6.898,
spanner,164.50,17599,1,7.119,
spanner,164.51,17600,1,9.655,
spanner,164.52,17601,1,11.156,
spanner,164.53,17602,1,8.402,
spanner,164.54,17603,1,8.657,
spanner,164.55,17604,1,12.517,
spanner,164.56,17605,1,12.511,
spanner,164.57,17606,1,11.088,
spanner,164.58,17607,1,9.887,
spanner,164.59,17608,1,11.589,
spanner,164.61,17609,1,12.127,
spanner,164.62,17610,1,8.977,
spanner,164.63,17611,1,8.145,
spanner,164.64,17612,1,8.733,
spanner,164.64,17613,1,8.330,
spanner,164.65,17614,1,8.306,
spanner,164.66,17615,1,10.346,
spanner,164.67,17616,1,10.903,
spanner,164.68,17617,1,11.153,
spanner,164.69,17618,1,12.467,
spanner,164.71,17619,1,11.051,
spanner,164.72,17620,1,9.072,
spanner,164.73,17621,1,10.368,
spanner,164.74,17622,1,10.731,
spanner,164.75,17623,1,11.058,
spanner,164.76,17624,1,7.639,
spanner,164.77,17625,1,7.296,
spanner,164.77,17626,1,7.719,
spanner,164.78,17627,1,9.008,
spanner,164.79,17628,1,8.471,
spanner,164.80,17629,1,7.783,
spanner,164.81,17630,1,9.023,
spanner,164.82,17631,1,10.647,
spanner,164.83,17632,1,11.003,
spanner,164.84,17633,1,12.971,
spanner,164.85,17634,1,12.053,
spanner,164.86,17635,1,11.119,
spanner,164.87,17636,1,8.050,
spanner,164.88,17637,1,8.502,
spanner,164.89,17638,1,8.134,
spanner,164.90,17639,1,8.736,
spanner,164.91,17640,1,9.772,
spanner,164.92,17641,1,11.256,
spanner,164.93,17642,1,12.936,
spanner,164.94,17643,1,12.030,
spanner,164.95,17644,1,12.797,
spanner,164.97,17645,1,9.666,
spanner,164.98,17646,1,8.638,
spanner,164.98,17647,1,7.754,
spanner,164.99,17648,1,8.132,
spanner,165.00,17649,1,8.056,
spanner,165.01,17650,1,8.364,
spanner,165.02,17651,1,8.551,
spanner,165.03,17652,1,8.776,
spanner,165.03,17653,1,10.215,
spanner,165.04,17654,1,11.494,
spanner,165.06,17655,1,10.577,
spanner,165.07,17656,1,12.532,
spanner,165.08,17657,1,10.244,
spanner,165.09,17658,1,8.829,
spanner,165.10,17659,1,8.019,
spanner,165.11,17660,1,8.762,
spanner,165.12,17661,1,8.377,
spanner,165.12,17662,1,11.113,
spanner,165.13,17663,1,8.718,
spanner,165.14,17664,1,8.801,
spanner,165.15,17665,1,9.328,
spanner,165.16,17666,1,13.065,
spanner,165.18,17667,1,13.784,
spanner,165.19,17668,1,10.687,
spanner,165.20,17669,1,8.586,
spanner,165.21,17670,1,9.233,
spanner,165.22,17671,1,8.718,
spanner,165.23,17672,1,8.628,
spanner,165.23,17673,1,7.493,
spanner,165.24,17674,1,7.131,
spanner,165.25,17675,1,6.333,
spanner,165.26,17676,1,6.474,
spanner,165.26,17677,1,7.067,
spanner,165.27,17678,1,8.300,
spanner,165.28,17679,1,8.024,
spanner,165.29,17680,1,9.636,
spanner,165.30,17681,1,8.269,
spanner,165.30,17682,1,9.214,
spanner,165.31,17683,1,10.056,
spanner,165.32,17684,1,9.022,
spanner,165.33,17685,1,9.555,
spanner,165.34,17686,1,8.675,
spanner,165.35,17687,1,7.963,
spanner,165.36,17688,1,7.162,
spanner,165.37,17689,1,8.267,
spanner,165.37,17690,1,9.877,
spanner,165.38,17691,1,10.402,
spanner,165.39,17692,1,9.384,
spanner,165.40,17693,1,9.469,
spanner,165.41,17694,1,12.195,
spanner,165.43,17695,1,9.016,
spanner,165.43,17696,1,10.675,
spanner,165.45,17697,1,11.282,
spanner,165.46,17698,1,10.043,
spanner,165.47,17699,1,9.537,
spanner,165.48,17700,1,9.885,
spanner,165.49,17701,1,7.536,
spanner,165.49,17702,1,7.672,
spanner,165.50,17703,1,7.543,
spanner,165.51,17704,1,6.814,
spanner,165.52,17705,1,8.553,
spanner,165.52,17706,1,7.551,
spanner,165.53,17707,1,7.115,
spanner,165.54,17708,1,6.517,
spanner,165.55,17709,1,6.348,
spanner,165.55,17710,1,6.293,
spanner,165.56,17711,1,7.177,
spanner,165.57,17712,1,8.070,
spanner,165.57,17713,1,8.061,
spanner,165.58,17714,1,8.439,
spanner,165.59,17715,1,9.102,
spanner,165.60,17716,1,8.921,
spanner,165.61,17717,1,8.068,
spanner,165.62,17718,1,8.329,
spanner,165.62,17719,1,8.815,
spanner,165.63,17720,1,9.164,
spanner,165.64,17721,1,8.743,
spanner,165.65,17722,1,8.318,
spanner,165.66,17723,1,8.470,
spanner,165.67,17724,1,8.000,
spanner,165.68,17725,1,9.975,
spanner,165.69,17726,1,10.548,
spanner,165.70,17727,1,8.405,
spanner,165.71,17728,1,7.958,
spanner,165.71,17729,1,7.509,
spanner,165.72,17730,1,6.977,
spanner,165.73,17731,1,6.105,
spanner,165.73,17732,1,7.801,
spanner,165.74,17733,1,7.755,
spanner,165.75,17734,1,5.834,
spanner,165.76,17735,1,7.869,
spanner,165.76,17736,1,7.369,
spanner,165.77,17737,1,7.560,
spanner,165.78,17738,1,7.445,
spanner,165.79,17739,1,7.710,
spanner,165.79,17740,1,7.834,
spanner,165.80,17741,1,6.466,
spanner,165.81,17742,1,8.430,
spanner,165.82,17743,1,7.352,
spanner,165.82,17744,1,6.288,
spanner,165.83,17745,1,6.159,
spanner,165.84,17746,1,6.238,
spanner,165.84,17747,1,7.679,
spanner,165.85,17748,1,10.851,
spanner,165.86,17749,1,7.249,
spanner,165.87,17750,1,6.975,
spanner,165.88,17751,1,7.108,
spanner,165.88,17752,1,7.908,
spanner,165.89,17753,1,7.377,
spanner,165.90,17754,1,6.499,
spanner,165.90,17755,1,6.770,
spanner,165.91,17756,1,6.895,
spanner,165.92,17757,1,7.025,
spanner,165.93,17758,1,6.849,
spanner,165.93,17759,1,6.821,
spanner,165.94,17760,1,7.053,
spanner,165.95,17761,1,6.931,
spanner,165.95,17762,1,8.225,
spanner,165.96,17763,1,7.120,
spanner,165.97,17764,1,7.843,
spanner,165.98,17765,1,9.621,
spanner,165.99,17766,1,11.466,
spanner,166.00,17767,1,10.168,
spanner,166.01,17768,1,9.375,
spanner,166.02,17769,1,8.146,
spanner,166.03,17770,1,8.043,
spanner,166.03,17771,1,10.860,
spanner,166.04,17772,1,10.747,
spanner,166.06,17773,1,8.301,
spanner,166.06,17774,1,7.402,
spanner,166.07,17775,1,6.479,
spanner,166.08,17776,1,7.033,
spanner,166.08,17777,1,9.000,
spanner,166.09,17778,1,9.821,
spanner,166.10,17779,1,8.674,
spanner,166.11,17780,1,8.241,
spanner,166.12,17781,1,7.160,
spanner,166.13,17782,1,7.954,
spanner,166.14,17783,1,7.895,
spanner,166.14,17784,1,7.201,
spanner,166.15,17785,1,6.805,
spanner,166.16,17786,1,8.088,
spanner,166.17,17787,1,11.033,
spanner,166.18,17788,1,9.495,
spanner,166.19,17789,1,8.947,
spanner,166.20,17790,1,9.296,
spanner,166.20,17791,1,10.145,
spanner,166.21,17792,1,8.573,
spanner,166.22,17793,1,9.884,
spanner,166.23,17794,1,10.501,
spanner,166.24,17795,1,12.911,
spanner,166.26,17796,1,11.464,
spanner,166.27,17797,1,11.156,
spanner,166.28,17798,1,9.819,
spanner,166.29,17799,1,9.820,
spanner,166.30,17800,1,9.422,
spanner,166.31,17801,1,8.638,
spanner,166.32,17802,1,8.556,
spanner,166.33,17803,1,7.611,
spanner,166.33,17804,1,8.265,
spanner,166.34,17805,1,7.234,
spanner,166.35,17806,1,7.401,
spanner,166.36,17807,1,6.890,
spanner,166.36,17808,1,6.527,
spanner,166.37,17809,1,6.847,
spanner,166.38,17810,1,6.678,
spanner,166.38,17811,1,7.385,
spanner,166.39,17812,1,7.930,
spanner,166.40,17813,1,7.659,
spanner,166.41,17814,1,7.803,
spanner,166.41,17815,1,7.985,
spanner,166.42,17816,1,9.388,
spanner,166.43,17817,1,9.594,
spanner,166.44,17818,1,8.893,
spanner,166.45,17819,1,11.390,
spanner,166.46,17820,1,11.388,
spanner,166.47,17821,1,11.501,
spanner,166.48,17822,1,13.976,
spanner,166.50,17823,1,8.644,
spanner,166.51,17824,1,8.133,
spanner,166.52,17825,1,7.753,
spanner,166.52,17826,1,7.853,
spanner,166.53,17827,1,9.892,
spanner,166.54,17828,1,10.290,
spanner,166.55,17829,1,9.797,
spanner,166.56,17830,1,12.320,
spanner,166.57,17831,1,12.157,
spanner,166.59,17832,1,12.788,
spanner,166.60,17833,1,11.542,
spanner,166.61,17834,1,9.638,
spanner,166.62,17835,1,8.946,
spanner,166.63,17836,1,10.639,
spanner,166.64,17837,1,12.137,
spanner,166.65,17838,1,14.275,
spanner,166.67,17839,1,9.493,
spanner,166.68,17840,1,8.832,
spanner,166.68,17841,1,8.377,
spanner,166.69,17842,1,9.911,
spanner,166.70,17843,1,10.119,
spanner,166.71,17844,1,9.499,
spanner,166.72,17845,1,9.838,
spanner,166.73,17846,1,11.178,
spanner,166.74,17847,1,10.252,
spanner,166.75,17848,1,8.909,
spanner,166.76,17849,1,8.781,
spanner,166.77,17850,1,8.707,
spanner,166.78,17851,1,8.518,
spanner,166.79,17852,1,8.285,
spanner,166.80,17853,1,8.348,
spanner,166.81,17854,1,8.841,
spanner,166.81,17855,1,11.724,
spanner,166.83,17856,1,13.183,
spanner,166.84,17857,1,13.237,
spanner,166.85,17858,1,12.203,
spanner,166.87,17859,1,10.369,
spanner,166.88,17860,1,9.597,
spanner,166.89,17861,1,12.012,
spanner,166.90,17862,1,12.271,
spanner,166.91,17863,1,9.836,
spanner,166.92,17864,1,8.955,
spanner,166.93,17865,1,9.652,
spanner,166.94,17866,1,13.015,
spanner,166.95,17867,1,13.581,
spanner,166.97,17868,1,11.350,
spanner,166.98,17869,1,9.577,
spanner,166.99,17870,1,8.547,
spanner,166.99,17871,1,8.593,
spanner,167.00,17872,1,8.504,
spanner,167.01,17873,1,10.120,
spanner,167.02,17874,1,10.261,
spanner,167.03,17875,1,10.047,
spanner,167.04,17876,1,10.672,
spanner,167.05,17877,1,10.515,
spanner,167.06,17878,1,10.111,
spanner,167.07,17879,1,12.150,
spanner,167.09,17880,1,12.281,
spanner,167.10,17881,1,11.389,
spanner,167.11,17882,1,11.048,
spanner,167.12,17883,1,10.334,
spanner,167.13,17884,1,11.468,
spanner,167.14,17885,1,11.998,
spanner,167.15,17886,1,9.931,
spanner,167.16,17887,1,8.087,
spanner,167.17,17888,1,7.755,
spanner,167.18,17889,1,9.951,
spanner,167.19,17890,1,11.349,
spanner,167.20,17891,1,10.634,
spanner,167.21,17892,1,10.225,
spanner,167.22,17893,1,12.566,
spanner,167.24,17894,1,11.184,
spanner,167.25,17895,1,10.009,
spanner,167.26,17896,1,12.453,
spanner,167.27,17897,1,13.572,
spanner,167.28,17898,1,13.727,
spanner,167.30,17899,1,12.293,
spanner,167.31,17900,1,11.847,
spanner,167.32,17901,1,9.774,
spanner,167.33,17902,1,8.496,
spanner,167.34,17903,1,10.397,
spanner,167.35,17904,1,9.883,
spanner,167.36,17905,1,11.529,
spanner,167.37,17906,1,7.532,
spanner,167.38,17907,1,6.631,
spanner,167.39,17908,1,5.819,
spanner,167.39,17909,1,7.484,
spanner,167.40,17910,1,9.983,
spanner,167.41,17911,1,10.795,
spanner,167.42,17912,1,9.108,
spanner,167.43,17913,1,7.586,
spanner,167.44,17914,1,6.600,
spanner,167.44,17915,1,6.160,
spanner,167.45,17916,1,7.616,
spanner,167.46,17917,1,8.478,
spanner,167.47,17918,1,9.975,
spanner,167.48,17919,1,10.612,
spanner,167.49,17920,1,9.519,
spanner,167.50,17921,1,11.062,
spanner,167.51,17922,1,12.512,
spanner,167.52,17923,1,11.135,
spanner,167.53,17924,1,10.516,
spanner,167.54,17925,1,10.705,
spanner,167.55,17926,1,11.646,
spanner,167.56,17927,1,10.651,
spanner,167.57,17928,1,10.446,
spanner,167.58,17929,1,10.363,
spanner,167.60,17930,1,10.252,
spanner,167.61,17931,1,10.335,
spanner,167.62,17932,1,10.590,
spanner,167.63,17933,1,11.794,
spanner,167.64,17934,1,8.445,
spanner,167.65,17935,1,6.966,
spanner,167.65,17936,1,6.352,
spanner,167.66,17937,1,6.087,
spanner,167.67,17938,1,6.197,
spanner,167.67,17939,1,6.748,
spanner,167.68,17940,1,7.980,
spanner,167.69,17941,1,10.530,
spanner,167.70,17942,1,8.857,
spanner,167.71,17943,1,7.704,
spanner,167.71,17944,1,7.502,
spanner,167.72,17945,1,6.528,
spanner,167.73,17946,1,7.387,
spanner,167.74,17947,1,6.928,
spanner,167.74,17948,1,6.314,
spanner,167.75,17949,1,6.161,
spanner,167.76,17950,1,8.058,
spanner,167.76,17951,1,8.077,
spanner,167.77,17952,1,6.826,
spanner,167.78,17953,1,6.289,
spanner,167.78,17954,1,8.271,
spanner,167.79,17955,1,9.133,
spanner,167.80,17956,1,8.028,
spanner,167.81,17957,1,7.623,
spanner,167.82,17958,1,7.451,
spanner,167.83,17959,1,8.978,
spanner,167.83,17960,1,10.792,
spanner,167.85,17961,1,8.670,
spanner,167.85,17962,1,8.361,
spanner,167.86,17963,1,7.121,
spanner,167.87,17964,1,7.173,
spanner,167.88,17965,1,9.362,
spanner,167.89,17966,1,10.739,
spanner,167.90,17967,1,11.822,
spanner,167.91,17968,1,11.223,
spanner,167.92,17969,1,10.162,
spanner,167.93,17970,1,10.052,
spanner,167.94,17971,1,10.090,
spanner,167.95,17972,1,12.175,
spanner,167.96,17973,1,11.658,
spanner,167.97,17974,1,11.688,
spanner,167.99,17975,1,9.694,
spanner,168.00,17976,1,7.911,
spanner,168.00,17977,1,7.629,
spanner,168.01,17978,1,7.269,
spanner,168.02,17979,1,6.850,
spanner,168.03,17980,1,7.734,
spanner,168.03,17981,1,9.292,
spanner,168.04,17982,1,9.695,
spanner,168.05,17983,1,10.186,
spanner,168.06,17984,1,8.891,
spanner,168.07,17985,1,7.463,
spanner,168.08,17986,1,6.968,
spanner,168.09,17987,1,6.655,
spanner,168.09,17988,1,7.837,
spanner,168.10,17989,1,7.582,
spanner,168.11,17990,1,7.015,
spanner,168.12,17991,1,8.597,
spanner,168.12,17992,1,8.696,
spanner,168.13,17993,1,8.003,
spanner,168.14,17994,1,7.606,
spanner,168.15,17995,1,7.288,
spanner,168.16,17996,1,7.001,
spanner,168.16,17997,1,7.271,
spanner,168.17,17998,1,7.615,
spanner,168.18,17999,1,7.535,
spanner,168.19,18000,1,7.118,
spanner,168.19,18001,1,6.330,
spanner,168.20,18002,1,6.403,
spanner,168.21,18003,1,8.297,
spanner,168.21,18004,1,6.904,
spanner,168.22,18005,1,7.263,
spanner,168.23,18006,1,6.678,
spanner,168.23,18007,1,6.429,
spanner,168.24,18008,1,7.133,
spanner,168.25,18009,1,7.275,
spanner,168.26,18010,1,6.834,
spanner,168.26,18011,1,8.564,
spanner,168.27,18012,1,8.329,
spanner,168.28,18013,1,9.027,
spanner,168.29,18014,1,9.396,
spanner,168.30,18015,1,11.208,
spanner,168.31,18016,1,13.349,
spanner,168.32,18017,1,11.022,
spanner,168.33,18018,1,10.593,
spanner,168.34,18019,1,9.519,
spanner,168.35,18020,1,10.287,
spanner,168.36,18021,1,10.287,
spanner,168.37,18022,1,10.764,
spanner,168.38,18023,1,13.275,
spanner,168.40,18024,1,12.900,
spanner,168.41,18025,1,12.659,
spanner,168.42,18026,1,11.325,
spanner,168.44,18027,1,11.236,
spanner,168.45,18028,1,12.014,
spanner,168.46,18029,1,11.459,
spanner,168.47,18030,1,11.076,
spanner,168.48,18031,1,11.254,
spanner,168.49,18032,1,9.748,
spanner,168.50,18033,1,8.474,
spanner,168.51,18034,1,8.774,
spanner,168.52,18035,1,9.057,
spanner,168.53,18036,1,8.688,
spanner,168.54,18037,1,9.197,
spanner,168.55,18038,1,7.768,
spanner,168.55,18039,1,7.783,
spanner,168.56,18040,1,8.396,
spanner,168.57,18041,1,8.182,
spanner,168.58,18042,1,8.668,
spanner,168.59,18043,1,8.988,
spanner,168.60,18044,1,8.511,
spanner,168.61,18045,1,8.500,
spanner,168.61,18046,1,10.523,
spanner,168.62,18047,1,12.683,
spanner,168.64,18048,1,11.870,
spanner,168.65,18049,1,10.135,
spanner,168.66,18050,1,11.234,
spanner,168.67,18051,1,11.393,
spanner,168.68,18052,1,10.445,
spanner,168.69,18053,1,11.920,
spanner,168.70,18054,1,12.183,
spanner,168.72,18055,1,11.383,
spanner,168.73,18056,1,11.008,
spanner,168.74,18057,1,12.209,
spanner,168.75,18058,1,11.002,
spanner,168.76,18059,1,11.378,
spanner,168.77,18060,1,11.533,
spanner,168.79,18061,1,13.111,
spanner,168.80,18062,1,12.299,
spanner,168.81,18063,1,13.748,
spanner,168.82,18064,1,10.164,
spanner,168.83,18065,1,8.149,
spanner,168.84,18066,1,8.313,
spanner,168.85,18067,1,9.004,
spanner,168.86,18068,1,8.909,
spanner,168.87,18069,1,7.637,
spanner,168.88,18070,1,8.914,
spanner,168.89,18071,1,8.828,
spanner,168.89,18072,1,8.534,
spanner,168.90,18073,1,9.538,
spanner,168.91,18074,1,9.755,
spanner,168.92,18075,1,8.143,
spanner,168.93,18076,1,8.105,
spanner,168.94,18077,1,7.637,
spanner,168.95,18078,1,8.735,
spanner,168.96,18079,1,10.913,
spanner,168.97,18080,1,11.929,
spanner,168.98,18081,1,12.212,
spanner,168.99,18082,1,12.320,
spanner,169.00,18083,1,12.399,
spanner,169.02,18084,1,11.508,
spanner,169.03,18085,1,12.836,
spanner,169.04,18086,1,14.681,
spanner,169.05,18087,1,13.080,
spanner,169.07,18088,1,12.957,
spanner,169.08,18089,1,12.500,
spanner,169.09,18090,1,14.214,
spanner,169.11,18091,1,13.609,
spanner,169.12,18092,1,12.474,
spanner,169.13,18093,1,12.327,
spanner,169.15,18094,1,11.911,
spanner,169.16,18095,1,10.888,
spanner,169.17,18096,1,9.123,
spanner,169.18,18097,1,9.847,
spanner,169.19,18098,1,8.253,
spanner,169.20,18099,1,11.366,
spanner,169.21,18100,1,11.396,
spanner,169.22,18101,1,10.766,
spanner,169.23,18102,1,9.904,
spanner,169.24,18103,1,8.349,
spanner,169.25,18104,1,8.564,
spanner,169.26,18105,1,10.013,
spanner,169.27,18106,1,9.974,
spanner,169.28,18107,1,10.075,
spanner,169.29,18108,1,9.714,
spanner,169.30,18109,1,10.062,
spanner,169.31,18110,1,10.996,
spanner,169.32,18111,1,11.502,
spanner,169.33,18112,1,9.865,
spanner,169.34,18113,1,7.065,
spanner,169.35,18114,1,6.745,
spanner,169.35,18115,1,6.232,
spanner,169.36,18116,1,6.146,
spanner,169.37,18117,1,7.048,
spanner,169.37,18118,1,7.386,
spanner,169.38,18119,1,6.540,
spanner,169.39,18120,1,7.561,
spanner,169.39,18121,1,7.067,
spanner,169.40,18122,1,8.403,
spanner,169.41,18123,1,9.064,
spanner,169.42,18124,1,8.206,
spanner,169.43,18125,1,7.732,
spanner,169.43,18126,1,6.749,
spanner,169.44,18127,1,8.067,
spanner,169.45,18128,1,9.237,
spanner,169.46,18129,1,9.957,
spanner,169.47,18130,1,11.872,
spanner,169.48,18131,1,11.278,
spanner,169.49,18132,1,9.082,
spanner,169.50,18133,1,7.970,
spanner,169.51,18134,1,9.678,
spanner,169.52,18135,1,11.960,
spanner,169.53,18136,1,8.729,
spanner,169.54,18137,1,9.095,
spanner,169.55,18138,1,9.669,
spanner,169.56,18139,1,8.175,
spanner,169.57,18140,1,7.393,
spanner,169.57,18141,1,7.014,
spanner,169.58,18142,1,8.985,
spanner,169.59,18143,1,10.920,
spanner,169.60,18144,1,7.683,
spanner,169.61,18145,1,7.547,
spanner,169.62,18146,1,6.835,
spanner,169.62,18147,1,6.431,
spanner,169.63,18148,1,7.428,
spanner,169.64,18149,1,7.190,
spanner,169.64,18150,1,7.285,
spanner,169.65,18151,1,7.040,
spanner,169.66,18152,1,8.405,
spanner,169.67,18153,1,7.963,
spanner,169.68,18154,1,7.172,
spanner,169.68,18155,1,9.732,
spanner,169.69,18156,1,9.622,
spanner,169.70,18157,1,9.476,
spanner,169.71,18158,1,6.717,
spanner,169.72,18159,1,6.570,
spanner,169.72,18160,1,6.498,
spanner,169.73,18161,1,8.060,
spanner,169.74,18162,1,7.730,
spanner,169.75,18163,1,7.082,
spanner,169.75,18164,1,7.933,
spanner,169.76,18165,1,6.864,
spanner,169.77,18166,1,7.439,
spanner,169.78,18167,1,6.926,
spanner,169.78,18168,1,6.839,
spanner,169.79,18169,1,7.142,
spanner,169.80,18170,1,7.591,
spanner,169.81,18171,1,8.215,
spanner,169.81,18172,1,8.889,
spanner,169.82,18173,1,8.192,
spanner,169.83,18174,1,8.241,
spanner,169.84,18175,1,10.015,
spanner,169.85,18176,1,9.955,
spanner,169.86,18177,1,10.549,
spanner,169.87,18178,1,7.408,
spanner,169.88,18179,1,7.038,
spanner,169.88,18180,1,7.316,
spanner,169.89,18181,1,6.927,
spanner,169.90,18182,1,7.916,
spanner,169.91,18183,1,7.708,
spanner,169.91,18184,1,7.059,
spanner,169.92,18185,1,9.124,
spanner,169.93,18186,1,8.975,
spanner,169.94,18187,1,9.878,
spanner,169.95,18188,1,7.452,
spanner,169.96,18189,1,7.660,
spanner,169.96,18190,1,9.479,
spanner,169.97,18191,1,7.989,
spanner,169.98,18192,1,7.628,
spanner,169.99,18193,1,7.369,
spanner,170.00,18194,1,7.830,
spanner,170.00,18195,1,9.367,
spanner,170.01,18196,1,10.601,
spanner,170.02,18197,1,11.629,
spanner,170.04,18198,1,10.389,
spanner,170.05,18199,1,12.611,
spanner,170.06,18200,1,11.674,
spanner,170.07,18201,1,12.044,
spanner,170.08,18202,1,12.664,
spanner,170.10,18203,1,11.787,
spanner,170.11,18204,1,10.982,
spanner,170.12,18205,1,9.888,
spanner,170.13,18206,1,10.138,
spanner,170.14,18207,1,10.458,
spanner,170.15,18208,1,11.125,
spanner,170.16,18209,1,10.904,
spanner,170.17,18210,1,10.802,
spanner,170.18,18211,1,12.555,
spanner,170.20,18212,1,11.468,
spanner,170.21,18213,1,9.618,
spanner,170.22,18214,1,7.981,
spanner,170.22,18215,1,7.674,
spanner,170.23,18216,1,8.455,
spanner,170.24,18217,1,10.509,
spanner,170.25,18218,1,10.920,
spanner,170.26,18219,1,11.540,
spanner,170.27,18220,1,11.791,
spanner,170.29,18221,1,11.662,
spanner,170.30,18222,1,11.582,
spanner,170.31,18223,1,10.905,
spanner,170.32,18224,1,10.168,
spanner,170.33,18225,1,13.020,
spanner,170.34,18226,1,11.165,
spanner,170.35,18227,1,11.947,
spanner,170.37,18228,1,12.887,
spanner,170.38,18229,1,11.500,
spanner,170.39,18230,1,10.109,
spanner,170.40,18231,1,11.429,
spanner,170.41,18232,1,12.793,
spanner,170.43,18233,1,10.036,
spanner,170.44,18234,1,7.836,
spanner,170.44,18235,1,7.659,
spanner,170.45,18236,1,8.567,
spanner,170.46,18237,1,9.815,
spanner,170.47,18238,1,8.289,
spanner,170.48,18239,1,8.691,
spanner,170.49,18240,1,9.585,
spanner,170.50,18241,1,10.127,
spanner,170.51,18242,1,11.923,
spanner,170.52,18243,1,13.048,
spanner,170.53,18244,1,12.468,
spanner,170.54,18245,1,12.863,
spanner,170.56,18246,1,11.579,
spanner,170.57,18247,1,9.457,
spanner,170.58,18248,1,8.711,
spanner,170.59,18249,1,10.938,
spanner,170.60,18250,1,12.652,
spanner,170.61,18251,1,12.392,
spanner,170.62,18252,1,10.924,
spanner,170.63,18253,1,8.286,
spanner,170.64,18254,1,10.580,
spanner,170.65,18255,1,11.349,
spanner,170.66,18256,1,11.089,
spanner,170.68,18257,1,11.659,
spanner,170.69,18258,1,10.275,
spanner,170.70,18259,1,8.880,
spanner,170.71,18260,1,10.968,
spanner,170.72,18261,1,8.795,
spanner,170.73,18262,1,10.483,
spanner,170.74,18263,1,10.167,
spanner,170.75,18264,1,10.082,
spanner,170.76,18265,1,10.109,
spanner,170.77,18266,1,11.775,
spanner,170.78,18267,1,14.561,
spanner,170.79,18268,1,37.215,
spanner,170.83,18269,1,50.657,
spanner,170.88,18270,1,15.204,
spanner,170.90,18271,1,9.230,
spanner,170.91,18272,1,9.311,
spanner,170.92,18273,1,8.732,
spanner,170.92,18274,1,8.323,
spanner,170.93,18275,1,8.854,
spanner,170.94,18276,1,10.380,
spanner,170.95,18277,1,20.885,
spanner,170.97,18278,1,13.080,
spanner,170.99,18279,1,59.261,
spanner,171.05,18280,1,21.895,
spanner,171.07,18281,1,8.509,
spanner,171.08,18282,1,8.898,
spanner,171.08,18283,1,8.090,
spanner,171.09,18284,1,8.498,
spanner,171.10,18285,1,10.550,
spanner,171.11,18286,1,13.031,
spanner,171.12,18287,1,13.358,
spanner,171.14,18288,1,14.510,
spanner,171.15,18289,1,18.612,
spanner,171.17,18290,1,9.932,
spanner,171.18,18291,1,10.103,
spanner,171.19,18292,1,12.502,
spanner,171.20,18293,1,14.981,
spanner,171.22,18294,1,8.203,
spanner,171.23,18295,1,6.723,
spanner,171.23,18296,1,9.292,
spanner,171.24,18297,1,8.919,
spanner,171.25,18298,1,18.540,
spanner,171.27,18299,1,8.076,
spanner,171.28,18300,1,7.476,
spanner,171.29,18301,1,7.999,
spanner,171.29,18302,1,8.584,
spanner,171.30,18303,1,8.378,
spanner,171.31,18304,1,7.690,
spanner,171.32,18305,1,8.106,
spanner,171.33,18306,1,6.802,
spanner,171.33,18307,1,6.771,
spanner,171.34,18308,1,6.046,
spanner,171.35,18309,1,8.579,
spanner,171.36,18310,1,13.633,
spanner,171.37,18311,1,8.581,
spanner,171.38,18312,1,6.581,
spanner,171.38,18313,1,6.275,
spanner,171.39,18314,1,6.339,
spanner,171.40,18315,1,6.446,
spanner,171.40,18316,1,6.430,
spanner,171.41,18317,1,6.019,
spanner,171.42,18318,1,8.332,
spanner,171.42,18319,1,6.430,
spanner,171.43,18320,1,7.348,
spanner,171.44,18321,1,5.892,
spanner,171.44,18322,1,6.009,
spanner,171.45,18323,1,7.325,
spanner,171.46,18324,1,7.138,
spanner,171.46,18325,1,8.250,
spanner,171.47,18326,1,7.684,
spanner,171.48,18327,1,7.376,
spanner,171.49,18328,1,8.853,
spanner,171.50,18329,1,9.041,
spanner,171.51,18330,1,8.653,
spanner,171.52,18331,1,8.988,
spanner,171.52,18332,1,7.712,
spanner,171.53,18333,1,6.686,
spanner,171.54,18334,1,6.345,
spanner,171.54,18335,1,8.179,
spanner,171.55,18336,1,7.588,
spanner,171.56,18337,1,7.755,
spanner,171.57,18338,1,8.631,
spanner,171.58,18339,1,7.617,
spanner,171.58,18340,1,7.276,
spanner,171.59,18341,1,8.085,
spanner,171.60,18342,1,8.106,
spanner,171.61,18343,1,7.394,
spanner,171.62,18344,1,9.316,
spanner,171.63,18345,1,7.081,
spanner,171.63,18346,1,6.544,
spanner,171.64,18347,1,6.588,
spanner,171.65,18348,1,6.194,
spanner,171.65,18349,1,6.871,
spanner,171.66,18350,1,6.386,
spanner,171.66,18351,1,6.928,
spanner,171.67,18352,1,8.615,
spanner,171.68,18353,1,7.992,
spanner,171.69,18354,1,6.910,
spanner,171.70,18355,1,6.560,
spanner,171.70,18356,1,7.777,
spanner,171.71,18357,1,7.674,
spanner,171.72,18358,1,6.170,
spanner,171.72,18359,1,7.384,
spanner,171.73,18360,1,6.914,
spanner,171.74,18361,1,6.941,
spanner,171.75,18362,1,7.405,
spanner,171.75,18363,1,6.371,
spanner,171.76,18364,1,6.998,
spanner,171.77,18365,1,6.299,
spanner,171.77,18366,1,6.638,
spanner,171.78,18367,1,6.475,
spanner,171.79,18368,1,6.289,
spanner,171.79,18369,1,6.353,
spanner,171.80,18370,1,7.084,
spanner,171.81,18371,1,7.746,
spanner,171.81,18372,1,8.299,
spanner,171.82,18373,1,9.367,
spanner,171.83,18374,1,11.693,
spanner,171.84,18375,1,10.258,
spanner,171.85,18376,1,10.852,
spanner,171.86,18377,1,11.414,
spanner,171.88,18378,1,8.418,
spanner,171.88,18379,1,10.074,
spanner,171.89,18380,1,7.737,
spanner,171.90,18381,1,6.710,
spanner,171.91,18382,1,6.571,
spanner,171.91,18383,1,6.995,
spanner,171.92,18384,1,7.735,
spanner,171.93,18385,1,10.440,
spanner,171.94,18386,1,7.344,
spanner,171.95,18387,1,6.739,
spanner,171.95,18388,1,6.523,
spanner,171.96,18389,1,6.870,
spanner,171.97,18390,1,7.871,
spanner,171.98,18391,1,8.781,
spanner,171.98,18392,1,8.229,
spanner,171.99,18393,1,7.448,
spanner,172.00,18394,1,7.807,
spanner,172.01,18395,1,8.948,
spanner,172.02,18396,1,8.815,
spanner,172.03,18397,1,8.522,
spanner,172.03,18398,1,8.913,
spanner,172.04,18399,1,7.724,
spanner,172.05,18400,1,8.932,
spanner,172.06,18401,1,8.240,
spanner,172.07,18402,1,8.943,
spanner,172.08,18403,1,10.142,
spanner,172.09,18404,1,8.502,
spanner,172.10,18405,1,7.098,
spanner,172.10,18406,1,7.362,
spanner,172.11,18407,1,6.587,
spanner,172.12,18408,1,7.552,
spanner,172.12,18409,1,8.933,
spanner,172.13,18410,1,11.515,
spanner,172.15,18411,1,7.678,
spanner,172.15,18412,1,7.527,
spanner,172.16,18413,1,7.337,
spanner,172.17,18414,1,8.486,
spanner,172.18,18415,1,8.002,
spanner,172.18,18416,1,7.817,
spanner,172.19,18417,1,10.524,
spanner,172.20,18418,1,12.791,
spanner,172.22,18419,1,11.004,
spanner,172.23,18420,1,10.333,
spanner,172.24,18421,1,11.206,
spanner,172.25,18422,1,12.925,
spanner,172.26,18423,1,11.886,
spanner,172.27,18424,1,13.059,
spanner,172.29,18425,1,9.770,
spanner,172.30,18426,1,8.088,
spanner,172.30,18427,1,10.383,
spanner,172.31,18428,1,10.777,
spanner,172.33,18429,1,14.130,
spanner,172.34,18430,1,12.784,
spanner,172.35,18431,1,10.107,
spanner,172.36,18432,1,9.344,
spanner,172.37,18433,1,8.711,
spanner,172.38,18434,1,9.415,
spanner,172.39,18435,1,9.190,
spanner,172.40,18436,1,8.998,
spanner,172.41,18437,1,9.127,
spanner,172.42,18438,1,9.601,
spanner,172.43,18439,1,8.891,
spanner,172.44,18440,1,10.333,
spanner,172.45,18441,1,8.226,
spanner,172.45,18442,1,9.017,
spanner,172.46,18443,1,7.170,
spanner,172.47,18444,1,7.656,
spanner,172.48,18445,1,9.812,
spanner,172.49,18446,1,8.435,
spanner,172.50,18447,1,8.009,
spanner,172.51,18448,1,7.353,
spanner,172.51,18449,1,6.986,
spanner,172.52,18450,1,8.198,
spanner,172.53,18451,1,8.225,
spanner,172.54,18452,1,8.700,
spanner,172.54,18453,1,8.283,
spanner,172.55,18454,1,8.251,
spanner,172.56,18455,1,9.003,
spanner,172.57,18456,1,10.049,
spanner,172.58,18457,1,8.722,
spanner,172.59,18458,1,9.643,
spanner,172.60,18459,1,12.629,
spanner,172.61,18460,1,10.145,
spanner,172.62,18461,1,8.473,
spanner,172.63,18462,1,9.204,
spanner,172.64,18463,1,7.356,
spanner,172.65,18464,1,7.537,
spanner,172.65,18465,1,7.414,
spanner,172.66,18466,1,7.890,
spanner,172.67,18467,1,8.180,
spanner,172.68,18468,1,8.693,
spanner,172.69,18469,1,8.781,
spanner,172.70,18470,1,7.410,
spanner,172.70,18471,1,8.786,
spanner,172.71,18472,1,7.976,
spanner,172.72,18473,1,8.921,
spanner,172.73,18474,1,10.883,
spanner,172.74,18475,1,9.498,
spanner,172.75,18476,1,8.011,
spanner,172.76,18477,1,8.179,
spanner,172.77,18478,1,8.501,
spanner,172.77,18479,1,10.394,
spanner,172.78,18480,1,12.627,
spanner,172.80,18481,1,11.621,
spanner,172.81,18482,1,10.314,
spanner,172.82,18483,1,12.705,
spanner,172.83,18484,1,12.983,
spanner,172.84,18485,1,14.476,
spanner,172.86,18486,1,13.853,
spanner,172.87,18487,1,9.511,
spanner,172.88,18488,1,9.228,
spanner,172.89,18489,1,9.248,
spanner,172.90,18490,1,11.476,
spanner,172.91,18491,1,12.069,
spanner,172.93,18492,1,11.096,
spanner,172.94,18493,1,10.434,
spanner,172.95,18494,1,11.262,
spanner,172.96,18495,1,12.146,
spanner,172.97,18496,1,11.685,
spanner,172.98,18497,1,13.186,
spanner,173.00,18498,1,13.938,
spanner,173.01,18499,1,12.528,
spanner,173.02,18500,1,12.781,
spanner,173.03,18501,1,12.238,
spanner,173.05,18502,1,11.969,
spanner,173.06,18503,1,11.939,
spanner,173.07,18504,1,14.666,
spanner,173.09,18505,1,13.567,
spanner,173.10,18506,1,12.114,
spanner,173.11,18507,1,11.095,
spanner,173.12,18508,1,9.754,
spanner,173.13,18509,1,9.989,
spanner,173.14,18510,1,10.862,
spanner,173.15,18511,1,10.270,
spanner,173.16,18512,1,10.559,
spanner,173.17,18513,1,10.992,
spanner,173.18,18514,1,8.527,
spanner,173.19,18515,1,8.711,
spanner,173.20,18516,1,8.050,
spanner,173.21,18517,1,6.971,
spanner,173.22,18518,1,5.974,
spanner,173.22,18519,1,6.160,
spanner,173.23,18520,1,6.432,
spanner,173.24,18521,1,6.177,
spanner,173.24,18522,1,6.262,
spanner,173.25,18523,1,8.184,
spanner,173.26,18524,1,7.418,
spanner,173.26,18525,1,7.772,
spanner,173.27,18526,1,7.967,
spanner,173.28,18527,1,8.547,
spanner,173.29,18528,1,8.056,
spanner,173.30,18529,1,9.046,
spanner,173.31,18530,1,9.774,
spanner,173.32,18531,1,8.266,
spanner,173.32,18532,1,9.239,
spanner,173.33,18533,1,9.553,
spanner,173.34,18534,1,8.686,
spanner,173.35,18535,1,8.259,
spanner,173.36,18536,1,8.547,
spanner,173.37,18537,1,8.298,
spanner,173.38,18538,1,8.093,
spanner,173.38,18539,1,7.843,
spanner,173.39,18540,1,7.818,
spanner,173.40,18541,1,7.292,
spanner,173.41,18542,1,8.123,
spanner,173.42,18543,1,6.938,
spanner,173.42,18544,1,6.003,
spanner,173.43,18545,1,7.131,
spanner,173.44,18546,1,6.105,
spanner,173.44,18547,1,7.133,
spanner,173.45,18548,1,8.860,
spanner,173.46,18549,1,10.043,
spanner,173.47,18550,1,7.902,
spanner,173.48,18551,1,8.483,
spanner,173.48,18552,1,7.100,
spanner,173.49,18553,1,7.769,
spanner,173.50,18554,1,9.419,
spanner,173.51,18555,1,9.394,
spanner,173.52,18556,1,9.993,
spanner,173.53,18557,1,8.893,
spanner,173.54,18558,1,7.451,
spanner,173.55,18559,1,6.285,
spanner,173.55,18560,1,6.809,
spanner,173.56,18561,1,7.271,
spanner,173.57,18562,1,9.870,
spanner,173.58,18563,1,8.828,
spanner,173.58,18564,1,9.413,
spanner,173.59,18565,1,7.695,
spanner,173.60,18566,1,8.243,
spanner,173.61,18567,1,8.959,
spanner,173.62,18568,1,9.533,
spanner,173.63,18569,1,9.728,
spanner,173.64,18570,1,9.439,
spanner,173.65,18571,1,8.671,
spanner,173.66,18572,1,9.038,
spanner,173.67,18573,1,6.866,
spanner,173.67,18574,1,7.753,
spanner,173.68,18575,1,7.616,
spanner,173.69,18576,1,9.733,
spanner,173.70,18577,1,9.045,
spanner,173.71,18578,1,7.379,
spanner,173.71,18579,1,7.084,
spanner,173.72,18580,1,8.356,
spanner,173.73,18581,1,7.613,
spanner,173.74,18582,1,7.735,
spanner,173.75,18583,1,8.538,
spanner,173.75,18584,1,7.357,
spanner,173.76,18585,1,6.866,
spanner,173.77,18586,1,6.957,
spanner,173.77,18587,1,7.824,
spanner,173.78,18588,1,8.228,
spanner,173.79,18589,1,10.940,
spanner,173.80,18590,1,10.969,
spanner,173.81,18591,1,9.309,
spanner,173.82,18592,1,12.768,
spanner,173.84,18593,1,11.934,
spanner,173.85,18594,1,9.896,
spanner,173.86,18595,1,12.193,
spanner,173.87,18596,1,9.949,
spanner,173.88,18597,1,11.014,
spanner,173.89,18598,1,10.824,
spanner,173.90,18599,1,11.907,
spanner,173.91,18600,1,11.276,
spanner,173.92,18601,1,10.707,
spanner,173.94,18602,1,12.784,
spanner,173.95,18603,1,11.260,
spanner,173.96,18604,1,10.702,
spanner,173.97,18605,1,10.248,
spanner,173.98,18606,1,10.100,
spanner,173.99,18607,1,8.524,
spanner,174.00,18608,1,8.427,
spanner,174.01,18609,1,7.961,
spanner,174.02,18610,1,7.129,
spanner,174.02,18611,1,8.144,
spanner,174.03,18612,1,10.980,
spanner,174.04,18613,1,7.966,
spanner,174.05,18614,1,7.454,
spanner,174.06,18615,1,7.765,
spanner,174.07,18616,1,7.360,
spanner,174.07,18617,1,7.124,
spanner,174.08,18618,1,6.685,
spanner,174.09,18619,1,7.040,
spanner,174.09,18620,1,7.475,
spanner,174.10,18621,1,7.804,
spanner,174.11,18622,1,9.865,
spanner,174.12,18623,1,10.523,
spanner,174.13,18624,1,10.454,
spanner,174.14,18625,1,13.277,
spanner,174.15,18626,1,11.071,
spanner,174.16,18627,1,9.675,
spanner,174.17,18628,1,11.541,
spanner,174.19,18629,1,11.722,
spanner,174.20,18630,1,10.799,
spanner,174.21,18631,1,8.351,
spanner,174.22,18632,1,7.430,
spanner,174.22,18633,1,6.864,
spanner,174.23,18634,1,7.919,
spanner,174.24,18635,1,8.602,
spanner,174.25,18636,1,7.357,
spanner,174.25,18637,1,7.750,
spanner,174.26,18638,1,8.668,
spanner,174.27,18639,1,9.015,
spanner,174.28,18640,1,11.391,
spanner,174.29,18641,1,11.373,
spanner,174.30,18642,1,10.849,
spanner,174.31,18643,1,7.696,
spanner,174.32,18644,1,7.811,
spanner,174.33,18645,1,7.497,
spanner,174.34,18646,1,7.064,
spanner,174.34,18647,1,8.746,
spanner,174.35,18648,1,12.481,
spanner,174.37,18649,1,12.912,
spanner,174.38,18650,1,12.912,
spanner,174.39,18651,1,11.928,
spanner,174.40,18652,1,9.325,
spanner,174.41,18653,1,8.871,
spanner,174.42,18654,1,11.058,
spanner,174.43,18655,1,11.916,
spanner,174.44,18656,1,11.625,
spanner,174.46,18657,1,8.847,
spanner,174.47,18658,1,7.609,
spanner,174.47,18659,1,8.773,
spanner,174.48,18660,1,9.809,
spanner,174.49,18661,1,8.290,
spanner,174.50,18662,1,8.726,
spanner,174.51,18663,1,7.717,
spanner,174.52,18664,1,8.028,
spanner,174.52,18665,1,7.792,
spanner,174.53,18666,1,7.320,
spanner,174.54,18667,1,8.003,
spanner,174.55,18668,1,8.865,
spanner,174.56,18669,1,9.182,
spanner,174.57,18670,1,10.994,
spanner,174.58,18671,1,11.766,
spanner,174.59,18672,1,13.237,
spanner,174.60,18673,1,10.842,
spanner,174.61,18674,1,13.359,
spanner,174.63,18675,1,13.210,
spanner,174.64,18676,1,12.980,
spanner,174.65,18677,1,10.725,
spanner,174.66,18678,1,9.791,
spanner,174.67,18679,1,9.681,
spanner,174.68,18680,1,8.680,
spanner,174.69,18681,1,10.343,
spanner,174.70,18682,1,13.719,
spanner,174.72,18683,1,9.495,
spanner,174.73,18684,1,9.436,
spanner,174.73,18685,1,11.693,
spanner,174.75,18686,1,11.517,
spanner,174.76,18687,1,12.999,
spanner,174.77,18688,1,12.209,
spanner,174.78,18689,1,10.536,
spanner,174.79,18690,1,10.272,
spanner,174.80,18691,1,12.444,
spanner,174.82,18692,1,12.803,
spanner,174.83,18693,1,11.185,
spanner,174.84,18694,1,11.636,
spanner,174.85,18695,1,13.008,
spanner,174.87,18696,1,11.667,
spanner,174.88,18697,1,10.862,
spanner,174.89,18698,1,11.443,
spanner,174.90,18699,1,11.519,
spanner,174.91,18700,1,14.334,
spanner,174.93,18701,1,11.775,
spanner,174.94,18702,1,11.576,
spanner,174.95,18703,1,9.853,
spanner,174.96,18704,1,8.640,
spanner,174.97,18705,1,8.762,
spanner,174.98,18706,1,10.412,
spanner,174.99,18707,1,10.440,
spanner,175.00,18708,1,13.134,
spanner,175.01,18709,1,11.753,
spanner,175.02,18710,1,11.999,
spanner,175.03,18711,1,12.513,
spanner,175.05,18712,1,11.784,
spanner,175.06,18713,1,13.031,
spanner,175.07,18714,1,11.800,
spanner,175.08,18715,1,13.548,
spanner,175.10,18716,1,10.641,
spanner,175.11,18717,1,8.976,
spanner,175.12,18718,1,9.382,
spanner,175.13,18719,1,10.662,
spanner,175.14,18720,1,12.482,
spanner,175.15,18721,1,11.977,
spanner,175.16,18722,1,11.808,
spanner,175.17,18723,1,8.379,
spanner,175.18,18724,1,8.263,
spanner,175.19,18725,1,8.298,
spanner,175.20,18726,1,6.272,
spanner,175.20,18727,1,8.418,
spanner,175.21,18728,1,8.009,
spanner,175.22,18729,1,5.868,
spanner,175.23,18730,1,7.145,
spanner,175.23,18731,1,8.256,
spanner,175.24,18732,1,7.648,
spanner,175.25,18733,1,6.309,
spanner,175.26,18734,1,5.793,
spanner,175.26,18735,1,5.976,
spanner,175.27,18736,1,6.134,
spanner,175.27,18737,1,7.383,
spanner,175.28,18738,1,8.454,
spanner,175.29,18739,1,9.386,
spanner,175.30,18740,1,7.670,
spanner,175.31,18741,1,7.354,
spanner,175.32,18742,1,8.221,
spanner,175.32,18743,1,7.556,
spanner,175.33,18744,1,6.087,
spanner,175.34,18745,1,6.231,
spanner,175.34,18746,1,6.451,
spanner,175.35,18747,1,7.796,
spanner,175.36,18748,1,8.071,
spanner,175.37,18749,1,7.866,
spanner,175.37,18750,1,6.906,
spanner,175.38,18751,1,6.710,
spanner,175.39,18752,1,7.002,
spanner,175.39,18753,1,6.456,
spanner,175.40,18754,1,6.401,
spanner,175.41,18755,1,7.049,
spanner,175.41,18756,1,8.381,
spanner,175.42,18757,1,9.351,
spanner,175.43,18758,1,9.984,
spanner,175.44,18759,1,10.001,
spanner,175.45,18760,1,10.088,
spanner,175.46,18761,1,9.832,
spanner,175.47,18762,1,12.934,
spanner,175.49,18763,1,10.068,
spanner,175.50,18764,1,8.862,
spanner,175.50,18765,1,10.261,
spanner,175.51,18766,1,10.334,
spanner,175.52,18767,1,9.943,
spanner,175.53,18768,1,10.114,
spanner,175.54,18769,1,9.057,
spanner,175.55,18770,1,9.646,
spanner,175.56,18771,1,9.924,
spanner,175.57,18772,1,8.739,
spanner,175.58,18773,1,7.452,
spanner,175.59,18774,1,6.831,
spanner,175.60,18775,1,6.042,
spanner,175.60,18776,1,5.907,
spanner,175.61,18777,1,5.833,
spanner,175.61,18778,1,5.833,
spanner,175.62,18779,1,6.067,
spanner,175.63,18780,1,6.027,
spanner,175.63,18781,1,6.169,
spanner,175.64,18782,1,6.890,
spanner,175.65,18783,1,8.749,
spanner,175.65,18784,1,6.615,
spanner,175.66,18785,1,6.398,
spanner,175.67,18786,1,6.867,
spanner,175.67,18787,1,6.598,
spanner,175.68,18788,1,6.172,
spanner,175.69,18789,1,7.751,
spanner,175.70,18790,1,6.923,
spanner,175.70,18791,1,7.348,
spanner,175.71,18792,1,6.553,
spanner,175.72,18793,1,7.230,
spanner,175.72,18794,1,7.276,
spanner,175.73,18795,1,7.429,
spanner,175.74,18796,1,9.541,
spanner,175.75,18797,1,9.115,
spanner,175.76,18798,1,6.821,
spanner,175.76,18799,1,6.000,
spanner,175.77,18800,1,6.680,
spanner,175.78,18801,1,6.211,
spanner,175.78,18802,1,8.415,
spanner,175.79,18803,1,7.764,
spanner,175.80,18804,1,7.202,
spanner,175.81,18805,1,8.383,
spanner,175.81,18806,1,7.158,
spanner,175.82,18807,1,7.394,
spanner,175.83,18808,1,7.298,
spanner,175.84,18809,1,7.704,
spanner,175.84,18810,1,6.859,
spanner,175.85,18811,1,7.071,
spanner,175.86,18812,1,7.155,
spanner,175.87,18813,1,6.831,
spanner,175.87,18814,1,6.998,
spanner,175.88,18815,1,6.920,
spanner,175.89,18816,1,7.493,
spanner,175.89,18817,1,7.304,
spanner,175.90,18818,1,7.059,
spanner,175.91,18819,1,6.708,
spanner,175.91,18820,1,6.193,
spanner,175.92,18821,1,6.071,
spanner,175.93,18822,1,7.508,
spanner,175.93,18823,1,9.939,
spanner,175.94,18824,1,7.172,
spanner,175.95,18825,1,6.278,
spanner,175.96,18826,1,8.768,
spanner,175.97,18827,1,8.969,
spanner,175.98,18828,1,8.163,
spanner,175.98,18829,1,8.055,
spanner,175.99,18830,1,9.159,
spanner,176.00,18831,1,9.645,
spanner,176.01,18832,1,8.358,
spanner,176.02,18833,1,7.935,
spanner,176.03,18834,1,7.536,
spanner,176.04,18835,1,7.201,
spanner,176.04,18836,1,7.211,
spanner,176.05,18837,1,7.690,
spanner,176.06,18838,1,9.740,
spanner,176.07,18839,1,10.981,
spanner,176.08,18840,1,11.295,
spanner,176.09,18841,1,10.316,
spanner,176.10,18842,1,10.498,
spanner,176.11,18843,1,9.045,
spanner,176.12,18844,1,8.488,
spanner,176.13,18845,1,8.321,
spanner,176.14,18846,1,12.754,
spanner,176.15,18847,1,11.189,
spanner,176.16,18848,1,11.707,
spanner,176.17,18849,1,11.383,
spanner,176.18,18850,1,11.333,
spanner,176.20,18851,1,9.545,
spanner,176.20,18852,1,9.519,
spanner,176.21,18853,1,7.684,
spanner,176.22,18854,1,7.525,
spanner,176.23,18855,1,7.506,
spanner,176.24,18856,1,7.805,
spanner,176.24,18857,1,7.997,
spanner,176.25,18858,1,9.392,
spanner,176.26,18859,1,9.327,
spanner,176.27,18860,1,9.362,
spanner,176.28,18861,1,9.569,
spanner,176.29,18862,1,10.738,
spanner,176.30,18863,1,9.602,
spanner,176.31,18864,1,9.623,
spanner,176.32,18865,1,10.523,
spanner,176.33,18866,1,10.361,
spanner,176.34,18867,1,10.683,
spanner,176.35,18868,1,10.277,
spanner,176.36,18869,1,12.100,
spanner,176.37,18870,1,12.516,
spanner,176.39,18871,1,12.399,
spanner,176.40,18872,1,11.321,
spanner,176.41,18873,1,8.749,
spanner,176.42,18874,1,7.432,
spanner,176.43,18875,1,7.739,
spanner,176.44,18876,1,8.973,
spanner,176.44,18877,1,7.924,
spanner,176.45,18878,1,7.577,
spanner,176.46,18879,1,7.854,
spanner,176.47,18880,1,7.894,
spanner,176.48,18881,1,8.731,
spanner,176.48,18882,1,9.507,
spanner,176.49,18883,1,9.427,
spanner,176.50,18884,1,7.677,
spanner,176.51,18885,1,7.729,
spanner,176.52,18886,1,7.760,
spanner,176.53,18887,1,7.534,
spanner,176.53,18888,1,8.074,
spanner,176.54,18889,1,7.907,
spanner,176.55,18890,1,8.052,
spanner,176.56,18891,1,9.402,
spanner,176.57,18892,1,11.827,
spanner,176.58,18893,1,12.435,
spanner,176.59,18894,1,10.569,
spanner,176.60,18895,1,10.323,
spanner,176.61,18896,1,11.690,
spanner,176.62,18897,1,11.552,
spanner,176.64,18898,1,11.440,
spanner,176.65,18899,1,11.855,
spanner,176.66,18900,1,13.340,
spanner,176.67,18901,1,12.004,
spanner,176.69,18902,1,12.313,
spanner,176.70,18903,1,9.753,
spanner,176.71,18904,1,9.866,
spanner,176.72,18905,1,9.124,
spanner,176.73,18906,1,8.163,
spanner,176.73,18907,1,8.165,
spanner,176.74,18908,1,9.276,
spanner,176.75,18909,1,9.102,
spanner,176.76,18910,1,10.945,
spanner,176.77,18911,1,11.131,
spanner,176.78,18912,1,10.343,
spanner,176.79,18913,1,12.065,
spanner,176.81,18914,1,8.600,
spanner,176.81,18915,1,12.733,
spanner,176.83,18916,1,12.597,
spanner,176.84,18917,1,12.687,
spanner,176.85,18918,1,13.932,
spanner,176.87,18919,1,12.471,
spanner,176.88,18920,1,12.952,
spanner,176.89,18921,1,11.702,
spanner,176.90,18922,1,9.772,
spanner,176.91,18923,1,9.248,
spanner,176.92,18924,1,10.216,
spanner,176.93,18925,1,12.732,
spanner,176.95,18926,1,10.702,
spanner,176.96,18927,1,12.600,
spanner,176.97,18928,1,14.095,
spanner,176.98,18929,1,14.458,
spanner,177.00,18930,1,11.409,
spanner,177.01,18931,1,10.763,
spanner,177.02,18932,1,9.986,
spanner,177.03,18933,1,10.037,
spanner,177.04,18934,1,10.426,
spanner,177.05,18935,1,12.488,
spanner,177.06,18936,1,12.565,
spanner,177.08,18937,1,12.785,
spanner,177.09,18938,1,13.819,
spanner,177.10,18939,1,13.769,
spanner,177.12,18940,1,12.348,
spanner,177.13,18941,1,13.272,
spanner,177.14,18942,1,13.041,
spanner,177.16,18943,1,10.828,
spanner,177.17,18944,1,13.259,
spanner,177.18,18945,1,13.127,
spanner,177.19,18946,1,14.018,
spanner,177.21,18947,1,13.453,
spanner,177.22,18948,1,9.712,
spanner,177.23,18949,1,10.425,
spanner,177.24,18950,1,10.099,
spanner,177.25,18951,1,8.232,
spanner,177.26,18952,1,8.581,
spanner,177.27,18953,1,9.396,
spanner,177.28,18954,1,12.263,
spanner,177.29,18955,1,12.819,
spanner,177.30,18956,1,10.857,
spanner,177.31,18957,1,8.664,
spanner,177.32,18958,1,7.326,
spanner,177.33,18959,1,7.763,
spanner,177.34,18960,1,8.120,
spanner,177.35,18961,1,6.741,
spanner,177.35,18962,1,6.339,
spanner,177.36,18963,1,6.876,
spanner,177.37,18964,1,6.749,
spanner,177.37,18965,1,7.291,
spanner,177.38,18966,1,9.064,
spanner,177.39,18967,1,7.650,
spanner,177.40,18968,1,6.805,
spanner,177.40,18969,1,8.770,
spanner,177.41,18970,1,9.027,
spanner,177.42,18971,1,9.678,
spanner,177.43,18972,1,9.827,
spanner,177.44,18973,1,10.572,
spanner,177.45,18974,1,11.083,
spanner,177.46,18975,1,10.843,
spanner,177.47,18976,1,11.746,
spanner,177.48,18977,1,10.576,
spanner,177.50,18978,1,10.398,
spanner,177.51,18979,1,7.502,
spanner,177.51,18980,1,6.760,
spanner,177.52,18981,1,8.274,
spanner,177.53,18982,1,8.119,
spanner,177.54,18983,1,7.190,
spanner,177.54,18984,1,6.945,
spanner,177.55,18985,1,6.458,
spanner,177.56,18986,1,6.430,
spanner,177.56,18987,1,5.942,
spanner,177.57,18988,1,5.761,
spanner,177.58,18989,1,6.527,
spanner,177.58,18990,1,7.430,
spanner,177.59,18991,1,7.518,
spanner,177.60,18992,1,8.560,
spanner,177.61,18993,1,9.559,
spanner,177.62,18994,1,9.815,
spanner,177.63,18995,1,10.261,
spanner,177.64,18996,1,9.812,
spanner,177.65,18997,1,8.109,
spanner,177.65,18998,1,6.001,
spanner,177.66,18999,1,6.519,
spanner,177.67,19000,1,6.862,
spanner,177.67,19001,1,6.866,
spanner,177.68,19002,1,7.377,
spanner,177.69,19003,1,6.621,
spanner,177.69,19004,1,6.726,
spanner,177.70,19005,1,7.260,
spanner,177.71,19006,1,6.710,
spanner,177.71,19007,1,7.046,
spanner,177.72,19008,1,7.974,
spanner,177.73,19009,1,7.555,
spanner,177.74,19010,1,6.373,
spanner,177.74,19011,1,7.426,
spanner,177.75,19012,1,6.962,
spanner,177.76,19013,1,6.158,
spanner,177.76,19014,1,5.889,
spanner,177.77,19015,1,6.570,
spanner,177.78,19016,1,6.048,
spanner,177.78,19017,1,6.290,
spanner,177.79,19018,1,7.914,
spanner,177.80,19019,1,8.810,
spanner,177.81,19020,1,7.516,
spanner,177.81,19021,1,8.928,
spanner,177.82,19022,1,8.998,
spanner,177.83,19023,1,9.609,
spanner,177.84,19024,1,8.018,
spanner,177.85,19025,1,10.612,
spanner,177.86,19026,1,11.324,
spanner,177.87,19027,1,10.705,
spanner,177.88,19028,1,10.400,
spanner,177.89,19029,1,10.214,
spanner,177.90,19030,1,11.213,
spanner,177.91,19031,1,9.761,
spanner,177.92,19032,1,11.403,
spanner,177.94,19033,1,11.739,
spanner,177.95,19034,1,8.513,
spanner,177.96,19035,1,7.267,
spanner,177.96,19036,1,9.455,
spanner,177.97,19037,1,9.271,
spanner,177.98,19038,1,9.959,
spanner,177.99,19039,1,10.490,
spanner,178.00,19040,1,11.311,
spanner,178.01,19041,1,11.208,
spanner,178.02,19042,1,11.288,
spanner,178.04,19043,1,9.685,
spanner,178.05,19044,1,7.816,
spanner,178.05,19045,1,7.399,
spanner,178.06,19046,1,7.755,
spanner,178.07,19047,1,7.749,
spanner,178.08,19048,1,6.693,
spanner,178.08,19049,1,6.553,
spanner,178.09,19050,1,8.105,
spanner,178.10,19051,1,8.708,
spanner,178.11,19052,1,7.811,
spanner,178.11,19053,1,8.092,
spanner,178.12,19054,1,9.894,
spanner,178.13,19055,1,11.337,
spanner,178.14,19056,1,12.621,
spanner,178.16,19057,1,10.738,
spanner,178.17,19058,1,10.772,
spanner,178.18,19059,1,10.443,
spanner,178.19,19060,1,9.215,
spanner,178.20,19061,1,10.444,
spanner,178.21,19062,1,10.847,
spanner,178.22,19063,1,10.005,
spanner,178.23,19064,1,10.195,
spanner,178.24,19065,1,12.721,
spanner,178.25,19066,1,9.949,
spanner,178.26,19067,1,9.742,
spanner,178.27,19068,1,12.434,
spanner,178.28,19069,1,11.385,
spanner,178.30,19070,1,10.900,
spanner,178.31,19071,1,11.527,
spanner,178.32,19072,1,10.758,
spanner,178.33,19073,1,10.322,
spanner,178.34,19074,1,8.303,
spanner,178.35,19075,1,7.415,
spanner,178.36,19076,1,7.355,
spanner,178.36,19077,1,6.871,
spanner,178.37,19078,1,7.867,
spanner,178.38,19079,1,10.804,
spanner,178.39,19080,1,11.308,
spanner,178.40,19081,1,9.159,
spanner,178.41,19082,1,8.992,
spanner,178.42,19083,1,6.789,
spanner,178.42,19084,1,7.572,
spanner,178.43,19085,1,8.340,
spanner,178.44,19086,1,7.847,
spanner,178.45,19087,1,7.693,
spanner,178.46,19088,1,7.191,
spanner,178.46,19089,1,7.616,
spanner,178.47,19090,1,7.999,
spanner,178.48,19091,1,7.515,
spanner,178.49,19092,1,8.061,
spanner,178.50,19093,1,9.218,
spanner,178.50,19094,1,8.122,
spanner,178.51,19095,1,10.475,
spanner,178.52,19096,1,9.750,
spanner,178.53,19097,1,9.586,
spanner,178.54,19098,1,9.104,
spanner,178.55,19099,1,10.610,
spanner,178.56,19100,1,12.947,
spanner,178.58,19101,1,13.270,
spanner,178.59,19102,1,13.679,
spanner,178.60,19103,1,11.199,
spanner,178.61,19104,1,7.975,
spanner,178.62,19105,1,7.862,
spanner,178.63,19106,1,7.878,
spanner,178.64,19107,1,7.943,
spanner,178.65,19108,1,8.157,
spanner,178.65,19109,1,7.573,
spanner,178.66,19110,1,7.986,
spanner,178.67,19111,1,8.651,
spanner,178.68,19112,1,11.330,
spanner,178.69,19113,1,11.542,
spanner,178.70,19114,1,12.440,
spanner,178.71,19115,1,9.748,
spanner,178.72,19116,1,10.539,
spanner,178.73,19117,1,13.445,
spanner,178.75,19118,1,13.663,
spanner,178.76,19119,1,11.877,
spanner,178.77,19120,1,11.414,
spanner,178.78,19121,1,13.027,
spanner,178.80,19122,1,9.983,
spanner,178.81,19123,1,9.300,
spanner,178.82,19124,1,9.062,
spanner,178.83,19125,1,9.534,
spanner,178.84,19126,1,8.637,
spanner,178.84,19127,1,9.987,
spanner,178.85,19128,1,12.436,
spanner,178.87,19129,1,11.735,
spanner,178.88,19130,1,11.542,
spanner,178.89,19131,1,12.580,
spanner,178.90,19132,1,11.819,
spanner,178.91,19133,1,12.755,
spanner,178.93,19134,1,11.407,
spanner,178.94,19135,1,9.005,
spanner,178.95,19136,1,10.547,
spanner,178.96,19137,1,10.750,
spanner,178.97,19138,1,10.160,
spanner,178.98,19139,1,11.872,
spanner,178.99,19140,1,12.239,
spanner,179.00,19141,1,9.200,
spanner,179.01,19142,1,9.265,
spanner,179.02,19143,1,9.430,
spanner,179.03,19144,1,11.637,
spanner,179.04,19145,1,13.053,
spanner,179.06,19146,1,12.996,
spanner,179.07,19147,1,13.617,
spanner,179.08,19148,1,12.552,
spanner,179.10,19149,1,12.157,
spanner,179.11,19150,1,13.031,
spanner,179.12,19151,1,13.182,
spanner,179.13,19152,1,15.381,
spanner,179.15,19153,1,12.877,
spanner,179.16,19154,1,9.441,
spanner,179.17,19155,1,8.807,
spanner,179.18,19156,1,8.677,
spanner,179.19,19157,1,8.307,
spanner,179.20,19158,1,9.467,
spanner,179.21,19159,1,8.932,
spanner,179.22,19160,1,9.360,
spanner,179.23,19161,1,10.442,
spanner,179.24,19162,1,10.512,
spanner,179.25,19163,1,10.888,
spanner,179.26,19164,1,11.892,
spanner,179.27,19165,1,10.671,
spanner,179.28,19166,1,12.365,
spanner,179.29,19167,1,12.637,
spanner,179.31,19168,1,10.766,
spanner,179.32,19169,1,8.356,
spanner,179.32,19170,1,8.571,
spanner,179.33,19171,1,9.951,
spanner,179.34,19172,1,9.643,
spanner,179.35,19173,1,8.120,
spanner,179.36,19174,1,7.352,
spanner,179.37,19175,1,6.661,
spanner,179.38,19176,1,7.108,
spanner,179.38,19177,1,7.546,
spanner,179.39,19178,1,8.352,
spanner,179.40,19179,1,8.298,
spanner,179.41,19180,1,8.223,
spanner,179.41,19181,1,6.879,
spanner,179.42,19182,1,8.043,
spanner,179.43,19183,1,6.928,
spanner,179.44,19184,1,7.058,
spanner,179.44,19185,1,6.769,
spanner,179.45,19186,1,8.097,
spanner,179.46,19187,1,7.513,
spanner,179.47,19188,1,7.464,
spanner,179.47,19189,1,7.085,
spanner,179.48,19190,1,7.245,
spanner,179.49,19191,1,7.527,
spanner,179.50,19192,1,8.316,
spanner,179.50,19193,1,7.790,
spanner,179.51,19194,1,6.454,
spanner,179.52,19195,1,6.329,
spanner,179.52,19196,1,5.964,
spanner,179.53,19197,1,6.246,
spanner,179.54,19198,1,7.606,
spanner,179.54,19199,1,8.114,
spanner,179.55,19200,1,7.978,
spanner,179.56,19201,1,10.582,
spanner,179.57,19202,1,8.990,
spanner,179.58,19203,1,7.024,
spanner,179.59,19204,1,7.516,
spanner,179.60,19205,1,6.644,
spanner,179.60,19206,1,6.775,
spanner,179.61,19207,1,6.153,
spanner,179.61,19208,1,7.345,
spanner,179.62,19209,1,8.058,
spanner,179.63,19210,1,7.835,
spanner,179.64,19211,1,7.214,
spanner,179.65,19212,1,6.919,
spanner,179.65,19213,1,6.841,
spanner,179.66,19214,1,6.837,
spanner,179.67,19215,1,7.265,
spanner,179.67,19216,1,6.836,
spanner,179.68,19217,1,6.789,
spanner,179.69,19218,1,7.278,
spanner,179.69,19219,1,7.188,
spanner,179.70,19220,1,8.404,
spanner,179.71,19221,1,8.430,
spanner,179.72,19222,1,7.661,
spanner,179.73,19223,1,7.945,
spanner,179.73,19224,1,6.904,
spanner,179.74,19225,1,9.783,
spanner,179.75,19226,1,9.568,
spanner,179.76,19227,1,8.604,
spanner,179.77,19228,1,8.276,
spanner,179.78,19229,1,6.728,
spanner,179.78,19230,1,6.801,
spanner,179.79,19231,1,8.951,
spanner,179.80,19232,1,10.153,
spanner,179.81,19233,1,8.662,
spanner,179.82,19234,1,7.849,
spanner,179.83,19235,1,6.928,
spanner,179.83,19236,1,6.705,
spanner,179.84,19237,1,7.775,
spanner,179.85,19238,1,8.678,
spanner,179.86,19239,1,10.428,
spanner,179.87,19240,1,8.497,
spanner,179.88,19241,1,7.240,
spanner,179.88,19242,1,7.581,
spanner,179.89,19243,1,7.007,
spanner,179.90,19244,1,6.993,
spanner,179.91,19245,1,7.342,
spanner,179.91,19246,1,7.095,
spanner,179.92,19247,1,6.381,
spanner,179.93,19248,1,7.741,
spanner,179.93,19249,1,7.604,
spanner,179.94,19250,1,8.171,
spanner,179.95,19251,1,9.948,
spanner,179.96,19252,1,9.361,
spanner,179.97,19253,1,8.544,
spanner,179.98,19254,1,9.756,
spanner,179.99,19255,1,8.782,
spanner,180.00,19256,1,7.503,
spanner,180.00,19257,1,9.207,
spanner,180.02,19258,1,7.618,
spanner,180.02,19259,1,8.197,
spanner,180.03,19260,1,7.482,
spanner,180.04,19261,1,8.094,
spanner,180.05,19262,1,8.228,
spanner,180.06,19263,1,8.295,
spanner,180.06,19264,1,7.252,
spanner,180.07,19265,1,7.904,
spanner,180.08,19266,1,10.462,
spanner,180.09,19267,1,8.232,
spanner,180.10,19268,1,9.443,
spanner,180.11,19269,1,11.144,
spanner,180.12,19270,1,10.747,
spanner,180.13,19271,1,9.340,
spanner,180.14,19272,1,8.516,
spanner,180.15,19273,1,7.034,
spanner,180.15,19274,1,7.699,
spanner,180.16,19275,1,9.316,
spanner,180.17,19276,1,8.145,
spanner,180.18,19277,1,8.496,
spanner,180.19,19278,1,7.894,
spanner,180.20,19279,1,7.179,
spanner,180.20,19280,1,7.963,
spanner,180.21,19281,1,7.718,
spanner,180.22,19282,1,7.844,
spanner,180.23,19283,1,8.265,
spanner,180.23,19284,1,8.188,
spanner,180.24,19285,1,8.385,
spanner,180.25,19286,1,8.894,
spanner,180.26,19287,1,9.768,
spanner,180.27,19288,1,11.275,
spanner,180.28,19289,1,11.764,
spanner,180.29,19290,1,11.488,
spanner,180.30,19291,1,12.171,
spanner,180.32,19292,1,13.471,
spanner,180.33,19293,1,11.705,
spanner,180.34,19294,1,11.460,
spanner,180.35,19295,1,10.268,
spanner,180.36,19296,1,7.904,
spanner,180.37,19297,1,7.475,
spanner,180.38,19298,1,7.585,
spanner,180.39,19299,1,7.667,
spanner,180.39,19300,1,7.828,
spanner,180.40,19301,1,7.831,
spanner,180.41,19302,1,9.092,
spanner,180.42,19303,1,9.175,
spanner,180.43,19304,1,9.391,
spanner,180.44,19305,1,9.036,
spanner,180.45,19306,1,8.305,
spanner,180.46,19307,1,8.340,
spanner,180.46,19308,1,7.835,
spanner,180.47,19309,1,8.272,
spanner,180.48,19310,1,7.709,
spanner,180.49,19311,1,8.037,
spanner,180.50,19312,1,7.787,
spanner,180.50,19313,1,8.547,
spanner,180.51,19314,1,7.682,
spanner,180.52,19315,1,7.851,
spanner,180.53,19316,1,7.562,
spanner,180.54,19317,1,7.638,
spanner,180.54,19318,1,8.109,
spanner,180.55,19319,1,9.196,
spanner,180.56,19320,1,11.273,
spanner,180.57,19321,1,11.178,
spanner,180.58,19322,1,10.310,
spanner,180.59,19323,1,8.563,
spanner,180.60,19324,1,8.064,
spanner,180.61,19325,1,7.795,
spanner,180.62,19326,1,8.162,
spanner,180.63,19327,1,8.085,
spanner,180.63,19328,1,7.845,
spanner,180.64,19329,1,8.210,
spanner,180.65,19330,1,7.712,
spanner,180.66,19331,1,8.781,
spanner,180.67,19332,1,11.260,
spanner,180.68,19333,1,12.032,
spanner,180.69,19334,1,11.209,
spanner,180.70,19335,1,14.222,
spanner,180.72,19336,1,14.387,
spanner,180.73,19337,1,10.903,
spanner,180.74,19338,1,12.150,
spanner,180.75,19339,1,11.815,
spanner,180.77,19340,1,10.081,
spanner,180.78,19341,1,10.645,
spanner,180.79,19342,1,13.140,
spanner,180.80,19343,1,13.262,
spanner,180.81,19344,1,13.120,
spanner,180.83,19345,1,8.171,
spanner,180.83,19346,1,8.049,
spanner,180.84,19347,1,8.003,
spanner,180.85,19348,1,8.614,
spanner,180.86,19349,1,9.007,
spanner,180.87,19350,1,11.529,
spanner,180.88,19351,1,11.854,
spanner,180.89,19352,1,10.254,
spanner,180.90,19353,1,9.741,
spanner,180.91,19354,1,8.805,
spanner,180.92,19355,1,12.096,
spanner,180.93,19356,1,13.924,
spanner,180.95,19357,1,14.235,
spanner,180.96,19358,1,10.180,
spanner,180.97,19359,1,8.996,
spanner,180.98,19360,1,8.924,
spanner,180.99,19361,1,8.451,
spanner,181.00,19362,1,9.858,
spanner,181.01,19363,1,29.902,
spanner,181.04,19364,1,10.825,
spanner,181.05,19365,1,9.222,
spanner,181.06,19366,1,8.777,
spanner,181.07,19367,1,8.780,
spanner,181.07,19368,1,8.870,
spanner,181.08,19369,1,8.394,
spanner,181.09,19370,1,8.868,
spanner,181.10,19371,1,8.360,
spanner,181.11,19372,1,8.481,
spanner,181.12,19373,1,8.781,
spanner,181.13,19374,1,8.832,
spanner,181.14,19375,1,8.022,
spanner,181.14,19376,1,10.247,
spanner,181.15,19377,1,12.617,
spanner,181.17,19378,1,12.897,
spanner,181.18,19379,1,12.005,
spanner,181.19,19380,1,13.884,
spanner,181.21,19381,1,12.931,
spanner,181.22,19382,1,12.908,
spanner,181.23,19383,1,13.105,
spanner,181.24,19384,1,12.800,
spanner,181.26,19385,1,10.566,
spanner,181.27,19386,1,10.527,
spanner,181.28,19387,1,15.224,
spanner,181.29,19388,1,16.251,
spanner,181.31,19389,1,10.895,
spanner,181.32,19390,1,11.735,
spanner,181.33,19391,1,12.768,
spanner,181.35,19392,1,9.847,
spanner,181.36,19393,1,7.163,
spanner,181.36,19394,1,6.647,
spanner,181.37,19395,1,7.015,
spanner,181.38,19396,1,6.723,
spanner,181.38,19397,1,6.224,
spanner,181.39,19398,1,6.594,
spanner,181.40,19399,1,8.307,
spanner,181.40,19400,1,8.700,
spanner,181.41,19401,1,8.420,
spanner,181.42,19402,1,8.439,
spanner,181.43,19403,1,9.996,
spanner,181.44,19404,1,11.811,
spanner,181.45,19405,1,10.655,
spanner,181.46,19406,1,10.130,
spanner,181.47,19407,1,9.561,
spanner,181.48,19408,1,8.522,
spanner,181.49,19409,1,7.930,
spanner,181.50,19410,1,9.071,
spanner,181.51,19411,1,8.402,
spanner,181.52,19412,1,9.989,
spanner,181.53,19413,1,7.482,
spanner,181.53,19414,1,7.039,
spanner,181.54,19415,1,7.321,
spanner,181.55,19416,1,9.381,
spanner,181.56,19417,1,9.803,
spanner,181.57,19418,1,9.901,
spanner,181.58,19419,1,10.583,
spanner,181.59,19420,1,11.343,
spanner,181.60,19421,1,10.426,
spanner,181.61,19422,1,9.944,
spanner,181.62,19423,1,7.722,
spanner,181.63,19424,1,6.997,
spanner,181.64,19425,1,6.001,
spanner,181.64,19426,1,6.858,
spanner,181.65,19427,1,6.568,
spanner,181.65,19428,1,8.620,
spanner,181.66,19429,1,9.025,
spanner,181.67,19430,1,11.002,
spanner,181.68,19431,1,9.802,
spanner,181.69,19432,1,9.222,
spanner,181.70,19433,1,10.308,
spanner,181.71,19434,1,7.319,
spanner,181.72,19435,1,6.226,
spanner,181.73,19436,1,8.627,
spanner,181.74,19437,1,8.886,
spanner,181.74,19438,1,8.595,
spanner,181.75,19439,1,7.331,
spanner,181.76,19440,1,6.987,
spanner,181.77,19441,1,6.881,
spanner,181.77,19442,1,7.646,
spanner,181.78,19443,1,7.849,
spanner,181.79,19444,1,8.149,
spanner,181.80,19445,1,8.761,
spanner,181.81,19446,1,9.763,
spanner,181.82,19447,1,8.292,
spanner,181.82,19448,1,7.904,
spanner,181.83,19449,1,7.055,
spanner,181.84,19450,1,6.291,
spanner,181.85,19451,1,7.070,
spanner,181.85,19452,1,7.067,
spanner,181.86,19453,1,6.400,
spanner,181.87,19454,1,5.852,
spanner,181.87,19455,1,7.298,
spanner,181.88,19456,1,8.425,
spanner,181.89,19457,1,14.302,
spanner,181.90,19458,1,9.853,
spanner,181.91,19459,1,7.357,
spanner,181.92,19460,1,6.391,
spanner,181.93,19461,1,7.972,
spanner,181.93,19462,1,8.233,
spanner,181.94,19463,1,7.489,
spanner,181.95,19464,1,7.138,
spanner,181.96,19465,1,6.660,
spanner,181.96,19466,1,7.062,
spanner,181.97,19467,1,8.137,
spanner,181.98,19468,1,7.956,
spanner,181.99,19469,1,12.145,
spanner,182.00,19470,1,14.706,
spanner,182.01,19471,1,7.187,
spanner,182.02,19472,1,7.530,
spanner,182.03,19473,1,7.814,
spanner,182.04,19474,1,8.383,
spanner,182.05,19475,1,8.865,
spanner,182.05,19476,1,9.435,
spanner,182.06,19477,1,11.507,
spanner,182.08,19478,1,11.457,
spanner,182.09,19479,1,19.204,
spanner,182.11,19480,1,10.224,
spanner,182.12,19481,1,13.942,
spanner,182.13,19482,1,10.212,
spanner,182.14,19483,1,7.820,
spanner,182.15,19484,1,10.917,
spanner,182.16,19485,1,8.672,
spanner,182.17,19486,1,8.321,
spanner,182.18,19487,1,7.276,
spanner,182.18,19488,1,7.151,
spanner,182.19,19489,1,8.371,
spanner,182.20,19490,1,8.190,
spanner,182.21,19491,1,10.954,
spanner,182.22,19492,1,8.453,
spanner,182.23,19493,1,8.166,
spanner,182.24,19494,1,9.570,
spanner,182.24,19495,1,8.357,
spanner,182.25,19496,1,8.135,
spanner,182.26,19497,1,8.975,
spanner,182.27,19498,1,8.317,
spanner,182.28,19499,1,8.036,
spanner,182.29,19500,1,8.313,
spanner,182.30,19501,1,7.885,
spanner,182.30,19502,1,8.942,
spanner,182.31,19503,1,7.836,
spanner,182.32,19504,1,7.816,
spanner,182.33,19505,1,7.658,
spanner,182.34,19506,1,7.218,
spanner,182.34,19507,1,7.936,
spanner,182.35,19508,1,7.760,
spanner,182.36,19509,1,8.077,
spanner,182.37,19510,1,7.938,
spanner,182.37,19511,1,8.059,
spanner,182.38,19512,1,9.115,
spanner,182.39,19513,1,11.885,
spanner,182.40,19514,1,7.243,
spanner,182.41,19515,1,7.203,
spanner,182.42,19516,1,6.762,
spanner,182.42,19517,1,9.051,
spanner,182.43,19518,1,10.795,
spanner,182.44,19519,1,8.401,
spanner,182.45,19520,1,7.642,
spanner,182.46,19521,1,7.621,
spanner,182.47,19522,1,9.290,
spanner,182.48,19523,1,9.429,
spanner,182.49,19524,1,12.211,
spanner,182.50,19525,1,9.538,
spanner,182.51,19526,1,9.030,
spanner,182.52,19527,1,9.997,
spanner,182.53,19528,1,16.284,
spanner,182.54,19529,1,8.429,
spanner,182.55,19530,1,8.804,
spanner,182.56,19531,1,8.170,
spanner,182.57,19532,1,8.060,
spanner,182.58,19533,1,7.724,
spanner,182.59,19534,1,8.337,
spanner,182.59,19535,1,11.034,
spanner,182.61,19536,1,8.342,
spanner,182.61,19537,1,8.302,
spanner,182.62,19538,1,7.415,
spanner,182.63,19539,1,15.542,
spanner,182.65,19540,1,7.423,
spanner,182.65,19541,1,9.009,
spanner,182.66,19542,1,12.566,
spanner,182.67,19543,1,11.625,
spanner,182.69,19544,1,13.887,
spanner,182.70,19545,1,9.098,
spanner,182.71,19546,1,9.041,
spanner,182.72,19547,1,7.377,
spanner,182.73,19548,1,14.420,
spanner,182.74,19549,1,9.618,
spanner,182.75,19550,1,8.316,
spanner,182.76,19551,1,8.400,
spanner,182.77,19552,1,9.348,
spanner,182.78,19553,1,8.868,
spanner,182.78,19554,1,9.155,
spanner,182.79,19555,1,11.122,
spanner,182.81,19556,1,8.139,
spanner,182.81,19557,1,9.758,
spanner,182.82,19558,1,12.521,
spanner,182.84,19559,1,11.638,
spanner,182.85,19560,1,8.416,
spanner,182.86,19561,1,12.384,
spanner,182.87,19562,1,9.930,
spanner,182.88,19563,1,7.994,
spanner,182.89,19564,1,12.490,
spanner,182.90,19565,1,8.651,
spanner,182.91,19566,1,11.660,
spanner,182.92,19567,1,14.490,
spanner,182.93,19568,1,10.435,
spanner,182.94,19569,1,11.005,
spanner,182.96,19570,1,10.896,
spanner,182.97,19571,1,14.020,
spanner,182.98,19572,1,14.207,
spanner,182.99,19573,1,12.336,
spanner,183.01,19574,1,9.657,
spanner,183.02,19575,1,8.546,
spanner,183.03,19576,1,12.712,
spanner,183.04,19577,1,9.935,
spanner,183.05,19578,1,8.915,
spanner,183.06,19579,1,10.125,
spanner,183.07,19580,1,9.725,
spanner,183.08,19581,1,9.785,
spanner,183.09,19582,1,12.989,
spanner,183.10,19583,1,8.902,
spanner,183.11,19584,1,11.290,
spanner,183.12,19585,1,14.905,
spanner,183.13,19586,1,10.514,
spanner,183.15,19587,1,11.135,
spanner,183.16,19588,1,14.698,
spanner,183.17,19589,1,11.585,
spanner,183.18,19590,1,11.447,
spanner,183.19,19591,1,10.254,
spanner,183.20,19592,1,9.643,
spanner,183.21,19593,1,10.262,
spanner,183.22,19594,1,15.792,
spanner,183.24,19595,1,8.930,
spanner,183.25,19596,1,8.525,
spanner,183.26,19597,1,8.484,
spanner,183.27,19598,1,9.536,
spanner,183.28,19599,1,10.103,
spanner,183.29,19600,1,12.863,
spanner,183.30,19601,1,10.151,
spanner,183.31,19602,1,11.196,
spanner,183.32,19603,1,15.435,
spanner,183.34,19604,1,10.560,
spanner,183.35,19605,1,9.418,
spanner,183.36,19606,1,8.902,
spanner,183.37,19607,1,8.993,
spanner,183.37,19608,1,10.315,
spanner,183.38,19609,1,10.193,
spanner,183.39,19610,1,10.736,
spanner,183.41,19611,1,11.131,
spanner,183.42,19612,1,12.604,
spanner,183.43,19613,1,16.936,
spanner,183.45,19614,1,10.626,
spanner,183.46,19615,1,13.144,
spanner,183.47,19616,1,12.703,
spanner,183.48,19617,1,11.079,
spanner,183.49,19618,1,10.654,
spanner,183.50,19619,1,8.566,
spanner,183.51,19620,1,8.281,
spanner,183.52,19621,1,10.413,
spanner,183.53,19622,1,12.222,
spanner,183.54,19623,1,8.138,
spanner,183.55,19624,1,7.953,
spanner,183.56,19625,1,6.826,
spanner,183.57,19626,1,6.515,
spanner,183.57,19627,1,6.201,
spanner,183.58,19628,1,6.515,
spanner,183.59,19629,1,8.271,
spanner,183.59,19630,1,9.720,
spanner,183.60,19631,1,7.001,
spanner,183.61,19632,1,6.478,
spanner,183.62,19633,1,7.125,
spanner,183.63,19634,1,16.579,
spanner,183.64,19635,1,8.442,
spanner,183.65,19636,1,9.338,
spanner,183.66,19637,1,8.457,
spanner,183.67,19638,1,6.688,
spanner,183.68,19639,1,7.569,
spanner,183.68,19640,1,7.149,
spanner,183.69,19641,1,15.600,
spanner,183.71,19642,1,9.199,
spanner,183.71,19643,1,8.844,
spanner,183.72,19644,1,9.742,
spanner,183.73,19645,1,7.510,
spanner,183.74,19646,1,9.104,
spanner,183.75,19647,1,7.210,
spanner,183.76,19648,1,6.123,
spanner,183.76,19649,1,6.180,
spanner,183.77,19650,1,7.374,
spanner,183.78,19651,1,8.056,
spanner,183.79,19652,1,8.242,
spanner,183.79,19653,1,11.028,
spanner,183.80,19654,1,6.635,
spanner,183.81,19655,1,6.643,
spanner,183.82,19656,1,7.243,
spanner,183.83,19657,1,11.294,
spanner,183.84,19658,1,9.003,
spanner,183.85,19659,1,8.955,
spanner,183.85,19660,1,7.171,
spanner,183.86,19661,1,7.382,
spanner,183.87,19662,1,7.864,
spanner,183.88,19663,1,8.905,
spanner,183.89,19664,1,9.456,
spanner,183.90,19665,1,9.983,
spanner,183.91,19666,1,7.050,
spanner,183.91,19667,1,7.081,
spanner,183.92,19668,1,6.822,
spanner,183.93,19669,1,13.709,
spanner,183.94,19670,1,7.393,
spanner,183.95,19671,1,6.913,
spanner,183.95,19672,1,6.738,
spanner,183.96,19673,1,6.711,
spanner,183.97,19674,1,6.727,
spanner,183.97,19675,1,6.657,
spanner,183.98,19676,1,7.039,
spanner,183.99,19677,1,8.416,
spanner,184.00,19678,1,9.462,
spanner,184.01,19679,1,6.969,
spanner,184.01,19680,1,6.658,
spanner,184.02,19681,1,6.692,
spanner,184.03,19682,1,10.753,
spanner,184.04,19683,1,10.717,
spanner,184.05,19684,1,7.831,
spanner,184.06,19685,1,6.932,
spanner,184.06,19686,1,6.509,
spanner,184.07,19687,1,6.784,
spanner,184.08,19688,1,6.146,
spanner,184.08,19689,1,6.123,
spanner,184.09,19690,1,9.902,
spanner,184.10,19691,1,8.198,
spanner,184.11,19692,1,7.423,
spanner,184.11,19693,1,7.593,
spanner,184.12,19694,1,9.396,
spanner,184.13,19695,1,9.107,
spanner,184.14,19696,1,7.312,
spanner,184.15,19697,1,7.209,
spanner,184.16,19698,1,8.201,
spanner,184.16,19699,1,6.743,
spanner,184.17,19700,1,7.585,
spanner,184.18,19701,1,7.435,
spanner,184.19,19702,1,7.646,
spanner,184.19,19703,1,7.588,
spanner,184.20,19704,1,6.945,
spanner,184.21,19705,1,8.311,
spanner,184.22,19706,1,6.446,
spanner,184.22,19707,1,6.441,
spanner,184.23,19708,1,6.735,
spanner,184.24,19709,1,6.753,
spanner,184.24,19710,1,6.966,
spanner,184.25,19711,1,6.843,
spanner,184.26,19712,1,7.145,
spanner,184.26,19713,1,8.088,
spanner,184.27,19714,1,8.297,
spanner,184.28,19715,1,8.026,
spanner,184.29,19716,1,7.194,
spanner,184.30,19717,1,7.031,
spanner,184.30,19718,1,7.319,
spanner,184.31,19719,1,6.836,
spanner,184.32,19720,1,6.927,
spanner,184.32,19721,1,6.645,
spanner,184.33,19722,1,7.747,
spanner,184.34,19723,1,7.529,
spanner,184.35,19724,1,7.686,
spanner,184.35,19725,1,8.388,
spanner,184.36,19726,1,7.091,
spanner,184.37,19727,1,7.407,
spanner,184.38,19728,1,7.748,
spanner,184.38,19729,1,8.105,
spanner,184.39,19730,1,7.390,
spanner,184.40,19731,1,8.213,
spanner,184.41,19732,1,8.197,
spanner,184.42,19733,1,7.831,
spanner,184.42,19734,1,7.622,
spanner,184.43,19735,1,7.285,
spanner,184.44,19736,1,8.541,
spanner,184.45,19737,1,7.777,
spanner,184.46,19738,1,7.590,
spanner,184.46,19739,1,7.970,
spanner,184.47,19740,1,7.797,
spanner,184.48,19741,1,8.481,
spanner,184.49,19742,1,9.055,
spanner,184.50,19743,1,8.313,
spanner,184.50,19744,1,8.561,
spanner,184.51,19745,1,8.190,
spanner,184.52,19746,1,7.572,
spanner,184.53,19747,1,7.809,
spanner,184.54,19748,1,7.708,
spanner,184.54,19749,1,8.208,
spanner,184.55,19750,1,8.062,
spanner,184.56,19751,1,7.453,
spanner,184.57,19752,1,7.807,
spanner,184.58,19753,1,7.842,
spanner,184.58,19754,1,7.938,
spanner,184.59,19755,1,7.239,
spanner,184.60,19756,1,7.822,
spanner,184.61,19757,1,7.756,
spanner,184.61,19758,1,7.264,
spanner,184.62,19759,1,8.129,
spanner,184.63,19760,1,7.879,
spanner,184.64,19761,1,7.439,
spanner,184.65,19762,1,8.952,
spanner,184.65,19763,1,8.588,
spanner,184.66,19764,1,7.654,
spanner,184.67,19765,1,8.016,
spanner,184.68,19766,1,8.122,
spanner,184.69,19767,1,7.973,
spanner,184.70,19768,1,7.274,
spanner,184.70,19769,1,8.150,
spanner,184.71,19770,1,7.572,
spanner,184.72,19771,1,7.476,
spanner,184.73,19772,1,8.027,
spanner,184.73,19773,1,8.682,
spanner,184.74,19774,1,9.636,
spanner,184.75,19775,1,11.088,
spanner,184.76,19776,1,11.519,
spanner,184.77,19777,1,10.518,
spanner,184.79,19778,1,10.597,
spanner,184.80,19779,1,12.010,
spanner,184.81,19780,1,12.276,
spanner,184.82,19781,1,12.576,
spanner,184.83,19782,1,14.484,
spanner,184.85,19783,1,13.011,
spanner,184.86,19784,1,13.803,
spanner,184.87,19785,1,12.136,
spanner,184.89,19786,1,11.955,
spanner,184.90,19787,1,13.327,
spanner,184.91,19788,1,11.301,
spanner,184.92,19789,1,10.825,
spanner,184.93,19790,1,12.871,
spanner,184.95,19791,1,12.111,
spanner,184.96,19792,1,11.888,
spanner,184.97,19793,1,11.342,
spanner,184.98,19794,1,13.606,
spanner,185.00,19795,1,13.236,
spanner,185.01,19796,1,12.662,
spanner,185.02,19797,1,13.699,
spanner,185.04,19798,1,12.509,
spanner,185.05,19799,1,11.475,
spanner,185.06,19800,1,10.546,
spanner,185.07,19801,1,11.416,
spanner,185.08,19802,1,10.431,
spanner,185.09,19803,1,8.937,
spanner,185.10,19804,1,10.358,
spanner,185.11,19805,1,11.279,
spanner,185.12,19806,1,13.146,
spanner,185.14,19807,1,12.344,
spanner,185.15,19808,1,12.188,
spanner,185.16,19809,1,12.642,
spanner,185.17,19810,1,10.358,
spanner,185.18,19811,1,9.057,
spanner,185.19,19812,1,8.867,
spanner,185.20,19813,1,8.835,
spanner,185.21,19814,1,8.392,
spanner,185.22,19815,1,7.970,
spanner,185.23,19816,1,10.173,
spanner,185.24,19817,1,12.976,
spanner,185.25,19818,1,12.846,
spanner,185.26,19819,1,12.407,
spanner,185.28,19820,1,11.325,
spanner,185.29,19821,1,11.304,
spanner,185.30,19822,1,10.215,
spanner,185.31,19823,1,10.134,
spanner,185.32,19824,1,10.211,
spanner,185.33,19825,1,10.359,
spanner,185.34,19826,1,8.688,
spanner,185.35,19827,1,8.608,
spanner,185.36,19828,1,10.845,
spanner,185.37,19829,1,8.306,
spanner,185.38,19830,1,7.666,
spanner,185.38,19831,1,8.417,
spanner,185.39,19832,1,8.737,
spanner,185.40,19833,1,10.672,
spanner,185.41,19834,1,9.794,
spanner,185.42,19835,1,9.346,
spanner,185.43,19836,1,8.046,
spanner,185.44,19837,1,6.641,
spanner,185.45,19838,1,6.158,
spanner,185.45,19839,1,5.980,
spanner,185.46,19840,1,6.415,
spanner,185.46,19841,1,6.682,
spanner,185.47,19842,1,7.582,
spanner,185.48,19843,1,7.380,
spanner,185.49,19844,1,6.189,
spanner,185.49,19845,1,8.121,
spanner,185.50,19846,1,8.217,
spanner,185.51,19847,1,8.169,
spanner,185.52,19848,1,7.927,
spanner,185.53,19849,1,6.483,
spanner,185.53,19850,1,7.074,
spanner,185.54,19851,1,8.400,
spanner,185.55,19852,1,8.195,
spanner,185.56,19853,1,6.898,
spanner,185.56,19854,1,6.252,
spanner,185.57,19855,1,5.961,
spanner,185.57,19856,1,5.685,
spanner,185.58,19857,1,6.021,
spanner,185.59,19858,1,6.759,
spanner,185.59,19859,1,7.799,
spanner,185.60,19860,1,8.398,
spanner,185.61,19861,1,9.444,
spanner,185.62,19862,1,9.507,
spanner,185.63,19863,1,7.520,
spanner,185.64,19864,1,9.278,
spanner,185.65,19865,1,10.038,
spanner,185.66,19866,1,8.341,
spanner,185.66,19867,1,7.337,
spanner,185.67,19868,1,6.214,
spanner,185.68,19869,1,7.700,
spanner,185.69,19870,1,11.978,
spanner,185.70,19871,1,11.287,
spanner,185.71,19872,1,7.905,
spanner,185.72,19873,1,7.034,
spanner,185.72,19874,1,7.155,
spanner,185.73,19875,1,7.156,
spanner,185.74,19876,1,7.333,
spanner,185.75,19877,1,6.991,
spanner,185.75,19878,1,6.936,
spanner,185.76,19879,1,6.465,
spanner,185.77,19880,1,6.153,
spanner,185.77,19881,1,6.056,
spanner,185.78,19882,1,6.378,
spanner,185.78,19883,1,7.554,
spanner,185.79,19884,1,6.404,
spanner,185.80,19885,1,6.005,
spanner,185.80,19886,1,5.925,
spanner,185.81,19887,1,6.076,
spanner,185.82,19888,1,6.248,
spanner,185.82,19889,1,7.224,
spanner,185.83,19890,1,8.026,
spanner,185.84,19891,1,7.100,
spanner,185.85,19892,1,6.812,
spanner,185.85,19893,1,6.671,
spanner,185.86,19894,1,7.166,
spanner,185.87,19895,1,6.319,
spanner,185.87,19896,1,6.298,
spanner,185.88,19897,1,8.101,
spanner,185.89,19898,1,8.736,
spanner,185.90,19899,1,9.346,
spanner,185.90,19900,1,7.646,
spanner,185.91,19901,1,9.366,
spanner,185.92,19902,1,9.834,
spanner,185.93,19903,1,7.948,
spanner,185.94,19904,1,7.937,
spanner,185.95,19905,1,8.942,
spanner,185.96,19906,1,8.089,
spanner,185.96,19907,1,6.706,
spanner,185.97,19908,1,7.605,
spanner,185.98,19909,1,7.314,
spanner,185.99,19910,1,6.698,
spanner,185.99,19911,1,6.481,
spanner,186.00,19912,1,6.437,
spanner,186.01,19913,1,7.515,
spanner,186.01,19914,1,6.452,
spanner,186.02,19915,1,6.574,
spanner,186.03,19916,1,6.329,
spanner,186.03,19917,1,6.449,
spanner,186.04,19918,1,7.064,
spanner,186.05,19919,1,8.283,
spanner,186.06,19920,1,7.373,
spanner,186.06,19921,1,8.843,
spanner,186.07,19922,1,9.940,
spanner,186.08,19923,1,8.154,
spanner,186.09,19924,1,7.375,
spanner,186.10,19925,1,7.658,
spanner,186.10,19926,1,6.760,
spanner,186.11,19927,1,7.801,
spanner,186.12,19928,1,8.096,
spanner,186.13,19929,1,9.894,
spanner,186.14,19930,1,9.926,
spanner,186.15,19931,1,9.926,
spanner,186.16,19932,1,10.018,
spanner,186.17,19933,1,8.220,
spanner,186.18,19934,1,9.008,
spanner,186.18,19935,1,8.029,
spanner,186.19,19936,1,8.766,
spanner,186.20,19937,1,8.228,
spanner,186.21,19938,1,7.672,
spanner,186.22,19939,1,6.698,
spanner,186.22,19940,1,7.202,
spanner,186.23,19941,1,8.754,
spanner,186.24,19942,1,10.110,
spanner,186.25,19943,1,8.223,
spanner,186.26,19944,1,10.102,
spanner,186.27,19945,1,9.491,
spanner,186.28,19946,1,9.400,
spanner,186.29,19947,1,10.710,
spanner,186.30,19948,1,9.839,
spanner,186.31,19949,1,11.003,
spanner,186.32,19950,1,10.140,
spanner,186.33,19951,1,11.395,
spanner,186.34,19952,1,9.534,
spanner,186.35,19953,1,7.902,
spanner,186.36,19954,1,7.523,
spanner,186.37,19955,1,7.621,
spanner,186.37,19956,1,7.768,
spanner,186.38,19957,1,8.718,
spanner,186.39,19958,1,9.839,
spanner,186.40,19959,1,9.156,
spanner,186.41,19960,1,10.580,
spanner,186.42,19961,1,8.653,
spanner,186.43,19962,1,8.143,
spanner,186.44,19963,1,7.050,
spanner,186.44,19964,1,8.580,
spanner,186.45,19965,1,10.329,
spanner,186.46,19966,1,11.365,
spanner,186.47,19967,1,10.140,
spanner,186.48,19968,1,9.534,
spanner,186.49,19969,1,19.350,
spanner,186.51,19970,1,7.525,
spanner,186.52,19971,1,7.119,
spanner,186.53,19972,1,7.015,
spanner,186.54,19973,1,7.787,
spanner,186.54,19974,1,7.635,
spanner,186.55,19975,1,7.881,
spanner,186.56,19976,1,7.760,
spanner,186.57,19977,1,7.627,
spanner,186.57,19978,1,7.237,
spanner,186.58,19979,1,7.754,
spanner,186.59,19980,1,7.134,
spanner,186.60,19981,1,8.457,
spanner,186.60,19982,1,11.083,
spanner,186.62,19983,1,11.383,
spanner,186.63,19984,1,11.651,
spanner,186.64,19985,1,13.517,
spanner,186.65,19986,1,13.842,
spanner,186.67,19987,1,13.944,
spanner,186.68,19988,1,12.597,
spanner,186.69,19989,1,13.061,
spanner,186.71,19990,1,13.611,
spanner,186.72,19991,1,10.967,
spanner,186.73,19992,1,10.124,
spanner,186.74,19993,1,11.197,
spanner,186.75,19994,1,13.755,
spanner,186.77,19995,1,12.491,
spanner,186.78,19996,1,12.285,
spanner,186.79,19997,1,12.638,
spanner,186.80,19998,1,12.943,
spanner,186.82,19999,1,12.474,
spanner,186.83,20000,1,13.570,
spanner,186.84,20001,1,13.182,
spanner,186.86,20002,1,10.584,
spanner,186.87,20003,1,9.335,
spanner,186.88,20004,1,8.228,
spanner,186.88,20005,1,8.925,
spanner,186.89,20006,1,8.618,
spanner,186.90,20007,1,10.417,
spanner,186.91,20008,1,11.228,
spanner,186.92,20009,1,12.011,
spanner,186.94,20010,1,10.991,
spanner,186.95,20011,1,8.170,
spanner,186.95,20012,1,9.913,
spanner,186.96,20013,1,8.802,
spanner,186.97,20014,1,9.005,
spanner,186.98,20015,1,8.998,
spanner,186.99,20016,1,8.547,
spanner,187.00,20017,1,8.897,
spanner,187.01,20018,1,8.606,
spanner,187.02,20019,1,8.432,
spanner,187.03,20020,1,8.251,
spanner,187.03,20021,1,8.201,
spanner,187.04,20022,1,9.367,
spanner,187.05,20023,1,8.858,
spanner,187.06,20024,1,8.496,
spanner,187.07,20025,1,8.074,
spanner,187.08,20026,1,7.995,
spanner,187.09,20027,1,8.332,
spanner,187.09,20028,1,8.547,
spanner,187.10,20029,1,8.253,
spanner,187.11,20030,1,8.445,
spanner,187.12,20031,1,8.661,
spanner,187.13,20032,1,8.271,
spanner,187.14,20033,1,8.335,
spanner,187.14,20034,1,9.060,
spanner,187.15,20035,1,9.286,
spanner,187.16,20036,1,8.595,
spanner,187.17,20037,1,12.325,
spanner,187.18,20038,1,13.062,
spanner,187.20,20039,1,11.607,
spanner,187.21,20040,1,7.025,
spanner,187.22,20041,1,7.455,
spanner,187.22,20042,1,7.348,
spanner,187.23,20043,1,8.840,
spanner,187.24,20044,1,8.163,
spanner,187.25,20045,1,6.703,
spanner,187.25,20046,1,6.398,
spanner,187.26,20047,1,6.420,
spanner,187.27,20048,1,6.229,
spanner,187.27,20049,1,5.530,
spanner,187.28,20050,1,6.504,
spanner,187.29,20051,1,7.807,
spanner,187.29,20052,1,5.766,
spanner,187.30,20053,1,6.263,
spanner,187.31,20054,1,7.525,
spanner,187.31,20055,1,6.135,
spanner,187.32,20056,1,6.893,
spanner,187.33,20057,1,7.032,
spanner,187.33,20058,1,6.600,
spanner,187.34,20059,1,5.768,
spanner,187.35,20060,1,6.063,
spanner,187.35,20061,1,6.394,
spanner,187.36,20062,1,6.267,
spanner,187.36,20063,1,6.399,
spanner,187.37,20064,1,7.968,
spanner,187.38,20065,1,7.616,
spanner,187.39,20066,1,7.488,
spanner,187.39,20067,1,8.390,
spanner,187.40,20068,1,9.589,
spanner,187.41,20069,1,9.285,
spanner,187.42,20070,1,10.992,
spanner,187.43,20071,1,9.791,
spanner,187.44,20072,1,9.810,
spanner,187.45,20073,1,8.043,
spanner,187.46,20074,1,7.028,
spanner,187.47,20075,1,8.482,
spanner,187.48,20076,1,8.931,
spanner,187.49,20077,1,8.000,
spanner,187.49,20078,1,6.162,
spanner,187.50,20079,1,5.851,
spanner,187.51,20080,1,6.489,
spanner,187.51,20081,1,7.840,
spanner,187.52,20082,1,9.592,
spanner,187.53,20083,1,7.514,
spanner,187.54,20084,1,6.305,
spanner,187.54,20085,1,6.016,
spanner,187.55,20086,1,6.910,
spanner,187.56,20087,1,7.102,
spanner,187.56,20088,1,6.535,
spanner,187.57,20089,1,8.573,
spanner,187.58,20090,1,7.277,
spanner,187.59,20091,1,7.552,
spanner,187.59,20092,1,7.078,
spanner,187.60,20093,1,7.967,
spanner,187.61,20094,1,7.323,
spanner,187.62,20095,1,8.775,
spanner,187.62,20096,1,8.635,
spanner,187.63,20097,1,10.656,
spanner,187.64,20098,1,9.187,
spanner,187.65,20099,1,6.973,
spanner,187.66,20100,1,6.676,
spanner,187.67,20101,1,6.301,
spanner,187.67,20102,1,7.532,
spanner,187.68,20103,1,6.775,
spanner,187.69,20104,1,6.674,
spanner,187.69,20105,1,6.264,
spanner,187.70,20106,1,7.205,
spanner,187.71,20107,1,6.446,
spanner,187.71,20108,1,7.024,
spanner,187.72,20109,1,7.184,
spanner,187.73,20110,1,7.877,
spanner,187.74,20111,1,7.234,
spanner,187.74,20112,1,7.190,
spanner,187.75,20113,1,7.575,
spanner,187.76,20114,1,7.814,
spanner,187.77,20115,1,7.384,
spanner,187.77,20116,1,7.409,
spanner,187.78,20117,1,8.570,
spanner,187.79,20118,1,8.331,
spanner,187.80,20119,1,7.128,
spanner,187.81,20120,1,8.179,
spanner,187.81,20121,1,6.716,
spanner,187.82,20122,1,7.756,
spanner,187.83,20123,1,9.582,
spanner,187.84,20124,1,11.136,
spanner,187.85,20125,1,12.016,
spanner,187.86,20126,1,12.206,
spanner,187.87,20127,1,10.251,
spanner,187.88,20128,1,12.033,
spanner,187.90,20129,1,10.709,
spanner,187.91,20130,1,9.934,
spanner,187.92,20131,1,9.834,
spanner,187.93,20132,1,10.002,
spanner,187.94,20133,1,9.207,
spanner,187.95,20134,1,9.722,
spanner,187.96,20135,1,7.739,
spanner,187.96,20136,1,7.846,
spanner,187.97,20137,1,7.232,
spanner,187.98,20138,1,6.866,
spanner,187.98,20139,1,7.207,
spanner,187.99,20140,1,7.367,
spanner,188.00,20141,1,9.404,
spanner,188.01,20142,1,10.749,
spanner,188.02,20143,1,8.949,
spanner,188.03,20144,1,7.632,
spanner,188.04,20145,1,7.894,
spanner,188.04,20146,1,9.386,
spanner,188.05,20147,1,10.681,
spanner,188.06,20148,1,9.856,
spanner,188.07,20149,1,9.957,
spanner,188.08,20150,1,10.699,
spanner,188.10,20151,1,10.261,
spanner,188.11,20152,1,11.240,
spanner,188.12,20153,1,9.318,
spanner,188.13,20154,1,9.712,
spanner,188.14,20155,1,9.081,
spanner,188.14,20156,1,11.102,
spanner,188.16,20157,1,12.628,
spanner,188.17,20158,1,11.528,
spanner,188.18,20159,1,10.435,
spanner,188.19,20160,1,10.585,
spanner,188.20,20161,1,13.666,
spanner,188.22,20162,1,11.118,
spanner,188.23,20163,1,10.198,
spanner,188.24,20164,1,8.100,
spanner,188.24,20165,1,7.826,
spanner,188.25,20166,1,9.014,
spanner,188.26,20167,1,8.322,
spanner,188.27,20168,1,7.983,
spanner,188.28,20169,1,7.354,
spanner,188.29,20170,1,7.874,
spanner,188.29,20171,1,9.490,
spanner,188.30,20172,1,10.693,
spanner,188.31,20173,1,11.255,
spanner,188.32,20174,1,13.559,
spanner,188.34,20175,1,12.455,
spanner,188.35,20176,1,11.435,
spanner,188.36,20177,1,10.334,
spanner,188.37,20178,1,8.591,
spanner,188.38,20179,1,8.350,
spanner,188.39,20180,1,9.820,
spanner,188.40,20181,1,12.686,
spanner,188.41,20182,1,11.392,
spanner,188.42,20183,1,9.487,
spanner,188.43,20184,1,8.294,
spanner,188.44,20185,1,7.446,
spanner,188.45,20186,1,8.142,
spanner,188.46,20187,1,7.927,
spanner,188.47,20188,1,7.693,
spanner,188.47,20189,1,7.906,
spanner,188.48,20190,1,8.172,
spanner,188.49,20191,1,7.839,
spanner,188.50,20192,1,7.562,
spanner,188.50,20193,1,7.654,
spanner,188.51,20194,1,7.976,
spanner,188.52,20195,1,8.367,
spanner,188.53,20196,1,10.208,
spanner,188.54,20197,1,9.770,
spanner,188.55,20198,1,10.802,
spanner,188.56,20199,1,9.825,
spanner,188.57,20200,1,9.673,
spanner,188.58,20201,1,8.928,
spanner,188.59,20202,1,9.291,
spanner,188.60,20203,1,10.351,
spanner,188.61,20204,1,11.648,
spanner,188.62,20205,1,9.604,
spanner,188.63,20206,1,11.416,
spanner,188.64,20207,1,12.358,
spanner,188.65,20208,1,12.734,
spanner,188.67,20209,1,13.071,
spanner,188.68,20210,1,8.687,
spanner,188.69,20211,1,8.934,
spanner,188.70,20212,1,12.618,
spanner,188.71,20213,1,11.404,
spanner,188.72,20214,1,12.240,
spanner,188.73,20215,1,12.902,
spanner,188.75,20216,1,10.802,
spanner,188.76,20217,1,8.805,
spanner,188.77,20218,1,7.961,
spanner,188.77,20219,1,8.738,
spanner,188.78,20220,1,10.085,
spanner,188.79,20221,1,12.071,
spanner,188.80,20222,1,10.520,
spanner,188.82,20223,1,9.233,
spanner,188.82,20224,1,11.729,
spanner,188.84,20225,1,10.522,
spanner,188.85,20226,1,12.805,
spanner,188.86,20227,1,13.957,
spanner,188.87,20228,1,13.012,
spanner,188.89,20229,1,12.423,
spanner,188.90,20230,1,11.450,
spanner,188.91,20231,1,11.637,
spanner,188.92,20232,1,11.989,
spanner,188.93,20233,1,13.302,
spanner,188.95,20234,1,13.716,
spanner,188.96,20235,1,12.458,
spanner,188.97,20236,1,14.862,
spanner,188.99,20237,1,11.626,
spanner,189.00,20238,1,14.265,
spanner,189.02,20239,1,13.005,
spanner,189.03,20240,1,11.302,
spanner,189.04,20241,1,10.832,
spanner,189.05,20242,1,11.774,
spanner,189.06,20243,1,9.690,
spanner,189.07,20244,1,14.686,
spanner,189.09,20245,1,13.933,
spanner,189.10,20246,1,13.333,
spanner,189.11,20247,1,12.696,
spanner,189.13,20248,1,14.388,
spanner,189.14,20249,1,13.972,
spanner,189.16,20250,1,12.392,
spanner,189.17,20251,1,10.226,
spanner,189.18,20252,1,12.979,
spanner,189.19,20253,1,13.748,
spanner,189.20,20254,1,15.849,
spanner,189.22,20255,1,12.749,
spanner,189.23,20256,1,12.621,
spanner,189.25,20257,1,15.846,
spanner,189.26,20258,1,12.433,
spanner,189.27,20259,1,10.910,
spanner,189.29,20260,1,13.890,
spanner,189.30,20261,1,13.005,
spanner,189.31,20262,1,9.933,
spanner,189.32,20263,1,9.872,
spanner,189.33,20264,1,9.175,
spanner,189.34,20265,1,10.504,
spanner,189.35,20266,1,9.031,
spanner,189.36,20267,1,10.166,
spanner,189.37,20268,1,11.966,
spanner,189.38,20269,1,11.531,
spanner,189.40,20270,1,11.157,
spanner,189.41,20271,1,11.321,
spanner,189.42,20272,1,8.822,
spanner,189.43,20273,1,6.717,
spanner,189.43,20274,1,7.492,
spanner,189.44,20275,1,7.365,
spanner,189.45,20276,1,6.992,
spanner,189.46,20277,1,6.445,
spanner,189.46,20278,1,7.114,
spanner,189.47,20279,1,8.599,
spanner,189.48,20280,1,6.956,
spanner,189.48,20281,1,7.317,
spanner,189.49,20282,1,6.282,
spanner,189.50,20283,1,6.935,
spanner,189.50,20284,1,6.199,
spanner,189.51,20285,1,7.068,
spanner,189.52,20286,1,6.886,
spanner,189.53,20287,1,6.981,
spanner,189.53,20288,1,8.638,
spanner,189.54,20289,1,7.430,
spanner,189.55,20290,1,7.062,
spanner,189.56,20291,1,8.427,
spanner,189.56,20292,1,7.683,
spanner,189.57,20293,1,6.474,
spanner,189.58,20294,1,7.273,
spanner,189.59,20295,1,9.622,
spanner,189.60,20296,1,8.032,
spanner,189.60,20297,1,6.760,
spanner,189.61,20298,1,6.539,
spanner,189.62,20299,1,7.196,
spanner,189.62,20300,1,7.142,
spanner,189.63,20301,1,6.562,
spanner,189.64,20302,1,6.985,
spanner,189.64,20303,1,8.704,
spanner,189.65,20304,1,7.438,
spanner,189.66,20305,1,6.917,
spanner,189.67,20306,1,6.748,
spanner,189.67,20307,1,6.618,
spanner,189.68,20308,1,6.903,
spanner,189.69,20309,1,6.678,
spanner,189.69,20310,1,6.901,
spanner,189.70,20311,1,7.373,
spanner,189.71,20312,1,7.123,
spanner,189.72,20313,1,7.175,
spanner,189.72,20314,1,7.625,
spanner,189.73,20315,1,6.577,
spanner,189.74,20316,1,6.976,
spanner,189.74,20317,1,7.074,
spanner,189.75,20318,1,6.365,
spanner,189.76,20319,1,7.026,
spanner,189.77,20320,1,11.062,
spanner,189.78,20321,1,10.193,
spanner,189.79,20322,1,9.861,
spanner,189.80,20323,1,8.585,
spanner,189.81,20324,1,8.278,
spanner,189.81,20325,1,7.060,
spanner,189.82,20326,1,8.495,
spanner,189.83,20327,1,9.366,
spanner,189.84,20328,1,8.789,
spanner,189.85,20329,1,10.598,
spanner,189.86,20330,1,11.328,
spanner,189.87,20331,1,11.983,
spanner,189.88,20332,1,9.965,
spanner,189.89,20333,1,8.130,
spanner,189.90,20334,1,7.405,
spanner,189.91,20335,1,7.206,
spanner,189.91,20336,1,6.703,
spanner,189.92,20337,1,6.850,
spanner,189.93,20338,1,6.904,
spanner,189.93,20339,1,6.780,
spanner,189.94,20340,1,6.568,
spanner,189.95,20341,1,8.396,
spanner,189.96,20342,1,9.675,
spanner,189.97,20343,1,10.346,
spanner,189.98,20344,1,10.073,
spanner,189.99,20345,1,8.980,
spanner,190.00,20346,1,10.860,
spanner,190.01,20347,1,9.745,
spanner,190.02,20348,1,8.010,
spanner,190.02,20349,1,7.589,
spanner,190.03,20350,1,7.019,
spanner,190.04,20351,1,7.635,
spanner,190.05,20352,1,6.539,
spanner,190.05,20353,1,6.853,
spanner,190.06,20354,1,10.362,
spanner,190.07,20355,1,12.742,
spanner,190.08,20356,1,11.562,
spanner,190.10,20357,1,9.032,
spanner,190.10,20358,1,7.558,
spanner,190.11,20359,1,7.872,
spanner,190.12,20360,1,9.160,
spanner,190.13,20361,1,11.227,
spanner,190.14,20362,1,10.918,
spanner,190.15,20363,1,8.818,
spanner,190.16,20364,1,11.647,
spanner,190.17,20365,1,10.269,
spanner,190.18,20366,1,9.765,
spanner,190.19,20367,1,12.044,
spanner,190.20,20368,1,12.740,
spanner,190.22,20369,1,10.370,
spanner,190.23,20370,1,8.484,
spanner,190.24,20371,1,8.518,
spanner,190.24,20372,1,7.264,
spanner,190.25,20373,1,7.707,
spanner,190.26,20374,1,9.303,
spanner,190.27,20375,1,9.329,
spanner,190.28,20376,1,8.737,
spanner,190.29,20377,1,9.600,
spanner,190.30,20378,1,11.228,
spanner,190.31,20379,1,11.999,
spanner,190.32,20380,1,11.765,
spanner,190.33,20381,1,8.726,
spanner,190.34,20382,1,8.721,
spanner,190.35,20383,1,12.150,
spanner,190.36,20384,1,10.201,
spanner,190.37,20385,1,8.902,
spanner,190.38,20386,1,10.269,
spanner,190.39,20387,1,11.350,
spanner,190.40,20388,1,11.008,
spanner,190.41,20389,1,8.551,
spanner,190.42,20390,1,7.999,
spanner,190.43,20391,1,8.084,
spanner,190.44,20392,1,8.430,
spanner,190.45,20393,1,7.630,
spanner,190.45,20394,1,8.796,
spanner,190.46,20395,1,10.008,
spanner,190.47,20396,1,10.809,
spanner,190.48,20397,1,11.751,
spanner,190.50,20398,1,10.596,
spanner,190.51,20399,1,11.723,
spanner,190.52,20400,1,11.923,
spanner,190.53,20401,1,12.612,
spanner,190.54,20402,1,10.900,
spanner,190.55,20403,1,9.156,
spanner,190.56,20404,1,8.872,
spanner,190.57,20405,1,12.401,
spanner,190.58,20406,1,11.494,
spanner,190.60,20407,1,11.398,
spanner,190.61,20408,1,11.499,
spanner,190.62,20409,1,12.966,
spanner,190.63,20410,1,11.137,
spanner,190.64,20411,1,8.578,
spanner,190.65,20412,1,7.886,
spanner,190.66,20413,1,7.826,
spanner,190.67,20414,1,7.627,
spanner,190.67,20415,1,7.723,
spanner,190.68,20416,1,7.754,
spanner,190.69,20417,1,7.731,
spanner,190.70,20418,1,7.826,
spanner,190.71,20419,1,9.049,
spanner,190.71,20420,1,8.030,
spanner,190.72,20421,1,8.090,
spanner,190.73,20422,1,8.350,
spanner,190.74,20423,1,9.100,
spanner,190.75,20424,1,8.098,
spanner,190.76,20425,1,8.540,
spanner,190.77,20426,1,8.356,
spanner,190.77,20427,1,7.989,
spanner,190.78,20428,1,8.857,
spanner,190.79,20429,1,12.216,
spanner,190.80,20430,1,9.310,
spanner,190.81,20431,1,9.406,
spanner,190.82,20432,1,9.074,
spanner,190.83,20433,1,8.515,
spanner,190.84,20434,1,8.246,
spanner,190.85,20435,1,8.533,
spanner,190.86,20436,1,9.140,
spanner,190.87,20437,1,8.861,
spanner,190.87,20438,1,8.840,
spanner,190.88,20439,1,8.249,
spanner,190.89,20440,1,7.928,
spanner,190.90,20441,1,8.931,
spanner,190.91,20442,1,9.400,
spanner,190.92,20443,1,9.398,
spanner,190.93,20444,1,9.399,
spanner,190.94,20445,1,9.583,
spanner,190.95,20446,1,9.448,
spanner,190.96,20447,1,8.588,
spanner,190.96,20448,1,8.373,
spanner,190.97,20449,1,9.947,
spanner,190.98,20450,1,9.186,
spanner,190.99,20451,1,10.509,
spanner,191.00,20452,1,12.745,
spanner,191.02,20453,1,14.443,
spanner,191.03,20454,1,14.438,
spanner,191.04,20455,1,13.634,
spanner,191.06,20456,1,13.716,
spanner,191.07,20457,1,12.534,
spanner,191.08,20458,1,13.473,
spanner,191.10,20459,1,11.355,
spanner,191.11,20460,1,13.727,
spanner,191.12,20461,1,12.706,
spanner,191.14,20462,1,13.501,
spanner,191.15,20463,1,11.756,
spanner,191.16,20464,1,12.344,
spanner,191.17,20465,1,11.117,
spanner,191.18,20466,1,11.725,
spanner,191.20,20467,1,9.152,
spanner,191.21,20468,1,10.526,
spanner,191.22,20469,1,10.710,
spanner,191.23,20470,1,11.076,
spanner,191.24,20471,1,8.937,
spanner,191.25,20472,1,8.455,
spanner,191.26,20473,1,10.398,
spanner,191.27,20474,1,14.439,
spanner,191.28,20475,1,14.398,
spanner,191.29,20476,1,12.522,
spanner,191.31,20477,1,17.369,
spanner,191.32,20478,1,8.378,
spanner,191.33,20479,1,9.298,
spanner,191.34,20480,1,12.571,
spanner,191.36,20481,1,21.158,
spanner,191.38,20482,1,8.215,
spanner,191.38,20483,1,6.723,
spanner,191.39,20484,1,6.584,
spanner,191.40,20485,1,6.055,
spanner,191.40,20486,1,6.194,
spanner,191.41,20487,1,6.393,
spanner,191.42,20488,1,6.233,
spanner,191.42,20489,1,6.187,
spanner,191.43,20490,1,6.236,
spanner,191.44,20491,1,6.689,
spanner,191.44,20492,1,7.136,
spanner,191.45,20493,1,14.511,
spanner,191.46,20494,1,9.029,
spanner,191.47,20495,1,7.387,
spanner,191.48,20496,1,7.318,
spanner,191.49,20497,1,6.888,
spanner,191.49,20498,1,6.943,
spanner,191.50,20499,1,6.431,
spanner,191.51,20500,1,6.156,
spanner,191.51,20501,1,7.011,
spanner,191.52,20502,1,7.491,
spanner,191.53,20503,1,6.970,
spanner,191.54,20504,1,7.086,
spanner,191.54,20505,1,7.510,
spanner,191.55,20506,1,18.339,
spanner,191.57,20507,1,7.661,
spanner,191.58,20508,1,7.086,
spanner,191.58,20509,1,6.898,
spanner,191.59,20510,1,6.560,
spanner,191.60,20511,1,7.290,
spanner,191.60,20512,1,7.678,
spanner,191.61,20513,1,7.140,
spanner,191.62,20514,1,6.363,
spanner,191.63,20515,1,6.329,
spanner,191.63,20516,1,6.259,
spanner,191.64,20517,1,5.990,
spanner,191.64,20518,1,7.055,
spanner,191.65,20519,1,8.704,
spanner,191.66,20520,1,8.304,
spanner,191.67,20521,1,6.753,
spanner,191.68,20522,1,9.218,
spanner,191.68,20523,1,7.463,
spanner,191.69,20524,1,6.984,
spanner,191.70,20525,1,7.595,
spanner,191.71,20526,1,7.500,
spanner,191.71,20527,1,6.562,
spanner,191.72,20528,1,6.945,
spanner,191.73,20529,1,7.816,
spanner,191.74,20530,1,7.449,
spanner,191.74,20531,1,6.783,
spanner,191.75,20532,1,6.017,
spanner,191.76,20533,1,8.257,
spanner,191.76,20534,1,9.413,
spanner,191.77,20535,1,8.870,
spanner,191.78,20536,1,9.128,
spanner,191.79,20537,1,10.266,
spanner,191.80,20538,1,7.370,
spanner,191.81,20539,1,6.743,
spanner,191.82,20540,1,6.460,
spanner,191.82,20541,1,5.904,
spanner,191.83,20542,1,6.660,
spanner,191.84,20543,1,7.745,
spanner,191.84,20544,1,7.467,
spanner,191.85,20545,1,6.601,
spanner,191.86,20546,1,7.353,
spanner,191.86,20547,1,10.700,
spanner,191.88,20548,1,11.686,
spanner,191.89,20549,1,11.267,
spanner,191.90,20550,1,9.573,
spanner,191.91,20551,1,10.818,
spanner,191.92,20552,1,9.681,
spanner,191.93,20553,1,9.732,
spanner,191.94,20554,1,9.830,
spanner,191.95,20555,1,9.590,
spanner,191.96,20556,1,9.799,
spanner,191.97,20557,1,8.570,
spanner,191.98,20558,1,6.702,
spanner,191.98,20559,1,6.535,
spanner,191.99,20560,1,7.840,
spanner,192.00,20561,1,8.827,
spanner,192.01,20562,1,8.087,
spanner,192.01,20563,1,6.841,
spanner,192.02,20564,1,6.322,
spanner,192.03,20565,1,6.852,
spanner,192.03,20566,1,7.662,
spanner,192.04,20567,1,6.557,
spanner,192.05,20568,1,6.731,
spanner,192.06,20569,1,6.025,
spanner,192.06,20570,1,5.983,
spanner,192.07,20571,1,6.292,
spanner,192.07,20572,1,7.727,
spanner,192.08,20573,1,8.203,
spanner,192.09,20574,1,8.129,
spanner,192.10,20575,1,7.510,
spanner,192.11,20576,1,7.347,
spanner,192.11,20577,1,6.796,
spanner,192.12,20578,1,6.699,
spanner,192.13,20579,1,8.813,
spanner,192.14,20580,1,8.388,
spanner,192.14,20581,1,8.558,
spanner,192.15,20582,1,10.729,
spanner,192.16,20583,1,9.330,
spanner,192.17,20584,1,8.618,
spanner,192.18,20585,1,7.786,
spanner,192.19,20586,1,7.318,
spanner,192.20,20587,1,6.313,
spanner,192.20,20588,1,6.882,
spanner,192.21,20589,1,7.105,
spanner,192.22,20590,1,6.968,
spanner,192.22,20591,1,7.107,
spanner,192.23,20592,1,6.630,
spanner,192.24,20593,1,6.870,
spanner,192.24,20594,1,6.907,
spanner,192.25,20595,1,7.347,
spanner,192.26,20596,1,7.207,
spanner,192.27,20597,1,8.875,
spanner,192.27,20598,1,9.404,
spanner,192.28,20599,1,8.954,
spanner,192.29,20600,1,8.584,
spanner,192.30,20601,1,8.506,
spanner,192.31,20602,1,9.504,
spanner,192.32,20603,1,8.131,
spanner,192.33,20604,1,7.375,
spanner,192.34,20605,1,7.359,
spanner,192.34,20606,1,6.970,
spanner,192.35,20607,1,6.797,
spanner,192.36,20608,1,6.762,
spanner,192.36,20609,1,7.736,
spanner,192.37,20610,1,8.335,
spanner,192.38,20611,1,8.017,
spanner,192.39,20612,1,7.833,
spanner,192.40,20613,1,8.761,
spanner,192.40,20614,1,8.754,
spanner,192.41,20615,1,8.438,
spanner,192.42,20616,1,11.174,
spanner,192.43,20617,1,11.094,
spanner,192.44,20618,1,8.190,
spanner,192.45,20619,1,7.543,
spanner,192.46,20620,1,9.624,
spanner,192.47,20621,1,10.162,
spanner,192.48,20622,1,12.654,
spanner,192.49,20623,1,10.769,
spanner,192.50,20624,1,9.377,
spanner,192.51,20625,1,8.310,
spanner,192.52,20626,1,7.969,
spanner,192.53,20627,1,7.924,
spanner,192.54,20628,1,9.640,
spanner,192.55,20629,1,8.881,
spanner,192.56,20630,1,10.624,
spanner,192.57,20631,1,11.821,
spanner,192.58,20632,1,11.981,
spanner,192.59,20633,1,11.987,
spanner,192.60,20634,1,10.811,
spanner,192.61,20635,1,12.353,
spanner,192.62,20636,1,10.070,
spanner,192.64,20637,1,12.358,
spanner,192.65,20638,1,10.988,
spanner,192.66,20639,1,8.241,
spanner,192.67,20640,1,10.909,
spanner,192.68,20641,1,12.564,
spanner,192.69,20642,1,10.430,
spanner,192.70,20643,1,10.564,
spanner,192.71,20644,1,8.783,
spanner,192.72,20645,1,8.953,
spanner,192.73,20646,1,9.469,
spanner,192.74,20647,1,8.975,
spanner,192.75,20648,1,8.698,
spanner,192.76,20649,1,9.392,
spanner,192.77,20650,1,9.169,
spanner,192.78,20651,1,8.213,
spanner,192.78,20652,1,8.926,
spanner,192.79,20653,1,8.301,
spanner,192.80,20654,1,7.932,
spanner,192.81,20655,1,8.190,
spanner,192.82,20656,1,7.555,
spanner,192.82,20657,1,9.158,
spanner,192.83,20658,1,9.364,
spanner,192.84,20659,1,9.826,
spanner,192.85,20660,1,9.844,
spanner,192.86,20661,1,8.592,
spanner,192.87,20662,1,10.604,
spanner,192.88,20663,1,9.677,
spanner,192.89,20664,1,9.839,
spanner,192.90,20665,1,8.192,
spanner,192.91,20666,1,7.880,
spanner,192.92,20667,1,7.773,
spanner,192.93,20668,1,8.141,
spanner,192.93,20669,1,9.714,
spanner,192.94,20670,1,13.681,
spanner,192.96,20671,1,9.249,
spanner,192.97,20672,1,8.263,
spanner,192.97,20673,1,8.466,
spanner,192.98,20674,1,8.234,
spanner,192.99,20675,1,8.755,
spanner,193.00,20676,1,9.801,
spanner,193.01,20677,1,9.808,
spanner,193.02,20678,1,9.652,
spanner,193.03,20679,1,10.981,
spanner,193.04,20680,1,13.067,
spanner,193.05,20681,1,13.130,
spanner,193.07,20682,1,13.789,
spanner,193.08,20683,1,12.291,
spanner,193.09,20684,1,11.904,
spanner,193.11,20685,1,8.172,
spanner,193.11,20686,1,8.643,
spanner,193.12,20687,1,8.318,
spanner,193.13,20688,1,7.892,
spanner,193.14,20689,1,7.903,
spanner,193.15,20690,1,8.374,
spanner,193.15,20691,1,8.063,
spanner,193.16,20692,1,10.522,
spanner,193.17,20693,1,9.978,
spanner,193.18,20694,1,10.631,
spanner,193.19,20695,1,10.353,
spanner,193.20,20696,1,10.982,
spanner,193.22,20697,1,10.162,
spanner,193.23,20698,1,10.425,
spanner,193.24,20699,1,9.925,
spanner,193.25,20700,1,8.752,
spanner,193.25,20701,1,8.554,
spanner,193.26,20702,1,10.528,
spanner,193.27,20703,1,9.841,
spanner,193.28,20704,1,17.610,
spanner,193.30,20705,1,8.877,
spanner,193.31,20706,1,7.062,
spanner,193.32,20707,1,7.287,
spanner,193.32,20708,1,9.028,
spanner,193.33,20709,1,10.747,
spanner,193.34,20710,1,9.559,
spanner,193.35,20711,1,9.261,
spanner,193.36,20712,1,7.738,
spanner,193.37,20713,1,8.479,
spanner,193.38,20714,1,7.384,
spanner,193.39,20715,1,7.203,
spanner,193.39,20716,1,6.385,
spanner,193.40,20717,1,5.530,
spanner,193.41,20718,1,5.696,
spanner,193.41,20719,1,6.789,
spanner,193.42,20720,1,6.485,
spanner,193.43,20721,1,6.814,
spanner,193.43,20722,1,8.585,
spanner,193.44,20723,1,8.043,
spanner,193.45,20724,1,8.843,
spanner,193.46,20725,1,10.157,
spanner,193.47,20726,1,10.576,
spanner,193.48,20727,1,10.596,
spanner,193.49,20728,1,8.289,
spanner,193.50,20729,1,6.538,
spanner,193.50,20730,1,6.426,
spanner,193.51,20731,1,6.286,
spanner,193.52,20732,1,7.250,
spanner,193.52,20733,1,7.016,
spanner,193.53,20734,1,8.612,
spanner,193.54,20735,1,9.949,
spanner,193.55,20736,1,9.428,
spanner,193.56,20737,1,10.361,
spanner,193.57,20738,1,10.011,
spanner,193.58,20739,1,10.196,
spanner,193.59,20740,1,10.710,
spanner,193.60,20741,1,9.035,
spanner,193.61,20742,1,7.433,
spanner,193.62,20743,1,6.451,
spanner,193.62,20744,1,6.691,
spanner,193.63,20745,1,6.495,
spanner,193.64,20746,1,6.162,
spanner,193.64,20747,1,6.409,
spanner,193.65,20748,1,6.153,
spanner,193.66,20749,1,6.140,
spanner,193.66,20750,1,5.947,
spanner,193.67,20751,1,6.103,
spanner,193.67,20752,1,6.501,
spanner,193.68,20753,1,8.081,
spanner,193.69,20754,1,8.200,
spanner,193.70,20755,1,7.894,
spanner,193.70,20756,1,8.011,
spanner,193.71,20757,1,6.346,
spanner,193.72,20758,1,6.081,
spanner,193.73,20759,1,6.384,
spanner,193.73,20760,1,6.239,
spanner,193.74,20761,1,6.404,
spanner,193.74,20762,1,7.294,
spanner,193.75,20763,1,7.237,
spanner,193.76,20764,1,6.226,
spanner,193.77,20765,1,6.179,
spanner,193.77,20766,1,6.273,
spanner,193.78,20767,1,6.819,
spanner,193.78,20768,1,6.428,
spanner,193.79,20769,1,6.886,
spanner,193.80,20770,1,7.354,
spanner,193.81,20771,1,7.525,
spanner,193.81,20772,1,6.291,
spanner,193.82,20773,1,6.431,
spanner,193.83,20774,1,6.880,
spanner,193.83,20775,1,6.265,
spanner,193.84,20776,1,7.582,
spanner,193.85,20777,1,8.228,
spanner,193.85,20778,1,8.228,
spanner,193.86,20779,1,7.529,
spanner,193.87,20780,1,7.403,
spanner,193.88,20781,1,7.802,
spanner,193.89,20782,1,9.273,
spanner,193.90,20783,1,7.291,
spanner,193.90,20784,1,6.990,
spanner,193.91,20785,1,6.195,
spanner,193.92,20786,1,6.040,
spanner,193.92,20787,1,6.548,
spanner,193.93,20788,1,6.809,
spanner,193.94,20789,1,7.867,
spanner,193.94,20790,1,9.418,
spanner,193.95,20791,1,8.830,
spanner,193.96,20792,1,7.919,
spanner,193.97,20793,1,9.873,
spanner,193.98,20794,1,8.083,
spanner,193.99,20795,1,8.106,
spanner,194.00,20796,1,9.242,
spanner,194.00,20797,1,10.355,
spanner,194.02,20798,1,8.365,
spanner,194.02,20799,1,8.457,
spanner,194.03,20800,1,7.448,
spanner,194.04,20801,1,7.997,
spanner,194.05,20802,1,8.139,
spanner,194.06,20803,1,8.157,
spanner,194.06,20804,1,8.337,
spanner,194.07,20805,1,7.842,
spanner,194.08,20806,1,9.129,
spanner,194.09,20807,1,8.270,
spanner,194.10,20808,1,7.300,
spanner,194.10,20809,1,7.261,
spanner,194.11,20810,1,8.563,
spanner,194.12,20811,1,8.675,
spanner,194.13,20812,1,8.872,
spanner,194.14,20813,1,8.233,
spanner,194.15,20814,1,7.283,
spanner,194.15,20815,1,7.196,
spanner,194.16,20816,1,8.698,
spanner,194.17,20817,1,8.715,
spanner,194.18,20818,1,9.833,
spanner,194.19,20819,1,8.171,
spanner,194.20,20820,1,8.898,
spanner,194.21,20821,1,10.432,
spanner,194.22,20822,1,9.107,
spanner,194.23,20823,1,8.187,
spanner,194.23,20824,1,7.648,
spanner,194.24,20825,1,7.455,
spanner,194.25,20826,1,8.279,
spanner,194.26,20827,1,8.675,
spanner,194.27,20828,1,7.946,
spanner,194.27,20829,1,7.176,
spanner,194.28,20830,1,6.743,
spanner,194.29,20831,1,6.832,
spanner,194.29,20832,1,6.815,
spanner,194.30,20833,1,8.285,
spanner,194.31,20834,1,9.374,
spanner,194.32,20835,1,9.824,
spanner,194.33,20836,1,12.193,
spanner,194.34,20837,1,10.612,
spanner,194.35,20838,1,8.789,
spanner,194.36,20839,1,11.838,
spanner,194.37,20840,1,11.684,
spanner,194.38,20841,1,9.298,
spanner,194.39,20842,1,10.883,
spanner,194.40,20843,1,9.527,
spanner,194.41,20844,1,10.761,
spanner,194.42,20845,1,10.109,
spanner,194.43,20846,1,9.629,
spanner,194.44,20847,1,9.168,
spanner,194.45,20848,1,9.765,
spanner,194.46,20849,1,10.650,
spanner,194.47,20850,1,8.584,
spanner,194.48,20851,1,7.990,
spanner,194.49,20852,1,7.733,
spanner,194.50,20853,1,7.878,
spanner,194.51,20854,1,7.656,
spanner,194.51,20855,1,7.569,
spanner,194.52,20856,1,7.960,
spanner,194.53,20857,1,8.464,
spanner,194.54,20858,1,8.003,
spanner,194.55,20859,1,6.847,
spanner,194.55,20860,1,7.776,
spanner,194.56,20861,1,8.576,
spanner,194.57,20862,1,10.406,
spanner,194.58,20863,1,8.297,
spanner,194.59,20864,1,8.488,
spanner,194.60,20865,1,8.096,
spanner,194.61,20866,1,7.760,
spanner,194.61,20867,1,7.641,
spanner,194.62,20868,1,7.944,
spanner,194.63,20869,1,8.002,
spanner,194.64,20870,1,8.259,
spanner,194.65,20871,1,8.032,
spanner,194.65,20872,1,10.271,
spanner,194.66,20873,1,11.544,
spanner,194.67,20874,1,11.545,
spanner,194.69,20875,1,13.274,
spanner,194.70,20876,1,14.116,
spanner,194.71,20877,1,10.049,
spanner,194.72,20878,1,10.164,
spanner,194.73,20879,1,12.792,
spanner,194.75,20880,1,10.576,
spanner,194.76,20881,1,8.445,
spanner,194.77,20882,1,9.173,
spanner,194.78,20883,1,8.381,
spanner,194.78,20884,1,7.524,
spanner,194.79,20885,1,7.746,
spanner,194.80,20886,1,7.893,
spanner,194.81,20887,1,7.837,
spanner,194.82,20888,1,8.343,
spanner,194.82,20889,1,9.624,
spanner,194.83,20890,1,12.003,
spanner,194.85,20891,1,11.542,
spanner,194.86,20892,1,10.222,
spanner,194.87,20893,1,10.218,
spanner,194.88,20894,1,10.212,
spanner,194.89,20895,1,11.241,
spanner,194.90,20896,1,8.261,
spanner,194.91,20897,1,8.064,
spanner,194.92,20898,1,8.540,
spanner,194.92,20899,1,9.948,
spanner,194.93,20900,1,10.845,
spanner,194.94,20901,1,12.573,
spanner,194.96,20902,1,10.213,
spanner,194.97,20903,1,9.618,
spanner,194.98,20904,1,13.070,
spanner,194.99,20905,1,12.719,
spanner,195.00,20906,1,12.760,
spanner,195.02,20907,1,13.671,
spanner,195.03,20908,1,11.269,
spanner,195.04,20909,1,11.368,
spanner,195.05,20910,1,9.756,
spanner,195.06,20911,1,9.169,
spanner,195.07,20912,1,12.194,
spanner,195.08,20913,1,12.138,
spanner,195.10,20914,1,12.874,
spanner,195.11,20915,1,12.660,
spanner,195.12,20916,1,13.559,
spanner,195.13,20917,1,10.403,
spanner,195.15,20918,1,6.956,
spanner,195.15,20919,1,6.338,
spanner,195.16,20920,1,7.369,
spanner,195.17,20921,1,7.871,
spanner,195.17,20922,1,8.759,
spanner,195.18,20923,1,6.746,
spanner,195.19,20924,1,7.315,
spanner,195.20,20925,1,7.586,
spanner,195.20,20926,1,8.329,
spanner,195.21,20927,1,6.660,
spanner,195.22,20928,1,7.719,
spanner,195.23,20929,1,9.065,
spanner,195.24,20930,1,9.849,
spanner,195.25,20931,1,9.347,
spanner,195.26,20932,1,10.367,
spanner,195.27,20933,1,10.913,
spanner,195.28,20934,1,11.744,
spanner,195.29,20935,1,11.812,
spanner,195.30,20936,1,12.125,
spanner,195.31,20937,1,11.917,
spanner,195.32,20938,1,11.299,
spanner,195.34,20939,1,11.972,
spanner,195.35,20940,1,10.802,
spanner,195.36,20941,1,12.095,
spanner,195.37,20942,1,11.316,
spanner,195.38,20943,1,8.704,
spanner,195.39,20944,1,7.855,
spanner,195.40,20945,1,9.952,
spanner,195.41,20946,1,12.229,
spanner,195.42,20947,1,9.775,
spanner,195.43,20948,1,8.370,
spanner,195.44,20949,1,7.324,
spanner,195.45,20950,1,6.971,
spanner,195.45,20951,1,7.566,
spanner,195.46,20952,1,6.804,
spanner,195.47,20953,1,6.360,
spanner,195.47,20954,1,6.733,
spanner,195.48,20955,1,7.405,
spanner,195.49,20956,1,6.437,
spanner,195.50,20957,1,6.614,
spanner,195.50,20958,1,6.662,
spanner,195.51,20959,1,6.354,
spanner,195.52,20960,1,6.547,
spanner,195.52,20961,1,6.838,
spanner,195.53,20962,1,7.163,
spanner,195.54,20963,1,6.787,
spanner,195.54,20964,1,6.991,
spanner,195.55,20965,1,6.316,
spanner,195.56,20966,1,5.856,
spanner,195.56,20967,1,5.740,
spanner,195.57,20968,1,5.986,
spanner,195.57,20969,1,8.821,
spanner,195.58,20970,1,8.302,
spanner,195.59,20971,1,10.080,
spanner,195.60,20972,1,9.434,
spanner,195.61,20973,1,10.607,
spanner,195.62,20974,1,9.084,
spanner,195.63,20975,1,8.585,
spanner,195.64,20976,1,8.964,
spanner,195.65,20977,1,11.670,
spanner,195.66,20978,1,11.666,
spanner,195.67,20979,1,10.022,
spanner,195.68,20980,1,8.419,
spanner,195.69,20981,1,8.954,
spanner,195.70,20982,1,11.582,
spanner,195.71,20983,1,7.810,
spanner,195.72,20984,1,7.556,
spanner,195.73,20985,1,7.969,
spanner,195.73,20986,1,7.120,
spanner,195.74,20987,1,6.977,
spanner,195.75,20988,1,7.615,
spanner,195.76,20989,1,7.698,
spanner,195.76,20990,1,8.461,
spanner,195.77,20991,1,8.642,
spanner,195.78,20992,1,8.172,
spanner,195.79,20993,1,9.061,
spanner,195.80,20994,1,7.744,
spanner,195.81,20995,1,6.503,
spanner,195.81,20996,1,6.341,
spanner,195.82,20997,1,6.437,
spanner,195.82,20998,1,6.452,
spanner,195.83,20999,1,6.638,
spanner,195.84,21000,1,7.167,
spanner,195.85,21001,1,7.110,
spanner,195.85,21002,1,8.114,
spanner,195.86,21003,1,8.869,
spanner,195.87,21004,1,8.235,
spanner,195.88,21005,1,8.684,
spanner,195.89,21006,1,10.361,
spanner,195.90,21007,1,11.919,
spanner,195.91,21008,1,7.639,
spanner,195.92,21009,1,6.947,
spanner,195.92,21010,1,7.041,
spanner,195.93,21011,1,6.726,
spanner,195.94,21012,1,7.780,
spanner,195.95,21013,1,7.953,
spanner,195.95,21014,1,9.046,
spanner,195.96,21015,1,8.112,
spanner,195.97,21016,1,9.028,
spanner,195.98,21017,1,10.563,
spanner,195.99,21018,1,11.003,
spanner,196.00,21019,1,10.906,
spanner,196.01,21020,1,12.132,
spanner,196.02,21021,1,12.535,
spanner,196.04,21022,1,11.054,
spanner,196.05,21023,1,10.208,
spanner,196.06,21024,1,7.852,
spanner,196.07,21025,1,7.736,
spanner,196.07,21026,1,9.305,
spanner,196.08,21027,1,9.147,
spanner,196.09,21028,1,7.901,
spanner,196.10,21029,1,6.888,
spanner,196.11,21030,1,7.321,
spanner,196.11,21031,1,8.244,
spanner,196.12,21032,1,8.736,
spanner,196.13,21033,1,8.459,
spanner,196.14,21034,1,8.651,
spanner,196.15,21035,1,9.084,
spanner,196.16,21036,1,10.500,
spanner,196.17,21037,1,8.423,
spanner,196.18,21038,1,9.220,
spanner,196.19,21039,1,9.402,
spanner,196.20,21040,1,9.733,
spanner,196.21,21041,1,13.515,
spanner,196.22,21042,1,11.089,
spanner,196.23,21043,1,8.844,
spanner,196.24,21044,1,8.832,
spanner,196.25,21045,1,10.716,
spanner,196.26,21046,1,10.662,
spanner,196.27,21047,1,9.264,
spanner,196.28,21048,1,11.696,
spanner,196.29,21049,1,10.875,
spanner,196.30,21050,1,11.970,
spanner,196.31,21051,1,12.215,
spanner,196.33,21052,1,12.106,
spanner,196.34,21053,1,12.548,
spanner,196.35,21054,1,12.427,
spanner,196.36,21055,1,11.568,
spanner,196.37,21056,1,9.787,
spanner,196.38,21057,1,11.055,
spanner,196.40,21058,1,13.811,
spanner,196.41,21059,1,12.089,
spanner,196.42,21060,1,11.980,
spanner,196.43,21061,1,10.403,
spanner,196.44,21062,1,11.007,
spanner,196.45,21063,1,7.808,
spanner,196.46,21064,1,7.231,
spanner,196.47,21065,1,7.368,
spanner,196.48,21066,1,8.271,
spanner,196.49,21067,1,7.300,
spanner,196.49,21068,1,7.590,
spanner,196.50,21069,1,8.223,
spanner,196.51,21070,1,7.175,
spanner,196.52,21071,1,7.294,
spanner,196.52,21072,1,7.562,
spanner,196.53,21073,1,8.024,
spanner,196.54,21074,1,8.510,
spanner,196.55,21075,1,8.537,
spanner,196.56,21076,1,8.792,
spanner,196.56,21077,1,9.007,
spanner,196.57,21078,1,8.325,
spanner,196.58,21079,1,8.835,
spanner,196.59,21080,1,9.764,
spanner,196.60,21081,1,8.889,
spanner,196.61,21082,1,11.914,
spanner,196.62,21083,1,9.507,
spanner,196.63,21084,1,9.688,
spanner,196.64,21085,1,10.895,
spanner,196.65,21086,1,12.153,
spanner,196.66,21087,1,11.792,
spanner,196.68,21088,1,9.257,
spanner,196.69,21089,1,7.596,
spanner,196.69,21090,1,9.204,
spanner,196.70,21091,1,11.356,
spanner,196.71,21092,1,8.680,
spanner,196.72,21093,1,10.463,
spanner,196.73,21094,1,11.450,
spanner,196.74,21095,1,10.852,
spanner,196.75,21096,1,8.349,
spanner,196.76,21097,1,8.465,
spanner,196.77,21098,1,8.642,
spanner,196.78,21099,1,9.044,
spanner,196.79,21100,1,8.897,
spanner,196.80,21101,1,8.450,
spanner,196.81,21102,1,8.890,
spanner,196.82,21103,1,8.372,
spanner,196.82,21104,1,8.358,
spanner,196.83,21105,1,7.890,
spanner,196.84,21106,1,8.922,
spanner,196.85,21107,1,11.228,
spanner,196.86,21108,1,10.916,
spanner,196.87,21109,1,9.893,
spanner,196.88,21110,1,11.414,
spanner,196.89,21111,1,10.987,
spanner,196.90,21112,1,10.069,
spanner,196.91,21113,1,10.896,
spanner,196.93,21114,1,11.177,
spanner,196.94,21115,1,10.953,
spanner,196.95,21116,1,9.756,
spanner,196.96,21117,1,9.420,
spanner,196.97,21118,1,8.974,
spanner,196.98,21119,1,9.184,
spanner,196.98,21120,1,9.045,
spanner,196.99,21121,1,8.716,
spanner,197.00,21122,1,8.614,
spanner,197.01,21123,1,7.810,
spanner,197.02,21124,1,7.167,
spanner,197.03,21125,1,6.805,
spanner,197.03,21126,1,6.698,
spanner,197.04,21127,1,6.878,
spanner,197.05,21128,1,8.096,
spanner,197.05,21129,1,8.563,
spanner,197.06,21130,1,8.159,
spanner,197.07,21131,1,10.150,
spanner,197.08,21132,1,9.159,
spanner,197.09,21133,1,9.187,
spanner,197.10,21134,1,7.668,
spanner,197.11,21135,1,8.618,
spanner,197.12,21136,1,8.973,
spanner,197.13,21137,1,9.338,
spanner,197.14,21138,1,11.289,
spanner,197.15,21139,1,8.802,
spanner,197.16,21140,1,7.803,
spanner,197.16,21141,1,8.159,
spanner,197.17,21142,1,9.142,
spanner,197.18,21143,1,9.004,
spanner,197.19,21144,1,10.843,
spanner,197.20,21145,1,8.432,
spanner,197.21,21146,1,8.220,
spanner,197.22,21147,1,6.625,
spanner,197.22,21148,1,7.459,
spanner,197.23,21149,1,7.105,
spanner,197.24,21150,1,6.993,
spanner,197.25,21151,1,7.076,
spanner,197.25,21152,1,6.997,
spanner,197.26,21153,1,6.762,
spanner,197.27,21154,1,6.454,
spanner,197.27,21155,1,6.053,
spanner,197.28,21156,1,9.456,
spanner,197.29,21157,1,10.314,
spanner,197.30,21158,1,11.612,
spanner,197.31,21159,1,11.538,
spanner,197.32,21160,1,11.465,
spanner,197.33,21161,1,9.537,
spanner,197.34,21162,1,8.223,
spanner,197.35,21163,1,6.177,
spanner,197.36,21164,1,6.542,
spanner,197.36,21165,1,7.212,
spanner,197.37,21166,1,7.099,
spanner,197.38,21167,1,6.667,
spanner,197.39,21168,1,6.489,
spanner,197.39,21169,1,8.276,
spanner,197.40,21170,1,8.757,
spanner,197.41,21171,1,8.507,
spanner,197.42,21172,1,9.138,
spanner,197.43,21173,1,9.455,
spanner,197.44,21174,1,10.363,
spanner,197.45,21175,1,11.279,
spanner,197.46,21176,1,10.551,
spanner,197.47,21177,1,9.781,
spanner,197.48,21178,1,9.258,
spanner,197.49,21179,1,7.546,
spanner,197.50,21180,1,8.642,
spanner,197.50,21181,1,9.875,
spanner,197.51,21182,1,11.795,
spanner,197.53,21183,1,10.477,
spanner,197.54,21184,1,8.789,
spanner,197.54,21185,1,7.055,
spanner,197.55,21186,1,6.694,
spanner,197.56,21187,1,6.199,
spanner,197.56,21188,1,7.108,
spanner,197.57,21189,1,6.968,
spanner,197.58,21190,1,6.166,
spanner,197.59,21191,1,6.848,
spanner,197.59,21192,1,7.594,
spanner,197.60,21193,1,8.770,
spanner,197.61,21194,1,8.160,
spanner,197.62,21195,1,9.112,
spanner,197.63,21196,1,8.206,
spanner,197.63,21197,1,8.261,
spanner,197.64,21198,1,8.406,
spanner,197.65,21199,1,7.720,
spanner,197.66,21200,1,8.933,
spanner,197.67,21201,1,8.296,
spanner,197.68,21202,1,9.010,
spanner,197.68,21203,1,7.792,
spanner,197.69,21204,1,7.554,
spanner,197.70,21205,1,7.203,
spanner,197.71,21206,1,6.911,
spanner,197.71,21207,1,6.800,
spanner,197.72,21208,1,6.455,
spanner,197.73,21209,1,6.444,
spanner,197.73,21210,1,6.495,
spanner,197.74,21211,1,6.479,
spanner,197.75,21212,1,6.782,
spanner,197.75,21213,1,7.102,
spanner,197.76,21214,1,6.412,
spanner,197.77,21215,1,6.409,
spanner,197.77,21216,1,6.393,
spanner,197.78,21217,1,6.416,
spanner,197.79,21218,1,6.936,
spanner,197.79,21219,1,9.836,
spanner,197.80,21220,1,8.630,
spanner,197.81,21221,1,10.583,
spanner,197.82,21222,1,13.371,
spanner,197.84,21223,1,11.535,
spanner,197.85,21224,1,11.088,
spanner,197.86,21225,1,12.143,
spanner,197.87,21226,1,11.672,
spanner,197.88,21227,1,12.454,
spanner,197.90,21228,1,12.684,
spanner,197.91,21229,1,12.018,
spanner,197.92,21230,1,10.932,
spanner,197.93,21231,1,11.479,
spanner,197.94,21232,1,10.862,
spanner,197.95,21233,1,8.853,
spanner,197.96,21234,1,10.834,
spanner,197.97,21235,1,11.353,
spanner,197.98,21236,1,11.425,
spanner,198.00,21237,1,9.507,
spanner,198.01,21238,1,7.186,
spanner,198.01,21239,1,7.069,
spanner,198.02,21240,1,7.256,
spanner,198.03,21241,1,7.288,
spanner,198.03,21242,1,8.822,
spanner,198.04,21243,1,8.071,
spanner,198.05,21244,1,7.600,
spanner,198.06,21245,1,7.189,
spanner,198.07,21246,1,8.872,
spanner,198.08,21247,1,7.738,
spanner,198.08,21248,1,7.102,
spanner,198.09,21249,1,6.942,
spanner,198.10,21250,1,11.479,
spanner,198.11,21251,1,9.418,
spanner,198.12,21252,1,11.877,
spanner,198.13,21253,1,9.352,
spanner,198.14,21254,1,10.715,
spanner,198.15,21255,1,12.162,
spanner,198.16,21256,1,11.533,
spanner,198.17,21257,1,11.097,
spanner,198.19,21258,1,11.935,
spanner,198.20,21259,1,11.123,
spanner,198.21,21260,1,8.964,
spanner,198.22,21261,1,9.673,
spanner,198.23,21262,1,12.495,
spanner,198.24,21263,1,13.310,
spanner,198.25,21264,1,13.194,
spanner,198.27,21265,1,10.758,
spanner,198.28,21266,1,10.773,
spanner,198.29,21267,1,10.768,
spanner,198.30,21268,1,10.939,
spanner,198.31,21269,1,11.089,
spanner,198.32,21270,1,11.466,
spanner,198.33,21271,1,12.576,
spanner,198.35,21272,1,13.611,
spanner,198.36,21273,1,11.063,
spanner,198.37,21274,1,13.013,
spanner,198.38,21275,1,13.903,
spanner,198.40,21276,1,13.868,
spanner,198.41,21277,1,9.859,
spanner,198.42,21278,1,8.591,
spanner,198.43,21279,1,12.670,
spanner,198.44,21280,1,13.518,
spanner,198.46,21281,1,12.454,
spanner,198.47,21282,1,9.914,
spanner,198.48,21283,1,9.948,
spanner,198.49,21284,1,12.054,
spanner,198.50,21285,1,12.660,
spanner,198.51,21286,1,11.997,
spanner,198.53,21287,1,11.980,
spanner,198.54,21288,1,13.571,
spanner,198.55,21289,1,13.395,
spanner,198.56,21290,1,12.782,
spanner,198.58,21291,1,10.734,
spanner,198.59,21292,1,10.517,
spanner,198.60,21293,1,12.861,
spanner,198.61,21294,1,12.540,
spanner,198.62,21295,1,11.066,
spanner,198.63,21296,1,11.810,
spanner,198.65,21297,1,10.227,
spanner,198.66,21298,1,10.278,
spanner,198.67,21299,1,12.164,
spanner,198.68,21300,1,10.985,
spanner,198.69,21301,1,9.530,
spanner,198.70,21302,1,11.153,
spanner,198.71,21303,1,9.890,
spanner,198.72,21304,1,9.454,
spanner,198.73,21305,1,12.688,
spanner,198.74,21306,1,13.088,
spanner,198.76,21307,1,8.525,
spanner,198.77,21308,1,8.619,
spanner,198.77,21309,1,8.422,
spanner,198.78,21310,1,8.269,
spanner,198.79,21311,1,9.375,
spanner,198.80,21312,1,10.430,
spanner,198.81,21313,1,9.310,
spanner,198.82,21314,1,9.407,
spanner,198.83,21315,1,8.345,
spanner,198.84,21316,1,9.589,
spanner,198.85,21317,1,11.849,
spanner,198.86,21318,1,8.866,
spanner,198.87,21319,1,8.075,
spanner,198.88,21320,1,8.099,
spanner,198.88,21321,1,8.895,
spanner,198.89,21322,1,8.746,
spanner,198.90,21323,1,6.753,
spanner,198.91,21324,1,6.476,
spanner,198.92,21325,1,6.710,
spanner,198.92,21326,1,6.792,
spanner,198.93,21327,1,6.163,
spanner,198.93,21328,1,6.175,
spanner,198.94,21329,1,5.944,
spanner,198.95,21330,1,5.996,
spanner,198.95,21331,1,6.561,
spanner,198.96,21332,1,7.149,
spanner,198.97,21333,1,10.504,
spanner,198.98,21334,1,10.584,
spanner,198.99,21335,1,10.612,
spanner,199.00,21336,1,7.967,
spanner,199.01,21337,1,8.304,
spanner,199.01,21338,1,6.740,
spanner,199.02,21339,1,6.708,
spanner,199.03,21340,1,6.434,
spanner,199.03,21341,1,6.242,
spanner,199.04,21342,1,6.357,
spanner,199.05,21343,1,8.628,
spanner,199.06,21344,1,8.597,
spanner,199.06,21345,1,9.457,
spanner,199.07,21346,1,9.338,
spanner,199.08,21347,1,9.317,
spanner,199.09,21348,1,8.815,
spanner,199.10,21349,1,6.627,
spanner,199.11,21350,1,7.585,
spanner,199.12,21351,1,7.850,
spanner,199.12,21352,1,6.852,
spanner,199.13,21353,1,8.269,
spanner,199.14,21354,1,8.014,
spanner,199.15,21355,1,7.242,
spanner,199.15,21356,1,7.707,
spanner,199.16,21357,1,10.169,
spanner,199.17,21358,1,8.409,
spanner,199.18,21359,1,6.459,
spanner,199.19,21360,1,6.557,
spanner,199.19,21361,1,6.397,
spanner,199.20,21362,1,6.783,
spanner,199.21,21363,1,8.742,
spanner,199.22,21364,1,6.360,
spanner,199.22,21365,1,5.923,
spanner,199.23,21366,1,6.798,
spanner,199.24,21367,1,8.363,
spanner,199.24,21368,1,7.571,
spanner,199.25,21369,1,6.674,
spanner,199.26,21370,1,7.185,
spanner,199.27,21371,1,6.884,
spanner,199.27,21372,1,6.528,
spanner,199.28,21373,1,7.600,
spanner,199.29,21374,1,8.964,
spanner,199.30,21375,1,9.357,
spanner,199.30,21376,1,9.979,
spanner,199.31,21377,1,10.249,
spanner,199.32,21378,1,9.830,
spanner,199.33,21379,1,7.954,
spanner,199.34,21380,1,7.593,
spanner,199.35,21381,1,7.956,
spanner,199.36,21382,1,7.998,
spanner,199.37,21383,1,9.805,
spanner,199.38,21384,1,8.018,
spanner,199.38,21385,1,6.990,
spanner,199.39,21386,1,7.495,
spanner,199.40,21387,1,7.223,
spanner,199.41,21388,1,7.030,
spanner,199.41,21389,1,6.243,
spanner,199.42,21390,1,6.441,
spanner,199.43,21391,1,6.429,
spanner,199.43,21392,1,8.334,
spanner,199.44,21393,1,6.930,
spanner,199.45,21394,1,6.533,
spanner,199.45,21395,1,7.358,
spanner,199.46,21396,1,7.158,
spanner,199.47,21397,1,6.807,
spanner,199.48,21398,1,6.094,
spanner,199.48,21399,1,7.120,
spanner,199.49,21400,1,6.936,
spanner,199.50,21401,1,8.301,
spanner,199.50,21402,1,10.174,
spanner,199.51,21403,1,10.152,
spanner,199.52,21404,1,10.412,
spanner,199.54,21405,1,11.893,
spanner,199.55,21406,1,12.662,
spanner,199.56,21407,1,10.196,
spanner,199.57,21408,1,10.286,
spanner,199.58,21409,1,11.106,
spanner,199.59,21410,1,11.323,
spanner,199.60,21411,1,9.055,
spanner,199.61,21412,1,10.274,
spanner,199.62,21413,1,9.642,
spanner,199.63,21414,1,10.557,
spanner,199.64,21415,1,10.158,
spanner,199.65,21416,1,7.651,
spanner,199.66,21417,1,7.355,
spanner,199.67,21418,1,8.002,
spanner,199.68,21419,1,7.407,
spanner,199.68,21420,1,6.496,
spanner,199.69,21421,1,7.397,
spanner,199.70,21422,1,8.910,
spanner,199.71,21423,1,8.345,
spanner,199.71,21424,1,6.804,
spanner,199.72,21425,1,6.689,
spanner,199.73,21426,1,6.723,
spanner,199.73,21427,1,7.300,
spanner,199.74,21428,1,7.368,
spanner,199.75,21429,1,6.641,
spanner,199.76,21430,1,6.635,
spanner,199.76,21431,1,6.835,
spanner,199.77,21432,1,7.069,
spanner,199.78,21433,1,6.680,
spanner,199.78,21434,1,8.137,
spanner,199.79,21435,1,8.861,
spanner,199.80,21436,1,6.903,
spanner,199.81,21437,1,6.875,
spanner,199.81,21438,1,6.660,
spanner,199.82,21439,1,6.670,
spanner,199.83,21440,1,8.424,
spanner,199.84,21441,1,11.095,
spanner,199.85,21442,1,10.351,
spanner,199.86,21443,1,10.108,
spanner,199.87,21444,1,8.709,
spanner,199.88,21445,1,7.453,
spanner,199.88,21446,1,7.562,
spanner,199.89,21447,1,7.319,
spanner,199.90,21448,1,6.998,
spanner,199.91,21449,1,8.043,
spanner,199.91,21450,1,8.394,
spanner,199.92,21451,1,7.332,
spanner,199.93,21452,1,8.663,
spanner,199.94,21453,1,9.248,
spanner,199.95,21454,1,8.815,
spanner,199.96,21455,1,7.960,
spanner,199.96,21456,1,7.526,
spanner,199.97,21457,1,7.484,
spanner,199.98,21458,1,7.620,
spanner,199.99,21459,1,7.502,
spanner,199.99,21460,1,7.429,
spanner,200.00,21461,1,7.951,
spanner,200.01,21462,1,8.129,
spanner,200.02,21463,1,8.161,
spanner,200.03,21464,1,9.061,
spanner,200.04,21465,1,10.882,
spanner,200.05,21466,1,9.464,
spanner,200.06,21467,1,10.536,
spanner,200.07,21468,1,9.886,
spanner,200.08,21469,1,9.252,
spanner,200.09,21470,1,10.975,
spanner,200.10,21471,1,12.734,
spanner,200.11,21472,1,8.906,
spanner,200.12,21473,1,7.647,
spanner,200.13,21474,1,7.264,
spanner,200.13,21475,1,7.684,
spanner,200.14,21476,1,10.000,
spanner,200.15,21477,1,9.536,
spanner,200.16,21478,1,10.393,
spanner,200.17,21479,1,11.301,
spanner,200.18,21480,1,11.245,
spanner,200.19,21481,1,9.542,
spanner,200.20,21482,1,12.004,
spanner,200.22,21483,1,11.431,
spanner,200.23,21484,1,9.607,
spanner,200.24,21485,1,10.893,
spanner,200.25,21486,1,12.241,
spanner,200.26,21487,1,14.272,
spanner,200.27,21488,1,12.665,
spanner,200.29,21489,1,10.953,
spanner,200.30,21490,1,9.802,
spanner,200.31,21491,1,8.938,
spanner,200.32,21492,1,8.872,
spanner,200.33,21493,1,11.511,
spanner,200.34,21494,1,9.979,
spanner,200.35,21495,1,10.699,
spanner,200.36,21496,1,12.275,
spanner,200.37,21497,1,11.153,
spanner,200.38,21498,1,8.021,
spanner,200.39,21499,1,8.292,
spanner,200.40,21500,1,8.047,
spanner,200.41,21501,1,8.139,
spanner,200.41,21502,1,9.377,
spanner,200.42,21503,1,7.959,
spanner,200.43,21504,1,10.221,
spanner,200.44,21505,1,12.090,
spanner,200.45,21506,1,10.978,
spanner,200.46,21507,1,10.068,
spanner,200.48,21508,1,11.170,
spanner,200.49,21509,1,11.191,
spanner,200.50,21510,1,10.716,
spanner,200.51,21511,1,11.902,
spanner,200.52,21512,1,11.650,
spanner,200.53,21513,1,12.355,
spanner,200.54,21514,1,13.811,
spanner,200.56,21515,1,13.955,
spanner,200.57,21516,1,13.885,
spanner,200.59,21517,1,13.821,
spanner,200.60,21518,1,13.419,
spanner,200.61,21519,1,12.308,
spanner,200.63,21520,1,12.476,
spanner,200.64,21521,1,12.758,
spanner,200.65,21522,1,9.653,
spanner,200.66,21523,1,12.107,
spanner,200.67,21524,1,10.951,
spanner,200.68,21525,1,10.386,
spanner,200.69,21526,1,8.166,
spanner,200.70,21527,1,9.097,
spanner,200.71,21528,1,8.323,
spanner,200.72,21529,1,8.328,
spanner,200.73,21530,1,7.686,
spanner,200.74,21531,1,9.794,
spanner,200.75,21532,1,11.037,
spanner,200.76,21533,1,10.125,
spanner,200.77,21534,1,8.575,
spanner,200.78,21535,1,8.838,
spanner,200.78,21536,1,11.425,
spanner,200.80,21537,1,12.709,
spanner,200.81,21538,1,9.863,
spanner,200.82,21539,1,13.897,
spanner,200.83,21540,1,11.776,
spanner,200.84,21541,1,10.688,
spanner,200.86,21542,1,9.244,
spanner,200.86,21543,1,9.611,
spanner,200.87,21544,1,9.490,
spanner,200.88,21545,1,7.691,
spanner,200.89,21546,1,7.427,
spanner,200.90,21547,1,7.564,
spanner,200.91,21548,1,6.383,
spanner,200.91,21549,1,6.387,
spanner,200.92,21550,1,7.204,
spanner,200.93,21551,1,5.818,
spanner,200.93,21552,1,5.959,
spanner,200.94,21553,1,7.697,
spanner,200.95,21554,1,7.293,
spanner,200.95,21555,1,7.753,
spanner,200.96,21556,1,6.560,
spanner,200.97,21557,1,7.075,
spanner,200.97,21558,1,6.346,
spanner,200.98,21559,1,6.449,
spanner,200.99,21560,1,6.235,
spanner,200.99,21561,1,7.569,
spanner,201.00,21562,1,6.580,
spanner,201.01,21563,1,7.595,
spanner,201.02,21564,1,6.713,
spanner,201.02,21565,1,9.065,
spanner,201.03,21566,1,8.142,
spanner,201.04,21567,1,8.665,
spanner,201.05,21568,1,7.144,
spanner,201.06,21569,1,7.443,
spanner,201.06,21570,1,6.957,
spanner,201.07,21571,1,8.268,
spanner,201.08,21572,1,8.157,
spanner,201.09,21573,1,8.757,
spanner,201.10,21574,1,8.326,
spanner,201.10,21575,1,8.278,
spanner,201.11,21576,1,9.480,
spanner,201.12,21577,1,7.444,
spanner,201.13,21578,1,6.272,
spanner,201.14,21579,1,5.950,
spanner,201.14,21580,1,6.519,
spanner,201.15,21581,1,6.602,
spanner,201.15,21582,1,6.822,
spanner,201.16,21583,1,6.517,
spanner,201.17,21584,1,8.141,
spanner,201.18,21585,1,9.681,
spanner,201.19,21586,1,9.029,
spanner,201.19,21587,1,8.326,
spanner,201.20,21588,1,10.699,
spanner,201.21,21589,1,10.393,
spanner,201.22,21590,1,6.924,
spanner,201.23,21591,1,5.713,
spanner,201.24,21592,1,6.161,
spanner,201.24,21593,1,6.717,
spanner,201.25,21594,1,7.273,
spanner,201.26,21595,1,7.783,
spanner,201.27,21596,1,8.418,
spanner,201.27,21597,1,5.984,
spanner,201.28,21598,1,6.393,
spanner,201.29,21599,1,7.180,
spanner,201.29,21600,1,6.232,
spanner,201.30,21601,1,5.961,
spanner,201.31,21602,1,6.909,
spanner,201.31,21603,1,7.443,
spanner,201.32,21604,1,6.360,
spanner,201.33,21605,1,7.436,
spanner,201.33,21606,1,8.250,
spanner,201.34,21607,1,10.198,
spanner,201.35,21608,1,11.595,
spanner,201.36,21609,1,10.308,
spanner,201.37,21610,1,7.545,
spanner,201.38,21611,1,8.323,
spanner,201.39,21612,1,7.052,
spanner,201.40,21613,1,7.242,
spanner,201.40,21614,1,9.341,
spanner,201.41,21615,1,7.804,
spanner,201.42,21616,1,6.147,
spanner,201.43,21617,1,6.227,
spanner,201.43,21618,1,6.452,
spanner,201.44,21619,1,6.215,
spanner,201.45,21620,1,6.801,
spanner,201.45,21621,1,7.557,
spanner,201.46,21622,1,8.678,
spanner,201.47,21623,1,7.184,
spanner,201.48,21624,1,7.101,
spanner,201.48,21625,1,6.872,
spanner,201.49,21626,1,6.282,
spanner,201.50,21627,1,6.736,
spanner,201.50,21628,1,7.101,
spanner,201.51,21629,1,6.850,
spanner,201.52,21630,1,6.248,
spanner,201.52,21631,1,6.076,
spanner,201.53,21632,1,5.960,
spanner,201.54,21633,1,6.217,
spanner,201.54,21634,1,6.250,
spanner,201.55,21635,1,6.056,
spanner,201.56,21636,1,6.121,
spanner,201.56,21637,1,6.484,
spanner,201.57,21638,1,6.380,
spanner,201.57,21639,1,6.116,
spanner,201.58,21640,1,6.042,
spanner,201.59,21641,1,6.177,
spanner,201.59,21642,1,6.323,
spanner,201.60,21643,1,7.849,
spanner,201.61,21644,1,7.675,
spanner,201.61,21645,1,7.546,
spanner,201.62,21646,1,7.535,
spanner,201.63,21647,1,7.516,
spanner,201.64,21648,1,6.601,
spanner,201.64,21649,1,6.835,
spanner,201.65,21650,1,7.480,
spanner,201.66,21651,1,7.424,
spanner,201.67,21652,1,6.667,
spanner,201.67,21653,1,7.686,
spanner,201.68,21654,1,9.165,
spanner,201.69,21655,1,8.628,
spanner,201.70,21656,1,8.895,
spanner,201.71,21657,1,8.603,
spanner,201.72,21658,1,7.225,
spanner,201.72,21659,1,7.404,
spanner,201.73,21660,1,8.007,
spanner,201.74,21661,1,8.340,
spanner,201.75,21662,1,9.298,
spanner,201.76,21663,1,8.056,
spanner,201.76,21664,1,8.124,
spanner,201.77,21665,1,7.816,
spanner,201.78,21666,1,11.170,
spanner,201.79,21667,1,12.124,
spanner,201.80,21668,1,7.813,
spanner,201.81,21669,1,7.611,
spanner,201.82,21670,1,7.766,
spanner,201.83,21671,1,7.240,
spanner,201.83,21672,1,7.553,
spanner,201.84,21673,1,7.349,
spanner,201.85,21674,1,7.734,
spanner,201.86,21675,1,7.548,
spanner,201.86,21676,1,8.657,
spanner,201.87,21677,1,8.830,
spanner,201.88,21678,1,10.671,
spanner,201.89,21679,1,10.754,
spanner,201.90,21680,1,11.410,
spanner,201.91,21681,1,11.853,
spanner,201.93,21682,1,9.333,
spanner,201.94,21683,1,7.987,
spanner,201.94,21684,1,7.143,
spanner,201.95,21685,1,7.105,
spanner,201.96,21686,1,7.068,
spanner,201.97,21687,1,7.589,
spanner,201.97,21688,1,7.603,
spanner,201.98,21689,1,7.748,
spanner,201.99,21690,1,7.168,
spanner,202.00,21691,1,9.129,
spanner,202.00,21692,1,11.558,
spanner,202.02,21693,1,9.342,
spanner,202.03,21694,1,7.651,
spanner,202.03,21695,1,8.283,
spanner,202.04,21696,1,8.015,
spanner,202.05,21697,1,10.284,
spanner,202.06,21698,1,12.231,
spanner,202.07,21699,1,12.044,
spanner,202.08,21700,1,11.497,
spanner,202.10,21701,1,12.123,
spanner,202.11,21702,1,14.139,
spanner,202.12,21703,1,12.091,
spanner,202.13,21704,1,11.923,
spanner,202.15,21705,1,8.897,
spanner,202.16,21706,1,10.388,
spanner,202.17,21707,1,9.215,
spanner,202.18,21708,1,8.267,
spanner,202.18,21709,1,9.292,
spanner,202.19,21710,1,8.655,
spanner,202.20,21711,1,8.423,
spanner,202.21,21712,1,8.828,
spanner,202.22,21713,1,7.529,
spanner,202.23,21714,1,7.037,
spanner,202.23,21715,1,8.210,
spanner,202.24,21716,1,8.025,
spanner,202.25,21717,1,10.050,
spanner,202.26,21718,1,9.392,
spanner,202.27,21719,1,8.342,
spanner,202.28,21720,1,8.274,
spanner,202.29,21721,1,10.376,
spanner,202.30,21722,1,10.037,
spanner,202.31,21723,1,7.905,
spanner,202.31,21724,1,7.965,
spanner,202.32,21725,1,8.338,
spanner,202.33,21726,1,8.814,
spanner,202.34,21727,1,9.897,
spanner,202.35,21728,1,10.845,
spanner,202.36,21729,1,10.263,
spanner,202.37,21730,1,9.084,
spanner,202.38,21731,1,11.089,
spanner,202.39,21732,1,11.196,
spanner,202.40,21733,1,12.072,
spanner,202.41,21734,1,13.008,
spanner,202.43,21735,1,11.998,
spanner,202.44,21736,1,10.928,
spanner,202.45,21737,1,8.559,
spanner,202.46,21738,1,10.405,
spanner,202.47,21739,1,10.487,
spanner,202.48,21740,1,9.459,
spanner,202.49,21741,1,10.536,
spanner,202.50,21742,1,11.715,
spanner,202.51,21743,1,12.193,
spanner,202.52,21744,1,12.671,
spanner,202.54,21745,1,12.756,
spanner,202.55,21746,1,13.977,
spanner,202.56,21747,1,12.434,
spanner,202.58,21748,1,12.145,
spanner,202.59,21749,1,9.293,
spanner,202.60,21750,1,8.706,
spanner,202.61,21751,1,8.209,
spanner,202.61,21752,1,8.275,
spanner,202.62,21753,1,8.851,
spanner,202.63,21754,1,8.359,
spanner,202.64,21755,1,8.518,
spanner,202.65,21756,1,7.621,
spanner,202.66,21757,1,8.557,
spanner,202.66,21758,1,10.282,
spanner,202.68,21759,1,12.846,
spanner,202.69,21760,1,13.791,
spanner,202.70,21761,1,18.510,
spanner,202.72,21762,1,8.490,
spanner,202.73,21763,1,9.395,
spanner,202.74,21764,1,7.663,
spanner,202.75,21765,1,7.735,
spanner,202.75,21766,1,6.483,
spanner,202.76,21767,1,7.025,
spanner,202.77,21768,1,7.249,
spanner,202.77,21769,1,5.982,
spanner,202.78,21770,1,6.647,
spanner,202.79,21771,1,8.381,
spanner,202.80,21772,1,11.380,
spanner,202.81,21773,1,9.720,
spanner,202.82,21774,1,10.850,
spanner,202.83,21775,1,11.107,
spanner,202.84,21776,1,9.456,
spanner,202.85,21777,1,9.117,
spanner,202.86,21778,1,9.790,
spanner,202.87,21779,1,11.253,
spanner,202.88,21780,1,7.666,
spanner,202.89,21781,1,7.226,
spanner,202.89,21782,1,8.539,
spanner,202.90,21783,1,6.713,
spanner,202.91,21784,1,6.673,
spanner,202.92,21785,1,6.522,
spanner,202.92,21786,1,6.716,
spanner,202.93,21787,1,6.564,
spanner,202.94,21788,1,6.482,
spanner,202.94,21789,1,6.792,
spanner,202.95,21790,1,6.654,
spanner,202.96,21791,1,6.707,
spanner,202.96,21792,1,6.570,
spanner,202.97,21793,1,6.940,
spanner,202.98,21794,1,6.167,
spanner,202.98,21795,1,6.484,
spanner,202.99,21796,1,6.830,
spanner,203.00,21797,1,6.082,
spanner,203.00,21798,1,6.448,
spanner,203.01,21799,1,6.325,
spanner,203.01,21800,1,6.658,
spanner,203.02,21801,1,6.764,
spanner,203.03,21802,1,7.179,
spanner,203.04,21803,1,7.400,
spanner,203.04,21804,1,8.441,
spanner,203.05,21805,1,9.736,
spanner,203.06,21806,1,9.546,
spanner,203.07,21807,1,9.776,
spanner,203.08,21808,1,10.474,
spanner,203.09,21809,1,8.723,
spanner,203.10,21810,1,6.724,
spanner,203.11,21811,1,6.740,
spanner,203.11,21812,1,8.321,
spanner,203.12,21813,1,8.855,
spanner,203.13,21814,1,8.449,
spanner,203.14,21815,1,7.714,
spanner,203.15,21816,1,6.979,
spanner,203.15,21817,1,6.876,
spanner,203.16,21818,1,6.655,
spanner,203.17,21819,1,6.215,
spanner,203.17,21820,1,6.177,
spanner,203.18,21821,1,6.191,
spanner,203.19,21822,1,7.020,
spanner,203.19,21823,1,6.791,
spanner,203.20,21824,1,6.860,
spanner,203.21,21825,1,7.780,
spanner,203.21,21826,1,7.380,
spanner,203.22,21827,1,8.377,
spanner,203.23,21828,1,7.147,
spanner,203.24,21829,1,7.731,
spanner,203.25,21830,1,8.596,
spanner,203.25,21831,1,8.748,
spanner,203.26,21832,1,7.879,
spanner,203.27,21833,1,9.786,
spanner,203.28,21834,1,8.369,
spanner,203.29,21835,1,9.836,
spanner,203.30,21836,1,10.684,
spanner,203.31,21837,1,11.134,
spanner,203.32,21838,1,8.736,
spanner,203.33,21839,1,6.394,
spanner,203.34,21840,1,7.572,
spanner,203.34,21841,1,8.320,
spanner,203.35,21842,1,8.568,
spanner,203.36,21843,1,7.213,
spanner,203.37,21844,1,6.933,
spanner,203.37,21845,1,8.790,
spanner,203.38,21846,1,9.049,
spanner,203.39,21847,1,10.426,
spanner,203.40,21848,1,8.421,
spanner,203.41,21849,1,7.287,
spanner,203.42,21850,1,7.154,
spanner,203.43,21851,1,6.416,
spanner,203.43,21852,1,6.790,
spanner,203.44,21853,1,7.200,
spanner,203.45,21854,1,6.539,
spanner,203.45,21855,1,6.826,
spanner,203.46,21856,1,9.302,
spanner,203.47,21857,1,9.609,
spanner,203.48,21858,1,9.647,
spanner,203.49,21859,1,6.922,
spanner,203.50,21860,1,6.427,
spanner,203.50,21861,1,7.471,
spanner,203.51,21862,1,10.047,
spanner,203.52,21863,1,10.327,
spanner,203.53,21864,1,11.415,
spanner,203.54,21865,1,11.551,
spanner,203.55,21866,1,10.791,
spanner,203.56,21867,1,10.991,
spanner,203.57,21868,1,10.685,
spanner,203.59,21869,1,10.136,
spanner,203.60,21870,1,10.276,
spanner,203.61,21871,1,11.153,
spanner,203.62,21872,1,10.814,
spanner,203.63,21873,1,9.842,
spanner,203.64,21874,1,13.052,
spanner,203.65,21875,1,8.718,
spanner,203.66,21876,1,7.790,
spanner,203.67,21877,1,7.910,
spanner,203.68,21878,1,6.801,
spanner,203.68,21879,1,6.740,
spanner,203.69,21880,1,7.526,
spanner,203.70,21881,1,7.207,
spanner,203.70,21882,1,9.264,
spanner,203.71,21883,1,8.892,
spanner,203.72,21884,1,8.702,
spanner,203.73,21885,1,8.474,
spanner,203.74,21886,1,8.024,
spanner,203.75,21887,1,7.256,
spanner,203.75,21888,1,7.873,
spanner,203.76,21889,1,7.894,
spanner,203.77,21890,1,8.458,
spanner,203.78,21891,1,10.339,
spanner,203.79,21892,1,11.717,
spanner,203.80,21893,1,8.793,
spanner,203.81,21894,1,8.493,
spanner,203.82,21895,1,8.136,
spanner,203.83,21896,1,7.175,
spanner,203.83,21897,1,8.892,
spanner,203.84,21898,1,9.676,
spanner,203.85,21899,1,7.917,
spanner,203.86,21900,1,8.122,
spanner,203.87,21901,1,7.552,
spanner,203.88,21902,1,9.606,
spanner,203.89,21903,1,8.185,
spanner,203.89,21904,1,8.895,
spanner,203.90,21905,1,12.335,
spanner,203.92,21906,1,12.559,
spanner,203.93,21907,1,12.663,
spanner,203.94,21908,1,11.413,
spanner,203.95,21909,1,10.673,
spanner,203.96,21910,1,11.984,
spanner,203.97,21911,1,13.592,
spanner,203.99,21912,1,13.517,
spanner,204.00,21913,1,13.012,
spanner,204.01,21914,1,11.432,
spanner,204.03,21915,1,11.333,
spanner,204.04,21916,1,12.070,
spanner,204.05,21917,1,11.867,
spanner,204.06,21918,1,13.234,
spanner,204.08,21919,1,9.314,
spanner,204.08,21920,1,7.943,
spanner,204.09,21921,1,7.916,
spanner,204.10,21922,1,7.947,
spanner,204.11,21923,1,7.192,
spanner,204.12,21924,1,8.177,
spanner,204.12,21925,1,8.267,
spanner,204.13,21926,1,8.210,
spanner,204.14,21927,1,7.862,
spanner,204.15,21928,1,7.482,
spanner,204.16,21929,1,8.388,
spanner,204.16,21930,1,9.437,
spanner,204.17,21931,1,8.608,
spanner,204.18,21932,1,8.014,
spanner,204.19,21933,1,8.191,
spanner,204.20,21934,1,9.370,
spanner,204.21,21935,1,11.870,
spanner,204.22,21936,1,12.875,
spanner,204.23,21937,1,14.585,
spanner,204.25,21938,1,13.317,
spanner,204.26,21939,1,11.515,
spanner,204.27,21940,1,11.232,
spanner,204.28,21941,1,8.667,
spanner,204.29,21942,1,9.537,
spanner,204.30,21943,1,9.014,
spanner,204.31,21944,1,8.827,
spanner,204.32,21945,1,11.099,
spanner,204.33,21946,1,11.663,
spanner,204.34,21947,1,11.562,
spanner,204.35,21948,1,9.916,
spanner,204.36,21949,1,11.199,
spanner,204.38,21950,1,9.663,
spanner,204.39,21951,1,9.915,
spanner,204.40,21952,1,9.092,
spanner,204.40,21953,1,9.721,
spanner,204.41,21954,1,10.031,
spanner,204.42,21955,1,13.226,
spanner,204.44,21956,1,13.821,
spanner,204.45,21957,1,13.159,
spanner,204.46,21958,1,13.786,
spanner,204.48,21959,1,13.658,
spanner,204.49,21960,1,10.868,
spanner,204.50,21961,1,11.552,
spanner,204.51,21962,1,13.048,
spanner,204.53,21963,1,14.062,
spanner,204.54,21964,1,14.135,
spanner,204.56,21965,1,13.334,
spanner,204.57,21966,1,12.736,
spanner,204.58,21967,1,12.328,
spanner,204.59,21968,1,12.648,
spanner,204.61,21969,1,13.579,
spanner,204.62,21970,1,13.602,
spanner,204.63,21971,1,10.886,
spanner,204.65,21972,1,11.299,
spanner,204.66,21973,1,12.867,
spanner,204.67,21974,1,9.088,
spanner,204.68,21975,1,8.389,
spanner,204.69,21976,1,10.822,
spanner,204.70,21977,1,10.364,
spanner,204.71,21978,1,9.249,
spanner,204.72,21979,1,9.478,
spanner,204.73,21980,1,10.530,
spanner,204.74,21981,1,13.068,
spanner,204.75,21982,1,10.595,
spanner,204.76,21983,1,10.230,
spanner,204.77,21984,1,10.958,
spanner,204.78,21985,1,13.113,
spanner,204.80,21986,1,13.092,
spanner,204.81,21987,1,13.410,
spanner,204.82,21988,1,13.561,
spanner,204.84,21989,1,13.066,
spanner,204.85,21990,1,9.405,
spanner,204.86,21991,1,9.911,
spanner,204.87,21992,1,10.032,
spanner,204.88,21993,1,10.253,
spanner,204.89,21994,1,7.817,
spanner,204.90,21995,1,6.707,
spanner,204.90,21996,1,6.822,
spanner,204.91,21997,1,6.777,
spanner,204.92,21998,1,6.749,
spanner,204.92,21999,1,6.697,
spanner,204.93,22000,1,6.238,
spanner,204.94,22001,1,6.953,
spanner,204.94,22002,1,9.313,
spanner,204.95,22003,1,9.382,
spanner,204.96,22004,1,8.104,
spanner,204.97,22005,1,6.353,
spanner,204.98,22006,1,6.222,
spanner,204.98,22007,1,6.734,
spanner,204.99,22008,1,6.447,
spanner,205.00,22009,1,6.567,
spanner,205.00,22010,1,7.062,
spanner,205.01,22011,1,6.292,
spanner,205.02,22012,1,5.960,
spanner,205.02,22013,1,6.353,
spanner,205.03,22014,1,6.053,
spanner,205.03,22015,1,6.437,
spanner,205.04,22016,1,6.420,
spanner,205.05,22017,1,6.160,
spanner,205.05,22018,1,6.523,
spanner,205.06,22019,1,6.124,
spanner,205.07,22020,1,6.639,
spanner,205.07,22021,1,7.857,
spanner,205.08,22022,1,8.892,
spanner,205.09,22023,1,9.312,
spanner,205.10,22024,1,7.337,
spanner,205.11,22025,1,7.122,
spanner,205.11,22026,1,6.660,
spanner,205.12,22027,1,8.371,
spanner,205.13,22028,1,10.160,
spanner,205.14,22029,1,11.180,
spanner,205.15,22030,1,11.047,
spanner,205.16,22031,1,7.934,
spanner,205.17,22032,1,8.042,
spanner,205.18,22033,1,7.012,
spanner,205.18,22034,1,6.894,
spanner,205.19,22035,1,6.723,
spanner,205.20,22036,1,5.627,
spanner,205.20,22037,1,6.564,
spanner,205.21,22038,1,6.007,
spanner,205.22,22039,1,7.244,
spanner,205.22,22040,1,7.813,
spanner,205.23,22041,1,7.157,
spanner,205.24,22042,1,7.117,
spanner,205.25,22043,1,6.878,
spanner,205.25,22044,1,7.158,
spanner,205.26,22045,1,6.128,
spanner,205.27,22046,1,6.140,
spanner,205.27,22047,1,6.089,
spanner,205.28,22048,1,5.836,
spanner,205.28,22049,1,5.795,
spanner,205.29,22050,1,6.348,
spanner,205.30,22051,1,7.870,
spanner,205.30,22052,1,8.284,
spanner,205.31,22053,1,7.367,
spanner,205.32,22054,1,10.062,
spanner,205.33,22055,1,10.841,
spanner,205.34,22056,1,7.798,
spanner,205.35,22057,1,8.632,
spanner,205.36,22058,1,9.109,
spanner,205.37,22059,1,9.586,
spanner,205.38,22060,1,8.603,
spanner,205.39,22061,1,8.970,
spanner,205.39,22062,1,10.396,
spanner,205.40,22063,1,8.535,
spanner,205.41,22064,1,9.227,
spanner,205.42,22065,1,10.380,
spanner,205.43,22066,1,10.450,
spanner,205.44,22067,1,10.865,
spanner,205.45,22068,1,7.991,
spanner,205.46,22069,1,7.306,
spanner,205.47,22070,1,8.231,
spanner,205.48,22071,1,10.967,
spanner,205.49,22072,1,12.287,
spanner,205.50,22073,1,11.908,
spanner,205.51,22074,1,10.864,
spanner,205.52,22075,1,10.093,
spanner,205.53,22076,1,12.007,
spanner,205.55,22077,1,11.527,
spanner,205.56,22078,1,11.459,
spanner,205.57,22079,1,9.766,
spanner,205.58,22080,1,10.332,
spanner,205.59,22081,1,10.023,
spanner,205.60,22082,1,11.471,
spanner,205.61,22083,1,10.355,
spanner,205.62,22084,1,12.677,
spanner,205.63,22085,1,10.177,
spanner,205.64,22086,1,8.140,
spanner,205.65,22087,1,7.591,
spanner,205.66,22088,1,8.644,
spanner,205.67,22089,1,7.841,
spanner,205.68,22090,1,7.604,
spanner,205.68,22091,1,6.969,
spanner,205.69,22092,1,7.037,
spanner,205.70,22093,1,7.665,
spanner,205.71,22094,1,7.454,
spanner,205.71,22095,1,7.032,
spanner,205.72,22096,1,8.112,
spanner,205.73,22097,1,7.646,
spanner,205.74,22098,1,6.864,
spanner,205.74,22099,1,6.816,
spanner,205.75,22100,1,7.969,
spanner,205.76,22101,1,9.044,
spanner,205.77,22102,1,8.525,
spanner,205.78,22103,1,9.469,
spanner,205.79,22104,1,7.529,
spanner,205.79,22105,1,7.816,
spanner,205.80,22106,1,8.109,
spanner,205.81,22107,1,8.882,
spanner,205.82,22108,1,10.940,
spanner,205.83,22109,1,8.998,
spanner,205.84,22110,1,10.440,
spanner,205.85,22111,1,10.762,
spanner,205.86,22112,1,9.171,
spanner,205.87,22113,1,9.580,
spanner,205.88,22114,1,7.707,
spanner,205.89,22115,1,7.122,
spanner,205.89,22116,1,6.758,
spanner,205.90,22117,1,6.808,
spanner,205.91,22118,1,7.775,
spanner,205.91,22119,1,6.755,
spanner,205.92,22120,1,7.307,
spanner,205.93,22121,1,9.550,
spanner,205.94,22122,1,12.677,
spanner,205.95,22123,1,10.392,
spanner,205.96,22124,1,11.011,
spanner,205.97,22125,1,9.431,
spanner,205.98,22126,1,8.677,
spanner,205.99,22127,1,7.836,
spanner,206.00,22128,1,7.990,
spanner,206.01,22129,1,8.773,
spanner,206.01,22130,1,9.531,
spanner,206.02,22131,1,8.676,
spanner,206.03,22132,1,9.141,
spanner,206.04,22133,1,10.050,
spanner,206.05,22134,1,8.611,
spanner,206.06,22135,1,7.833,
spanner,206.07,22136,1,7.994,
spanner,206.08,22137,1,7.858,
spanner,206.08,22138,1,7.190,
spanner,206.09,22139,1,7.726,
spanner,206.10,22140,1,8.252,
spanner,206.11,22141,1,7.625,
spanner,206.12,22142,1,10.101,
spanner,206.13,22143,1,9.174,
spanner,206.14,22144,1,8.929,
spanner,206.14,22145,1,7.921,
spanner,206.15,22146,1,9.721,
spanner,206.16,22147,1,11.384,
spanner,206.17,22148,1,11.304,
spanner,206.18,22149,1,11.275,
spanner,206.20,22150,1,12.461,
spanner,206.21,22151,1,12.421,
spanner,206.22,22152,1,12.016,
spanner,206.23,22153,1,11.562,
spanner,206.24,22154,1,9.094,
spanner,206.25,22155,1,9.737,
spanner,206.26,22156,1,10.844,
spanner,206.27,22157,1,11.827,
spanner,206.29,22158,1,11.610,
spanner,206.30,22159,1,11.336,
spanner,206.31,22160,1,14.463,
spanner,206.32,22161,1,13.913,
spanner,206.34,22162,1,13.278,
spanner,206.35,22163,1,14.582,
spanner,206.37,22164,1,10.263,
spanner,206.38,22165,1,9.334,
spanner,206.39,22166,1,9.091,
spanner,206.39,22167,1,9.241,
spanner,206.40,22168,1,9.242,
spanner,206.41,22169,1,10.103,
spanner,206.42,22170,1,11.753,
spanner,206.43,22171,1,12.252,
spanner,206.45,22172,1,13.001,
spanner,206.46,22173,1,12.891,
spanner,206.47,22174,1,11.923,
spanner,206.49,22175,1,11.831,
spanner,206.50,22176,1,13.208,
spanner,206.51,22177,1,12.716,
spanner,206.52,22178,1,12.909,
spanner,206.54,22179,1,11.134,
spanner,206.55,22180,1,9.759,
spanner,206.56,22181,1,12.928,
spanner,206.57,22182,1,13.308,
spanner,206.58,22183,1,13.495,
spanner,206.60,22184,1,13.859,
spanner,206.61,22185,1,13.607,
spanner,206.62,22186,1,13.172,
spanner,206.64,22187,1,12.730,
spanner,206.65,22188,1,9.733,
spanner,206.66,22189,1,10.285,
spanner,206.67,22190,1,12.782,
spanner,206.68,22191,1,12.014,
spanner,206.70,22192,1,7.537,
spanner,206.70,22193,1,10.822,
spanner,206.71,22194,1,6.626,
spanner,206.72,22195,1,6.747,
spanner,206.73,22196,1,6.677,
spanner,206.73,22197,1,6.267,
spanner,206.74,22198,1,6.987,
spanner,206.75,22199,1,7.170,
spanner,206.75,22200,1,7.553,
spanner,206.76,22201,1,7.682,
spanner,206.77,22202,1,9.817,
spanner,206.78,22203,1,8.215,
spanner,206.79,22204,1,7.680,
spanner,206.80,22205,1,7.334,
spanner,206.80,22206,1,10.242,
spanner,206.81,22207,1,11.958,
spanner,206.83,22208,1,11.037,
spanner,206.84,22209,1,12.271,
spanner,206.85,22210,1,11.741,
spanner,206.86,22211,1,8.998,
spanner,206.87,22212,1,12.060,
spanner,206.88,22213,1,9.411,
spanner,206.89,22214,1,8.257,
spanner,206.90,22215,1,6.588,
spanner,206.91,22216,1,6.038,
spanner,206.91,22217,1,7.102,
spanner,206.92,22218,1,9.255,
spanner,206.93,22219,1,7.824,
spanner,206.94,22220,1,6.857,
spanner,206.94,22221,1,6.954,
spanner,206.95,22222,1,8.381,
spanner,206.96,22223,1,6.237,
spanner,206.96,22224,1,6.276,
spanner,206.97,22225,1,6.185,
spanner,206.98,22226,1,6.847,
spanner,206.98,22227,1,7.477,
spanner,206.99,22228,1,6.320,
spanner,207.00,22229,1,5.990,
spanner,207.00,22230,1,5.931,
spanner,207.01,22231,1,6.024,
spanner,207.02,22232,1,6.729,
spanner,207.02,22233,1,5.691,
spanner,207.03,22234,1,6.634,
spanner,207.04,22235,1,8.031,
spanner,207.04,22236,1,6.733,
spanner,207.05,22237,1,6.328,
spanner,207.06,22238,1,7.389,
spanner,207.06,22239,1,7.252,
spanner,207.07,22240,1,6.807,
spanner,207.08,22241,1,6.348,
spanner,207.08,22242,1,7.434,
spanner,207.09,22243,1,7.859,
spanner,207.10,22244,1,7.474,
spanner,207.11,22245,1,7.906,
spanner,207.12,22246,1,7.381,
spanner,207.12,22247,1,7.027,
spanner,207.13,22248,1,7.690,
spanner,207.14,22249,1,8.922,
spanner,207.15,22250,1,9.491,
spanner,207.16,22251,1,8.471,
spanner,207.16,22252,1,7.122,
spanner,207.17,22253,1,7.399,
spanner,207.18,22254,1,8.664,
spanner,207.19,22255,1,9.183,
spanner,207.20,22256,1,8.743,
spanner,207.21,22257,1,8.260,
spanner,207.21,22258,1,6.557,
spanner,207.22,22259,1,6.393,
spanner,207.23,22260,1,7.362,
spanner,207.23,22261,1,9.486,
spanner,207.24,22262,1,11.080,
spanner,207.25,22263,1,8.359,
spanner,207.26,22264,1,9.545,
spanner,207.27,22265,1,8.321,
spanner,207.28,22266,1,7.927,
spanner,207.29,22267,1,7.045,
spanner,207.30,22268,1,6.550,
spanner,207.30,22269,1,8.607,
spanner,207.31,22270,1,8.390,
spanner,207.32,22271,1,8.253,
spanner,207.33,22272,1,7.159,
spanner,207.34,22273,1,7.535,
spanner,207.34,22274,1,9.218,
spanner,207.35,22275,1,10.325,
spanner,207.36,22276,1,10.279,
spanner,207.37,22277,1,8.690,
spanner,207.38,22278,1,6.861,
spanner,207.39,22279,1,6.900,
spanner,207.40,22280,1,6.849,
spanner,207.40,22281,1,7.222,
spanner,207.41,22282,1,8.154,
spanner,207.42,22283,1,6.695,
spanner,207.42,22284,1,6.716,
spanner,207.43,22285,1,6.531,
spanner,207.44,22286,1,6.384,
spanner,207.44,22287,1,6.808,
spanner,207.45,22288,1,6.464,
spanner,207.46,22289,1,6.827,
spanner,207.46,22290,1,8.601,
spanner,207.47,22291,1,8.829,
spanner,207.48,22292,1,10.724,
spanner,207.49,22293,1,11.821,
spanner,207.50,22294,1,10.388,
spanner,207.51,22295,1,9.536,
spanner,207.52,22296,1,12.203,
spanner,207.54,22297,1,9.488,
spanner,207.55,22298,1,7.533,
spanner,207.55,22299,1,8.024,
spanner,207.56,22300,1,8.797,
spanner,207.57,22301,1,8.225,
spanner,207.58,22302,1,9.350,
spanner,207.59,22303,1,11.142,
spanner,207.60,22304,1,9.903,
spanner,207.61,22305,1,11.014,
spanner,207.62,22306,1,10.894,
spanner,207.63,22307,1,9.067,
spanner,207.64,22308,1,8.507,
spanner,207.65,22309,1,9.929,
spanner,207.66,22310,1,8.223,
spanner,207.67,22311,1,7.510,
spanner,207.67,22312,1,7.512,
spanner,207.68,22313,1,7.144,
spanner,207.69,22314,1,7.225,
spanner,207.70,22315,1,7.237,
spanner,207.70,22316,1,9.279,
spanner,207.71,22317,1,8.428,
spanner,207.72,22318,1,7.600,
spanner,207.73,22319,1,7.672,
spanner,207.74,22320,1,7.705,
spanner,207.74,22321,1,7.981,
spanner,207.75,22322,1,8.227,
spanner,207.76,22323,1,7.194,
spanner,207.77,22324,1,7.677,
spanner,207.78,22325,1,8.337,
spanner,207.78,22326,1,7.339,
spanner,207.79,22327,1,7.332,
spanner,207.80,22328,1,7.779,
spanner,207.81,22329,1,7.790,
spanner,207.81,22330,1,6.785,
spanner,207.82,22331,1,6.989,
spanner,207.83,22332,1,6.838,
spanner,207.84,22333,1,7.135,
spanner,207.84,22334,1,6.925,
spanner,207.85,22335,1,6.981,
spanner,207.86,22336,1,7.174,
spanner,207.86,22337,1,8.199,
spanner,207.87,22338,1,9.899,
spanner,207.88,22339,1,10.432,
spanner,207.89,22340,1,10.652,
spanner,207.90,22341,1,10.429,
spanner,207.91,22342,1,12.819,
spanner,207.93,22343,1,10.337,
spanner,207.94,22344,1,8.688,
spanner,207.95,22345,1,11.247,
spanner,207.96,22346,1,11.891,
spanner,207.97,22347,1,11.219,
spanner,207.98,22348,1,11.315,
spanner,207.99,22349,1,10.015,
spanner,208.00,22350,1,9.349,
spanner,208.01,22351,1,11.724,
spanner,208.02,22352,1,11.331,
spanner,208.03,22353,1,11.256,
spanner,208.05,22354,1,10.595,
spanner,208.06,22355,1,11.521,
spanner,208.07,22356,1,10.158,
spanner,208.08,22357,1,10.787,
spanner,208.09,22358,1,11.967,
spanner,208.10,22359,1,13.251,
spanner,208.11,22360,1,12.294,
spanner,208.13,22361,1,12.628,
spanner,208.14,22362,1,13.782,
spanner,208.15,22363,1,11.759,
spanner,208.16,22364,1,12.059,
spanner,208.18,22365,1,11.617,
spanner,208.19,22366,1,10.430,
spanner,208.20,22367,1,10.808,
spanner,208.21,22368,1,11.056,
spanner,208.22,22369,1,10.690,
spanner,208.23,22370,1,9.938,
spanner,208.24,22371,1,9.254,
spanner,208.25,22372,1,9.101,
spanner,208.26,22373,1,10.276,
spanner,208.27,22374,1,11.531,
spanner,208.28,22375,1,9.922,
spanner,208.29,22376,1,12.856,
spanner,208.30,22377,1,12.829,
spanner,208.32,22378,1,12.586,
spanner,208.33,22379,1,11.153,
spanner,208.34,22380,1,12.198,
spanner,208.35,22381,1,12.408,
spanner,208.37,22382,1,11.692,
spanner,208.38,22383,1,9.212,
spanner,208.39,22384,1,9.095,
spanner,208.40,22385,1,9.513,
spanner,208.41,22386,1,9.765,
spanner,208.42,22387,1,11.103,
spanner,208.43,22388,1,11.182,
spanner,208.44,22389,1,13.999,
spanner,208.45,22390,1,12.760,
spanner,208.46,22391,1,13.238,
spanner,208.48,22392,1,11.683,
spanner,208.49,22393,1,9.409,
spanner,208.50,22394,1,8.682,
spanner,208.51,22395,1,8.036,
spanner,208.52,22396,1,8.622,
spanner,208.52,22397,1,9.885,
spanner,208.53,22398,1,11.504,
spanner,208.55,22399,1,11.732,
spanner,208.56,22400,1,12.896,
spanner,208.57,22401,1,11.478,
spanner,208.58,22402,1,9.041,
spanner,208.59,22403,1,8.761,
spanner,208.60,22404,1,9.236,
spanner,208.61,22405,1,9.427,
spanner,208.62,22406,1,10.527,
spanner,208.63,22407,1,10.636,
spanner,208.64,22408,1,10.910,
spanner,208.65,22409,1,9.878,
spanner,208.66,22410,1,7.471,
spanner,208.67,22411,1,7.595,
spanner,208.68,22412,1,7.637,
spanner,208.68,22413,1,8.898,
spanner,208.69,22414,1,6.895,
spanner,208.70,22415,1,8.792,
spanner,208.71,22416,1,7.402,
spanner,208.72,22417,1,6.980,
spanner,208.72,22418,1,7.540,
spanner,208.73,22419,1,7.122,
spanner,208.74,22420,1,7.591,
spanner,208.74,22421,1,9.315,
spanner,208.75,22422,1,9.286,
spanner,208.76,22423,1,7.574,
spanner,208.77,22424,1,6.951,
spanner,208.78,22425,1,7.163,
spanner,208.79,22426,1,9.004,
spanner,208.79,22427,1,9.489,
spanner,208.80,22428,1,8.068,
spanner,208.81,22429,1,8.259,
spanner,208.82,22430,1,8.729,
spanner,208.83,22431,1,7.067,
spanner,208.84,22432,1,6.274,
spanner,208.84,22433,1,5.897,
spanner,208.85,22434,1,6.587,
spanner,208.86,22435,1,6.143,
spanner,208.86,22436,1,6.546,
spanner,208.87,22437,1,5.995,
spanner,208.87,22438,1,6.148,
spanner,208.88,22439,1,6.469,
spanner,208.89,22440,1,6.772,
spanner,208.89,22441,1,7.703,
spanner,208.90,22442,1,7.847,
spanner,208.91,22443,1,6.711,
spanner,208.92,22444,1,6.336,
spanner,208.92,22445,1,6.828,
spanner,208.93,22446,1,8.828,
spanner,208.94,22447,1,10.528,
spanner,208.95,22448,1,10.312,
spanner,208.96,22449,1,9.428,
spanner,208.97,22450,1,9.319,
spanner,208.98,22451,1,11.145,
spanner,208.99,22452,1,11.434,
spanner,209.00,22453,1,12.075,
spanner,209.01,22454,1,9.343,
spanner,209.02,22455,1,7.790,
spanner,209.03,22456,1,9.257,
spanner,209.04,22457,1,9.576,
spanner,209.05,22458,1,9.445,
spanner,209.06,22459,1,9.094,
spanner,209.07,22460,1,8.745,
spanner,209.08,22461,1,7.225,
spanner,209.08,22462,1,8.409,
spanner,209.09,22463,1,9.648,
spanner,209.10,22464,1,9.687,
spanner,209.11,22465,1,10.461,
spanner,209.12,22466,1,10.232,
spanner,209.13,22467,1,9.937,
spanner,209.14,22468,1,10.987,
spanner,209.15,22469,1,8.324,
spanner,209.16,22470,1,7.445,
spanner,209.17,22471,1,6.238,
spanner,209.17,22472,1,6.483,
spanner,209.18,22473,1,7.012,
spanner,209.19,22474,1,6.743,
spanner,209.19,22475,1,5.934,
spanner,209.20,22476,1,7.838,
spanner,209.21,22477,1,9.186,
spanner,209.22,22478,1,7.441,
spanner,209.23,22479,1,6.271,
spanner,209.23,22480,1,6.413,
spanner,209.24,22481,1,6.851,
spanner,209.25,22482,1,6.981,
spanner,209.25,22483,1,7.305,
spanner,209.26,22484,1,7.553,
spanner,209.27,22485,1,7.573,
spanner,209.27,22486,1,8.891,
spanner,209.28,22487,1,8.630,
spanner,209.29,22488,1,7.539,
spanner,209.30,22489,1,8.524,
spanner,209.31,22490,1,7.896,
spanner,209.32,22491,1,8.857,
spanner,209.33,22492,1,8.733,
spanner,209.33,22493,1,10.118,
spanner,209.34,22494,1,10.301,
spanner,209.35,22495,1,10.830,
spanner,209.37,22496,1,10.908,
spanner,209.38,22497,1,12.946,
spanner,209.39,22498,1,9.530,
spanner,209.40,22499,1,8.463,
spanner,209.41,22500,1,8.237,
spanner,209.42,22501,1,8.534,
spanner,209.42,22502,1,7.496,
spanner,209.43,22503,1,7.980,
spanner,209.44,22504,1,6.826,
spanner,209.45,22505,1,8.616,
spanner,209.46,22506,1,7.689,
spanner,209.46,22507,1,7.868,
spanner,209.47,22508,1,7.681,
spanner,209.48,22509,1,7.575,
spanner,209.49,22510,1,7.300,
spanner,209.49,22511,1,7.767,
spanner,209.50,22512,1,7.352,
spanner,209.51,22513,1,6.376,
spanner,209.51,22514,1,6.660,
spanner,209.52,22515,1,7.229,
spanner,209.53,22516,1,6.750,
spanner,209.54,22517,1,6.987,
spanner,209.54,22518,1,8.437,
spanner,209.55,22519,1,10.622,
spanner,209.56,22520,1,10.045,
spanner,209.57,22521,1,9.387,
spanner,209.58,22522,1,8.909,
spanner,209.59,22523,1,7.050,
spanner,209.60,22524,1,7.242,
spanner,209.60,22525,1,6.787,
spanner,209.61,22526,1,6.316,
spanner,209.62,22527,1,6.997,
spanner,209.62,22528,1,6.649,
spanner,209.63,22529,1,7.489,
spanner,209.64,22530,1,7.855,
spanner,209.65,22531,1,7.745,
spanner,209.65,22532,1,8.941,
spanner,209.66,22533,1,10.072,
spanner,209.67,22534,1,12.455,
spanner,209.69,22535,1,10.021,
spanner,209.70,22536,1,8.662,
spanner,209.70,22537,1,8.557,
spanner,209.71,22538,1,7.757,
spanner,209.72,22539,1,7.210,
spanner,209.73,22540,1,7.224,
spanner,209.74,22541,1,8.115,
spanner,209.74,22542,1,8.734,
spanner,209.75,22543,1,7.066,
spanner,209.76,22544,1,6.714,
spanner,209.77,22545,1,6.976,
spanner,209.77,22546,1,8.081,
spanner,209.78,22547,1,7.587,
spanner,209.79,22548,1,8.894,
spanner,209.80,22549,1,7.785,
spanner,209.81,22550,1,9.769,
spanner,209.82,22551,1,10.345,
spanner,209.83,22552,1,10.499,
spanner,209.84,22553,1,11.297,
spanner,209.85,22554,1,10.605,
spanner,209.86,22555,1,10.818,
spanner,209.87,22556,1,10.285,
spanner,209.88,22557,1,11.125,
spanner,209.89,22558,1,11.165,
spanner,209.90,22559,1,10.605,
spanner,209.91,22560,1,11.067,
spanner,209.92,22561,1,11.299,
spanner,209.94,22562,1,11.149,
spanner,209.95,22563,1,10.313,
spanner,209.96,22564,1,9.516,
spanner,209.97,22565,1,9.092,
spanner,209.98,22566,1,10.849,
spanner,209.99,22567,1,11.054,
spanner,210.00,22568,1,10.881,
spanner,210.01,22569,1,11.943,
spanner,210.02,22570,1,11.082,
spanner,210.03,22571,1,12.117,
spanner,210.04,22572,1,12.702,
spanner,210.06,22573,1,11.942,
spanner,210.07,22574,1,12.812,
spanner,210.08,22575,1,12.559,
spanner,210.09,22576,1,12.447,
spanner,210.11,22577,1,11.705,
spanner,210.12,22578,1,12.034,
spanner,210.13,22579,1,10.109,
spanner,210.14,22580,1,9.228,
spanner,210.15,22581,1,12.591,
spanner,210.16,22582,1,13.440,
spanner,210.18,22583,1,10.854,
spanner,210.19,22584,1,10.855,
spanner,210.20,22585,1,13.824,
spanner,210.21,22586,1,12.645,
spanner,210.22,22587,1,9.526,
spanner,210.23,22588,1,8.558,
spanner,210.24,22589,1,8.064,
spanner,210.25,22590,1,7.881,
spanner,210.26,22591,1,7.942,
spanner,210.27,22592,1,8.108,
spanner,210.27,22593,1,8.158,
spanner,210.28,22594,1,7.873,
spanner,210.29,22595,1,8.130,
spanner,210.30,22596,1,9.874,
spanner,210.31,22597,1,10.270,
spanner,210.32,22598,1,10.330,
spanner,210.33,22599,1,10.266,
spanner,210.34,22600,1,9.828,
spanner,210.35,22601,1,9.188,
spanner,210.36,22602,1,10.592,
spanner,210.37,22603,1,9.801,
spanner,210.38,22604,1,11.418,
spanner,210.39,22605,1,9.324,
spanner,210.40,22606,1,11.172,
spanner,210.41,22607,1,12.189,
spanner,210.42,22608,1,12.784,
spanner,210.44,22609,1,14.016,
spanner,210.45,22610,1,12.099,
spanner,210.46,22611,1,12.483,
spanner,210.47,22612,1,13.062,
spanner,210.49,22613,1,11.410,
spanner,210.50,22614,1,10.476,
spanner,210.51,22615,1,9.815,
spanner,210.52,22616,1,10.046,
spanner,210.53,22617,1,9.697,
spanner,210.54,22618,1,12.870,
spanner,210.55,22619,1,14.094,
spanner,210.57,22620,1,11.582,
spanner,210.58,22621,1,11.839,
spanner,210.59,22622,1,15.177,
spanner,210.61,22623,1,11.275,
spanner,210.62,22624,1,11.414,
spanner,210.63,22625,1,13.287,
spanner,210.64,22626,1,12.530,
spanner,210.65,22627,1,11.360,
spanner,210.67,22628,1,11.783,
spanner,210.68,22629,1,12.337,
spanner,210.69,22630,1,10.857,
spanner,210.70,22631,1,12.415,
spanner,210.71,22632,1,9.109,
spanner,210.72,22633,1,10.068,
spanner,210.73,22634,1,8.161,
spanner,210.74,22635,1,8.964,
spanner,210.75,22636,1,10.637,
spanner,210.76,22637,1,9.905,
spanner,210.77,22638,1,11.069,
spanner,210.78,22639,1,10.787,
spanner,210.79,22640,1,8.423,
spanner,210.80,22641,1,7.661,
spanner,210.81,22642,1,7.330,
spanner,210.82,22643,1,8.199,
spanner,210.82,22644,1,6.879,
spanner,210.83,22645,1,6.800,
spanner,210.84,22646,1,7.367,
spanner,210.85,22647,1,7.608,
spanner,210.85,22648,1,9.323,
spanner,210.86,22649,1,8.505,
spanner,210.87,22650,1,6.857,
spanner,210.88,22651,1,6.985,
spanner,210.88,22652,1,7.401,
spanner,210.89,22653,1,8.652,
spanner,210.90,22654,1,8.081,
spanner,210.91,22655,1,7.238,
spanner,210.92,22656,1,7.564,
spanner,210.92,22657,1,8.186,
spanner,210.93,22658,1,10.589,
spanner,210.94,22659,1,8.779,
spanner,210.95,22660,1,7.782,
spanner,210.96,22661,1,6.750,
spanner,210.97,22662,1,6.888,
spanner,210.97,22663,1,7.093,
spanner,210.98,22664,1,7.364,
spanner,210.99,22665,1,7.905,
spanner,211.00,22666,1,6.940,
spanner,211.00,22667,1,7.150,
spanner,211.01,22668,1,6.568,
spanner,211.02,22669,1,6.285,
spanner,211.02,22670,1,14.445,
spanner,211.04,22671,1,9.480,
spanner,211.05,22672,1,10.656,
spanner,211.06,22673,1,9.952,
spanner,211.07,22674,1,10.207,
spanner,211.08,22675,1,9.831,
spanner,211.09,22676,1,12.358,
spanner,211.10,22677,1,10.176,
spanner,211.11,22678,1,9.218,
spanner,211.12,22679,1,7.745,
spanner,211.13,22680,1,8.684,
spanner,211.14,22681,1,9.043,
spanner,211.14,22682,1,12.109,
spanner,211.16,22683,1,12.982,
spanner,211.17,22684,1,11.868,
spanner,211.18,22685,1,11.067,
spanner,211.19,22686,1,9.524,
spanner,211.20,22687,1,12.779,
spanner,211.22,22688,1,12.488,
spanner,211.23,22689,1,8.512,
spanner,211.24,22690,1,7.004,
spanner,211.24,22691,1,8.790,
spanner,211.25,22692,1,10.580,
spanner,211.26,22693,1,9.145,
spanner,211.27,22694,1,9.556,
spanner,211.28,22695,1,9.971,
spanner,211.29,22696,1,8.701,
spanner,211.30,22697,1,8.864,
spanner,211.31,22698,1,7.502,
spanner,211.32,22699,1,9.601,
spanner,211.33,22700,1,10.281,
spanner,211.34,22701,1,12.111,
spanner,211.35,22702,1,9.278,
spanner,211.36,22703,1,6.964,
spanner,211.36,22704,1,6.995,
spanner,211.37,22705,1,6.617,
spanner,211.38,22706,1,7.638,
spanner,211.39,22707,1,6.597,
spanner,211.39,22708,1,6.556,
spanner,211.40,22709,1,7.415,
spanner,211.41,22710,1,6.792,
spanner,211.41,22711,1,8.462,
spanner,211.42,22712,1,8.450,
spanner,211.43,22713,1,8.791,
spanner,211.44,22714,1,9.914,
spanner,211.45,22715,1,11.862,
spanner,211.46,22716,1,11.308,
spanner,211.47,22717,1,12.637,
spanner,211.49,22718,1,11.886,
spanner,211.50,22719,1,11.585,
spanner,211.51,22720,1,12.213,
spanner,211.52,22721,1,11.969,
spanner,211.53,22722,1,11.722,
spanner,211.55,22723,1,11.614,
spanner,211.56,22724,1,8.741,
spanner,211.57,22725,1,7.236,
spanner,211.57,22726,1,6.428,
spanner,211.58,22727,1,8.201,
spanner,211.59,22728,1,11.560,
spanner,211.60,22729,1,24.338,
spanner,211.62,22730,1,8.221,
spanner,211.63,22731,1,10.759,
spanner,211.64,22732,1,9.170,
spanner,211.65,22733,1,16.555,
spanner,211.67,22734,1,6.908,
spanner,211.68,22735,1,7.973,
spanner,211.68,22736,1,7.471,
spanner,211.69,22737,1,8.169,
spanner,211.70,22738,1,9.558,
spanner,211.71,22739,1,9.057,
spanner,211.72,22740,1,8.027,
spanner,211.73,22741,1,7.693,
spanner,211.73,22742,1,8.874,
spanner,211.74,22743,1,12.457,
spanner,211.75,22744,1,21.395,
spanner,211.78,22745,1,8.297,
spanner,211.78,22746,1,8.993,
spanner,211.79,22747,1,8.253,
spanner,211.80,22748,1,7.606,
spanner,211.81,22749,1,7.446,
spanner,211.82,22750,1,7.307,
spanner,211.82,22751,1,7.079,
spanner,211.83,22752,1,8.446,
spanner,211.84,22753,1,7.929,
spanner,211.85,22754,1,9.254,
spanner,211.86,22755,1,9.744,
spanner,211.87,22756,1,9.123,
spanner,211.88,22757,1,8.200,
spanner,211.88,22758,1,8.105,
spanner,211.89,22759,1,8.369,
spanner,211.90,22760,1,8.424,
spanner,211.91,22761,1,7.920,
spanner,211.92,22762,1,9.072,
spanner,211.93,22763,1,12.867,
spanner,211.94,22764,1,11.193,
spanner,211.95,22765,1,11.178,
spanner,211.96,22766,1,10.246,
spanner,211.97,22767,1,8.699,
spanner,211.98,22768,1,9.087,
spanner,211.99,22769,1,11.886,
spanner,212.00,22770,1,10.076,
spanner,212.01,22771,1,8.639,
spanner,212.02,22772,1,9.577,
spanner,212.03,22773,1,9.298,
spanner,212.04,22774,1,10.408,
spanner,212.05,22775,1,8.922,
spanner,212.06,22776,1,8.832,
spanner,212.07,22777,1,8.518,
spanner,212.08,22778,1,9.372,
spanner,212.09,22779,1,10.011,
spanner,212.10,22780,1,10.670,
spanner,212.11,22781,1,10.575,
spanner,212.12,22782,1,9.431,
spanner,212.13,22783,1,9.078,
spanner,212.14,22784,1,9.692,
spanner,212.15,22785,1,8.873,
spanner,212.15,22786,1,8.945,
spanner,212.16,22787,1,9.235,
spanner,212.17,22788,1,9.664,
spanner,212.18,22789,1,10.043,
spanner,212.19,22790,1,8.029,
spanner,212.20,22791,1,8.660,
spanner,212.21,22792,1,9.719,
spanner,212.22,22793,1,9.083,
spanner,212.23,22794,1,8.879,
spanner,212.24,22795,1,7.841,
spanner,212.24,22796,1,7.657,
spanner,212.25,22797,1,8.695,
spanner,212.26,22798,1,9.256,
spanner,212.27,22799,1,8.428,
spanner,212.28,22800,1,9.035,
spanner,212.29,22801,1,10.554,
spanner,212.30,22802,1,10.829,
spanner,212.31,22803,1,8.465,
spanner,212.32,22804,1,8.147,
spanner,212.33,22805,1,8.047,
spanner,212.33,22806,1,7.988,
spanner,212.34,22807,1,7.967,
spanner,212.35,22808,1,7.678,
spanner,212.36,22809,1,7.556,
spanner,212.37,22810,1,9.126,
spanner,212.37,22811,1,8.564,
spanner,212.38,22812,1,8.839,
spanner,212.39,22813,1,9.537,
spanner,212.40,22814,1,10.744,
spanner,212.41,22815,1,9.785,
spanner,212.42,22816,1,9.577,
spanner,212.43,22817,1,9.419,
spanner,212.44,22818,1,10.756,
spanner,212.45,22819,1,11.128,
spanner,212.46,22820,1,10.476,
spanner,212.47,22821,1,9.068,
spanner,212.48,22822,1,9.758,
spanner,212.49,22823,1,11.597,
spanner,212.50,22824,1,11.483,
spanner,212.52,22825,1,12.168,
spanner,212.53,22826,1,10.536,
spanner,212.54,22827,1,10.263,
spanner,212.55,22828,1,10.965,
spanner,212.56,22829,1,14.029,
spanner,212.57,22830,1,13.911,
spanner,212.59,22831,1,12.762,
spanner,212.60,22832,1,11.587,
spanner,212.61,22833,1,12.955,
spanner,212.63,22834,1,10.420,
spanner,212.64,22835,1,9.328,
spanner,212.65,22836,1,12.234,
spanner,212.66,22837,1,13.803,
spanner,212.67,22838,1,13.699,
spanner,212.69,22839,1,14.240,
spanner,212.70,22840,1,13.834,
spanner,212.71,22841,1,11.162,
spanner,212.72,22842,1,9.901,
spanner,212.73,22843,1,12.162,
spanner,212.75,22844,1,12.326,
spanner,212.76,22845,1,9.559,
spanner,212.77,22846,1,9.186,
spanner,212.78,22847,1,9.524,
spanner,212.79,22848,1,11.285,
spanner,212.80,22849,1,12.939,
spanner,212.81,22850,1,12.761,
spanner,212.82,22851,1,10.501,
spanner,212.84,22852,1,10.631,
spanner,212.85,22853,1,8.711,
spanner,212.85,22854,1,6.792,
spanner,212.86,22855,1,6.235,
spanner,212.87,22856,1,6.766,
spanner,212.87,22857,1,7.829,
spanner,212.88,22858,1,7.882,
spanner,212.89,22859,1,6.555,
spanner,212.90,22860,1,5.824,
spanner,212.90,22861,1,6.292,
spanner,212.91,22862,1,6.875,
spanner,212.92,22863,1,7.071,
spanner,212.92,22864,1,6.397,
spanner,212.93,22865,1,7.788,
spanner,212.94,22866,1,6.498,
spanner,212.94,22867,1,6.657,
spanner,212.95,22868,1,6.856,
spanner,212.96,22869,1,6.528,
spanner,212.96,22870,1,6.850,
spanner,212.97,22871,1,7.874,
spanner,212.98,22872,1,10.430,
spanner,212.99,22873,1,10.760,
spanner,213.00,22874,1,8.886,
spanner,213.01,22875,1,9.182,
spanner,213.02,22876,1,10.710,
spanner,213.03,22877,1,10.162,
spanner,213.04,22878,1,9.759,
spanner,213.05,22879,1,11.327,
spanner,213.06,22880,1,10.943,
spanner,213.07,22881,1,11.338,
spanner,213.08,22882,1,13.054,
spanner,213.10,22883,1,7.186,
spanner,213.10,22884,1,7.108,
spanner,213.11,22885,1,6.468,
spanner,213.12,22886,1,6.808,
spanner,213.12,22887,1,6.768,
spanner,213.13,22888,1,6.462,
spanner,213.14,22889,1,6.874,
spanner,213.14,22890,1,6.990,
spanner,213.15,22891,1,6.772,
spanner,213.16,22892,1,6.456,
spanner,213.16,22893,1,6.348,
spanner,213.17,22894,1,5.916,
spanner,213.18,22895,1,6.101,
spanner,213.18,22896,1,13.117,
spanner,213.20,22897,1,11.791,
spanner,213.21,22898,1,11.825,
spanner,213.22,22899,1,9.716,
spanner,213.23,22900,1,8.642,
spanner,213.24,22901,1,7.321,
spanner,213.25,22902,1,7.618,
spanner,213.25,22903,1,8.511,
spanner,213.26,22904,1,6.489,
spanner,213.27,22905,1,6.212,
spanner,213.27,22906,1,7.203,
spanner,213.28,22907,1,8.177,
spanner,213.29,22908,1,9.614,
spanner,213.30,22909,1,11.144,
spanner,213.31,22910,1,10.379,
spanner,213.32,22911,1,8.933,
spanner,213.33,22912,1,8.269,
spanner,213.34,22913,1,7.132,
spanner,213.35,22914,1,6.544,
spanner,213.35,22915,1,6.558,
spanner,213.36,22916,1,8.241,
spanner,213.37,22917,1,9.631,
spanner,213.38,22918,1,9.977,
spanner,213.39,22919,1,11.767,
spanner,213.40,22920,1,11.849,
spanner,213.41,22921,1,8.249,
spanner,213.42,22922,1,10.467,
spanner,213.43,22923,1,9.131,
spanner,213.44,22924,1,9.252,
spanner,213.45,22925,1,7.918,
spanner,213.46,22926,1,8.866,
spanner,213.46,22927,1,8.959,
spanner,213.47,22928,1,8.418,
spanner,213.48,22929,1,10.229,
spanner,213.49,22930,1,9.559,
spanner,213.50,22931,1,7.417,
spanner,213.51,22932,1,6.547,
spanner,213.52,22933,1,6.699,
spanner,213.52,22934,1,7.946,
spanner,213.53,22935,1,6.955,
spanner,213.54,22936,1,6.237,
spanner,213.54,22937,1,6.868,
spanner,213.55,22938,1,6.839,
spanner,213.56,22939,1,8.170,
spanner,213.57,22940,1,9.871,
spanner,213.58,22941,1,10.785,
spanner,213.59,22942,1,11.327,
spanner,213.60,22943,1,10.421,
spanner,213.61,22944,1,11.584,
spanner,213.62,22945,1,10.772,
spanner,213.63,22946,1,12.660,
spanner,213.64,22947,1,11.244,
spanner,213.65,22948,1,9.761,
spanner,213.66,22949,1,8.349,
spanner,213.67,22950,1,7.136,
spanner,213.68,22951,1,6.715,
spanner,213.69,22952,1,7.877,
spanner,213.69,22953,1,7.905,
spanner,213.70,22954,1,8.292,
spanner,213.71,22955,1,7.786,
spanner,213.72,22956,1,9.124,
spanner,213.73,22957,1,8.124,
spanner,213.74,22958,1,7.865,
spanner,213.74,22959,1,7.775,
spanner,213.75,22960,1,7.206,
spanner,213.76,22961,1,7.842,
spanner,213.77,22962,1,8.049,
spanner,213.77,22963,1,7.867,
spanner,213.78,22964,1,7.106,
spanner,213.79,22965,1,8.863,
spanner,213.80,22966,1,10.128,
spanner,213.81,22967,1,9.696,
spanner,213.82,22968,1,12.329,
spanner,213.83,22969,1,9.172,
spanner,213.84,22970,1,8.865,
spanner,213.85,22971,1,7.634,
spanner,213.86,22972,1,7.672,
spanner,213.86,22973,1,7.439,
spanner,213.87,22974,1,6.658,
spanner,213.88,22975,1,7.119,
spanner,213.89,22976,1,8.127,
spanner,213.89,22977,1,7.643,
spanner,213.90,22978,1,8.968,
spanner,213.91,22979,1,8.340,
spanner,213.92,22980,1,8.532,
spanner,213.93,22981,1,9.253,
spanner,213.94,22982,1,10.173,
spanner,213.95,22983,1,8.401,
spanner,213.96,22984,1,10.537,
spanner,213.97,22985,1,11.569,
spanner,213.98,22986,1,12.371,
spanner,213.99,22987,1,9.401,
spanner,214.00,22988,1,8.300,
spanner,214.01,22989,1,10.662,
spanner,214.02,22990,1,12.493,
spanner,214.03,22991,1,12.004,
spanner,214.04,22992,1,12.185,
spanner,214.06,22993,1,12.538,
spanner,214.07,22994,1,11.343,
spanner,214.08,22995,1,11.255,
spanner,214.09,22996,1,12.391,
spanner,214.10,22997,1,11.948,
spanner,214.11,22998,1,10.317,
spanner,214.13,22999,1,11.846,
spanner,214.14,23000,1,11.568,
spanner,214.15,23001,1,11.110,
spanner,214.16,23002,1,11.328,
spanner,214.17,23003,1,11.815,
spanner,214.18,23004,1,13.130,
spanner,214.20,23005,1,13.268,
spanner,214.21,23006,1,11.689,
spanner,214.22,23007,1,12.224,
spanner,214.23,23008,1,10.834,
spanner,214.24,23009,1,11.252,
spanner,214.26,23010,1,12.537,
spanner,214.27,23011,1,11.946,
spanner,214.28,23012,1,8.873,
spanner,214.29,23013,1,10.490,
spanner,214.30,23014,1,11.766,
spanner,214.31,23015,1,10.170,
spanner,214.32,23016,1,10.814,
spanner,214.33,23017,1,12.622,
spanner,214.35,23018,1,13.289,
spanner,214.36,23019,1,9.834,
spanner,214.37,23020,1,11.985,
spanner,214.38,23021,1,9.871,
spanner,214.39,23022,1,9.767,
spanner,214.40,23023,1,8.104,
spanner,214.41,23024,1,7.569,
spanner,214.42,23025,1,7.961,
spanner,214.42,23026,1,7.684,
spanner,214.43,23027,1,8.480,
spanner,214.44,23028,1,10.773,
spanner,214.45,23029,1,9.338,
spanner,214.46,23030,1,8.591,
spanner,214.47,23031,1,10.455,
spanner,214.48,23032,1,10.222,
spanner,214.49,23033,1,9.305,
spanner,214.50,23034,1,10.078,
spanner,214.51,23035,1,10.343,
spanner,214.52,23036,1,12.434,
spanner,214.53,23037,1,11.833,
spanner,214.54,23038,1,12.345,
spanner,214.56,23039,1,13.775,
spanner,214.57,23040,1,12.723,
spanner,214.58,23041,1,9.472,
spanner,214.59,23042,1,10.167,
spanner,214.60,23043,1,12.897,
spanner,214.62,23044,1,11.817,
spanner,214.63,23045,1,11.448,
spanner,214.64,23046,1,12.695,
spanner,214.65,23047,1,13.116,
spanner,214.66,23048,1,12.009,
spanner,214.68,23049,1,13.298,
spanner,214.69,23050,1,13.480,
spanner,214.70,23051,1,14.312,
spanner,214.72,23052,1,13.486,
spanner,214.73,23053,1,13.613,
spanner,214.75,23054,1,12.813,
spanner,214.76,23055,1,11.119,
spanner,214.77,23056,1,11.422,
spanner,214.78,23057,1,9.110,
spanner,214.79,23058,1,8.614,
spanner,214.80,23059,1,12.312,
spanner,214.81,23060,1,12.910,
spanner,214.82,23061,1,9.978,
spanner,214.83,23062,1,12.846,
spanner,214.85,23063,1,14.873,
spanner,214.86,23064,1,12.873,
spanner,214.87,23065,1,10.388,
spanner,214.89,23066,1,10.199,
spanner,214.90,23067,1,9.908,
spanner,214.91,23068,1,9.875,
spanner,214.92,23069,1,8.199,
spanner,214.92,23070,1,8.165,
spanner,214.93,23071,1,8.074,
spanner,214.94,23072,1,9.009,
spanner,214.95,23073,1,7.892,
spanner,214.96,23074,1,7.366,
spanner,214.96,23075,1,6.887,
spanner,214.97,23076,1,6.668,
spanner,214.98,23077,1,6.555,
spanner,214.98,23078,1,8.083,
spanner,214.99,23079,1,9.804,
spanner,215.00,23080,1,8.127,
spanner,215.01,23081,1,7.843,
spanner,215.02,23082,1,7.162,
spanner,215.03,23083,1,8.477,
spanner,215.03,23084,1,8.172,
spanner,215.04,23085,1,10.649,
spanner,215.05,23086,1,10.685,
spanner,215.06,23087,1,11.991,
spanner,215.08,23088,1,10.329,
spanner,215.09,23089,1,11.041,
spanner,215.10,23090,1,10.326,
spanner,215.11,23091,1,11.073,
spanner,215.12,23092,1,11.486,
spanner,215.13,23093,1,9.867,
spanner,215.14,23094,1,12.850,
spanner,215.15,23095,1,12.612,
spanner,215.17,23096,1,10.123,
spanner,215.18,23097,1,10.788,
spanner,215.19,23098,1,10.748,
spanner,215.20,23099,1,7.003,
spanner,215.20,23100,1,7.065,
spanner,215.21,23101,1,6.515,
spanner,215.22,23102,1,7.102,
spanner,215.23,23103,1,6.821,
spanner,215.23,23104,1,9.704,
spanner,215.24,23105,1,8.257,
spanner,215.25,23106,1,6.512,
spanner,215.26,23107,1,7.511,
spanner,215.26,23108,1,9.153,
spanner,215.27,23109,1,11.185,
spanner,215.28,23110,1,9.971,
spanner,215.29,23111,1,8.238,
spanner,215.30,23112,1,7.347,
spanner,215.31,23113,1,9.714,
spanner,215.32,23114,1,9.731,
spanner,215.33,23115,1,8.579,
spanner,215.34,23116,1,11.204,
spanner,215.35,23117,1,11.665,
spanner,215.36,23118,1,11.395,
spanner,215.37,23119,1,12.196,
spanner,215.39,23120,1,12.413,
spanner,215.40,23121,1,10.094,
spanner,215.41,23122,1,10.894,
spanner,215.42,23123,1,8.403,
spanner,215.43,23124,1,9.152,
spanner,215.44,23125,1,7.419,
spanner,215.44,23126,1,6.794,
spanner,215.45,23127,1,5.769,
spanner,215.46,23128,1,5.805,
spanner,215.46,23129,1,5.860,
spanner,215.47,23130,1,6.110,
spanner,215.47,23131,1,6.115,
spanner,215.48,23132,1,6.012,
spanner,215.49,23133,1,7.821,
spanner,215.49,23134,1,7.390,
spanner,215.50,23135,1,6.781,
spanner,215.51,23136,1,7.852,
spanner,215.52,23137,1,10.701,
spanner,215.53,23138,1,9.618,
spanner,215.54,23139,1,9.769,
spanner,215.55,23140,1,8.579,
spanner,215.56,23141,1,7.423,
spanner,215.56,23142,1,8.950,
spanner,215.57,23143,1,9.251,
spanner,215.58,23144,1,10.631,
spanner,215.59,23145,1,9.650,
spanner,215.60,23146,1,7.751,
spanner,215.61,23147,1,8.710,
spanner,215.62,23148,1,9.444,
spanner,215.63,23149,1,8.066,
spanner,215.64,23150,1,7.813,
spanner,215.64,23151,1,7.913,
spanner,215.65,23152,1,9.445,
spanner,215.66,23153,1,11.343,
spanner,215.67,23154,1,11.011,
spanner,215.68,23155,1,7.916,
spanner,215.69,23156,1,8.371,
spanner,215.70,23157,1,11.598,
spanner,215.71,23158,1,7.932,
spanner,215.72,23159,1,7.359,
spanner,215.73,23160,1,8.702,
spanner,215.74,23161,1,8.149,
spanner,215.74,23162,1,8.063,
spanner,215.75,23163,1,8.492,
spanner,215.76,23164,1,8.697,
spanner,215.77,23165,1,10.163,
spanner,215.78,23166,1,8.925,
spanner,215.79,23167,1,11.394,
spanner,215.80,23168,1,8.214,
spanner,215.81,23169,1,6.708,
spanner,215.81,23170,1,9.064,
spanner,215.82,23171,1,8.264,
spanner,215.83,23172,1,7.857,
spanner,215.84,23173,1,8.026,
spanner,215.85,23174,1,9.462,
spanner,215.86,23175,1,10.325,
spanner,215.87,23176,1,9.513,
spanner,215.88,23177,1,8.652,
spanner,215.89,23178,1,9.967,
spanner,215.90,23179,1,8.926,
spanner,215.90,23180,1,10.255,
spanner,215.92,23181,1,11.550,
spanner,215.93,23182,1,13.155,
spanner,215.94,23183,1,9.474,
spanner,215.95,23184,1,9.973,
spanner,215.96,23185,1,8.949,
spanner,215.97,23186,1,9.220,
spanner,215.98,23187,1,8.761,
spanner,215.99,23188,1,8.730,
spanner,216.00,23189,1,9.616,
spanner,216.00,23190,1,9.638,
spanner,216.01,23191,1,8.229,
spanner,216.02,23192,1,7.893,
spanner,216.03,23193,1,9.027,
spanner,216.04,23194,1,9.067,
spanner,216.05,23195,1,10.103,
spanner,216.06,23196,1,10.194,
spanner,216.07,23197,1,10.134,
spanner,216.08,23198,1,10.797,
spanner,216.09,23199,1,8.317,
spanner,216.10,23200,1,7.573,
spanner,216.11,23201,1,7.372,
spanner,216.11,23202,1,8.732,
spanner,216.12,23203,1,9.419,
spanner,216.13,23204,1,9.739,
spanner,216.14,23205,1,10.587,
spanner,216.15,23206,1,9.710,
spanner,216.16,23207,1,8.680,
spanner,216.17,23208,1,8.817,
spanner,216.18,23209,1,10.116,
spanner,216.19,23210,1,9.165,
spanner,216.20,23211,1,11.397,
spanner,216.21,23212,1,9.971,
spanner,216.22,23213,1,11.313,
spanner,216.23,23214,1,12.392,
spanner,216.24,23215,1,11.288,
spanner,216.26,23216,1,10.944,
spanner,216.27,23217,1,11.649,
spanner,216.28,23218,1,12.274,
spanner,216.29,23219,1,11.969,
spanner,216.30,23220,1,11.323,
spanner,216.31,23221,1,9.532,
spanner,216.32,23222,1,11.544,
spanner,216.33,23223,1,11.020,
spanner,216.35,23224,1,10.343,
spanner,216.36,23225,1,9.304,
spanner,216.37,23226,1,11.818,
spanner,216.38,23227,1,10.954,
spanner,216.39,23228,1,8.423,
spanner,216.40,23229,1,8.163,
spanner,216.41,23230,1,7.661,
spanner,216.41,23231,1,7.850,
spanner,216.42,23232,1,8.781,
spanner,216.43,23233,1,8.124,
spanner,216.44,23234,1,9.190,
spanner,216.45,23235,1,12.037,
spanner,216.46,23236,1,11.457,
spanner,216.47,23237,1,11.749,
spanner,216.48,23238,1,9.265,
spanner,216.49,23239,1,11.094,
spanner,216.50,23240,1,13.736,
spanner,216.52,23241,1,13.477,
spanner,216.53,23242,1,12.414,
spanner,216.54,23243,1,12.652,
spanner,216.56,23244,1,13.222,
spanner,216.57,23245,1,11.463,
spanner,216.58,23246,1,9.129,
spanner,216.59,23247,1,8.368,
spanner,216.60,23248,1,8.488,
spanner,216.61,23249,1,8.382,
spanner,216.61,23250,1,7.991,
spanner,216.62,23251,1,8.313,
spanner,216.63,23252,1,9.546,
spanner,216.64,23253,1,8.906,
spanner,216.65,23254,1,9.678,
spanner,216.66,23255,1,9.590,
spanner,216.67,23256,1,8.475,
spanner,216.68,23257,1,9.365,
spanner,216.69,23258,1,8.366,
spanner,216.70,23259,1,8.756,
spanner,216.70,23260,1,9.805,
spanner,216.71,23261,1,9.560,
spanner,216.72,23262,1,8.594,
spanner,216.73,23263,1,9.284,
spanner,216.74,23264,1,8.033,
spanner,216.75,23265,1,10.422,
spanner,216.76,23266,1,8.490,
spanner,216.77,23267,1,9.085,
spanner,216.78,23268,1,9.849,
spanner,216.79,23269,1,8.693,
spanner,216.80,23270,1,9.047,
spanner,216.81,23271,1,8.601,
spanner,216.81,23272,1,9.522,
spanner,216.82,23273,1,8.746,
spanner,216.83,23274,1,8.648,
spanner,216.84,23275,1,8.771,
spanner,216.85,23276,1,8.793,
spanner,216.86,23277,1,8.885,
spanner,216.87,23278,1,8.045,
spanner,216.88,23279,1,8.889,
spanner,216.88,23280,1,11.749,
spanner,216.90,23281,1,14.694,
spanner,216.91,23282,1,12.671,
spanner,216.92,23283,1,12.933,
spanner,216.94,23284,1,11.094,
spanner,216.95,23285,1,10.269,
spanner,216.96,23286,1,8.608,
spanner,216.97,23287,1,6.911,
spanner,216.97,23288,1,6.046,
spanner,216.98,23289,1,6.120,
spanner,216.99,23290,1,8.066,
spanner,216.99,23291,1,9.514,
spanner,217.00,23292,1,8.502,
spanner,217.01,23293,1,9.226,
spanner,217.02,23294,1,8.142,
spanner,217.03,23295,1,7.176,
spanner,217.04,23296,1,6.992,
spanner,217.04,23297,1,9.513,
spanner,217.05,23298,1,10.301,
spanner,217.06,23299,1,10.901,
spanner,217.07,23300,1,8.918,
spanner,217.08,23301,1,10.702,
spanner,217.09,23302,1,11.902,
spanner,217.11,23303,1,9.730,
spanner,217.12,23304,1,11.904,
spanner,217.13,23305,1,11.114,
spanner,217.14,23306,1,11.352,
spanner,217.15,23307,1,11.184,
spanner,217.16,23308,1,11.317,
spanner,217.17,23309,1,10.712,
spanner,217.18,23310,1,11.792,
spanner,217.20,23311,1,11.477,
spanner,217.21,23312,1,11.242,
spanner,217.22,23313,1,11.389,
spanner,217.23,23314,1,12.163,
spanner,217.24,23315,1,11.430,
spanner,217.25,23316,1,11.823,
spanner,217.27,23317,1,9.052,
spanner,217.27,23318,1,6.962,
spanner,217.28,23319,1,8.462,
spanner,217.29,23320,1,7.485,
spanner,217.30,23321,1,7.340,
spanner,217.30,23322,1,11.522,
spanner,217.32,23323,1,7.860,
spanner,217.32,23324,1,7.205,
spanner,217.33,23325,1,6.490,
spanner,217.34,23326,1,5.893,
spanner,217.34,23327,1,6.311,
spanner,217.35,23328,1,7.042,
spanner,217.36,23329,1,6.754,
spanner,217.36,23330,1,6.465,
spanner,217.37,23331,1,6.689,
spanner,217.38,23332,1,7.483,
spanner,217.38,23333,1,6.278,
spanner,217.39,23334,1,6.698,
spanner,217.40,23335,1,6.908,
spanner,217.40,23336,1,6.396,
spanner,217.41,23337,1,7.547,
spanner,217.42,23338,1,6.662,
spanner,217.43,23339,1,5.787,
spanner,217.43,23340,1,6.857,
spanner,217.44,23341,1,7.372,
spanner,217.45,23342,1,8.447,
spanner,217.45,23343,1,9.147,
spanner,217.46,23344,1,8.788,
spanner,217.47,23345,1,8.796,
spanner,217.48,23346,1,8.227,
spanner,217.49,23347,1,9.667,
spanner,217.50,23348,1,8.135,
spanner,217.51,23349,1,8.347,
spanner,217.52,23350,1,9.122,
spanner,217.52,23351,1,8.682,
spanner,217.53,23352,1,9.179,
spanner,217.54,23353,1,8.546,
spanner,217.55,23354,1,7.325,
spanner,217.56,23355,1,7.678,
spanner,217.57,23356,1,8.135,
spanner,217.57,23357,1,7.252,
spanner,217.58,23358,1,7.999,
spanner,217.59,23359,1,8.185,
spanner,217.60,23360,1,8.424,
spanner,217.61,23361,1,7.594,
spanner,217.61,23362,1,8.734,
spanner,217.62,23363,1,9.959,
spanner,217.63,23364,1,9.727,
spanner,217.64,23365,1,9.577,
spanner,217.65,23366,1,7.997,
spanner,217.66,23367,1,7.422,
spanner,217.67,23368,1,6.976,
spanner,217.67,23369,1,7.868,
spanner,217.68,23370,1,7.476,
spanner,217.69,23371,1,8.215,
spanner,217.70,23372,1,7.263,
spanner,217.71,23373,1,6.900,
spanner,217.71,23374,1,6.628,
spanner,217.72,23375,1,7.366,
spanner,217.73,23376,1,6.992,
spanner,217.73,23377,1,7.981,
spanner,217.74,23378,1,6.983,
spanner,217.75,23379,1,7.319,
spanner,217.76,23380,1,7.225,
spanner,217.76,23381,1,8.674,
spanner,217.77,23382,1,9.769,
spanner,217.78,23383,1,8.845,
spanner,217.79,23384,1,8.638,
spanner,217.80,23385,1,9.473,
spanner,217.81,23386,1,8.337,
spanner,217.82,23387,1,10.084,
spanner,217.83,23388,1,10.023,
spanner,217.84,23389,1,8.210,
spanner,217.85,23390,1,7.715,
spanner,217.85,23391,1,7.217,
spanner,217.86,23392,1,7.460,
spanner,217.87,23393,1,7.464,
spanner,217.88,23394,1,6.593,
spanner,217.88,23395,1,7.381,
spanner,217.89,23396,1,6.648,
spanner,217.90,23397,1,6.527,
spanner,217.90,23398,1,6.845,
spanner,217.91,23399,1,7.187,
spanner,217.92,23400,1,9.102,
spanner,217.93,23401,1,9.875,
spanner,217.94,23402,1,12.999,
spanner,217.95,23403,1,11.276,
spanner,217.96,23404,1,10.633,
spanner,217.97,23405,1,12.567,
spanner,217.98,23406,1,11.094,
spanner,217.99,23407,1,11.241,
spanner,218.01,23408,1,10.234,
spanner,218.02,23409,1,11.586,
spanner,218.03,23410,1,12.218,
spanner,218.04,23411,1,13.074,
spanner,218.05,23412,1,10.121,
spanner,218.06,23413,1,10.089,
spanner,218.07,23414,1,11.109,
spanner,218.08,23415,1,12.067,
spanner,218.10,23416,1,11.758,
spanner,218.11,23417,1,11.201,
spanner,218.12,23418,1,13.154,
spanner,218.13,23419,1,10.387,
spanner,218.14,23420,1,11.618,
spanner,218.16,23421,1,11.880,
spanner,218.17,23422,1,11.959,
spanner,218.18,23423,1,12.287,
spanner,218.19,23424,1,10.419,
spanner,218.20,23425,1,9.324,
spanner,218.21,23426,1,10.109,
spanner,218.22,23427,1,8.014,
spanner,218.23,23428,1,7.612,
spanner,218.24,23429,1,7.626,
spanner,218.24,23430,1,7.003,
spanner,218.25,23431,1,8.705,
spanner,218.26,23432,1,9.060,
spanner,218.27,23433,1,8.117,
spanner,218.28,23434,1,9.157,
spanner,218.29,23435,1,9.071,
spanner,218.30,23436,1,8.887,
spanner,218.30,23437,1,9.339,
spanner,218.31,23438,1,9.926,
spanner,218.32,23439,1,11.660,
spanner,218.34,23440,1,10.397,
spanner,218.35,23441,1,12.525,
spanner,218.36,23442,1,10.918,
spanner,218.37,23443,1,9.957,
spanner,218.38,23444,1,13.483,
spanner,218.39,23445,1,10.261,
spanner,218.40,23446,1,8.286,
spanner,218.41,23447,1,8.165,
spanner,218.42,23448,1,8.167,
spanner,218.43,23449,1,7.901,
spanner,218.44,23450,1,8.234,
spanner,218.44,23451,1,8.030,
spanner,218.45,23452,1,8.163,
spanner,218.46,23453,1,7.885,
spanner,218.47,23454,1,8.476,
spanner,218.48,23455,1,8.179,
spanner,218.49,23456,1,8.326,
spanner,218.49,23457,1,8.204,
spanner,218.50,23458,1,8.231,
spanner,218.51,23459,1,8.199,
spanner,218.52,23460,1,7.863,
spanner,218.53,23461,1,7.364,
spanner,218.53,23462,1,8.737,
spanner,218.54,23463,1,9.034,
spanner,218.55,23464,1,11.306,
spanner,218.56,23465,1,12.106,
spanner,218.58,23466,1,10.807,
spanner,218.59,23467,1,10.044,
spanner,218.60,23468,1,10.690,
spanner,218.61,23469,1,9.570,
spanner,218.62,23470,1,9.652,
spanner,218.63,23471,1,11.764,
spanner,218.64,23472,1,11.913,
spanner,218.65,23473,1,13.202,
spanner,218.66,23474,1,13.375,
spanner,218.68,23475,1,11.845,
spanner,218.69,23476,1,13.019,
spanner,218.70,23477,1,15.322,
spanner,218.72,23478,1,10.924,
spanner,218.73,23479,1,12.179,
spanner,218.74,23480,1,13.773,
spanner,218.75,23481,1,11.998,
spanner,218.77,23482,1,13.650,
spanner,218.78,23483,1,13.445,
spanner,218.79,23484,1,7.969,
spanner,218.80,23485,1,8.404,
spanner,218.81,23486,1,8.797,
spanner,218.82,23487,1,8.945,
spanner,218.83,23488,1,7.444,
spanner,218.84,23489,1,6.155,
spanner,218.84,23490,1,7.650,
spanner,218.85,23491,1,7.131,
spanner,218.86,23492,1,7.552,
spanner,218.86,23493,1,6.584,
spanner,218.87,23494,1,7.493,
spanner,218.88,23495,1,8.483,
spanner,218.89,23496,1,7.146,
spanner,218.89,23497,1,6.428,
spanner,218.90,23498,1,6.248,
spanner,218.91,23499,1,6.570,
spanner,218.91,23500,1,6.494,
spanner,218.92,23501,1,7.508,
spanner,218.93,23502,1,9.146,
spanner,218.94,23503,1,7.599,
spanner,218.94,23504,1,7.918,
spanner,218.95,23505,1,9.980,
spanner,218.96,23506,1,7.139,
spanner,218.97,23507,1,6.398,
spanner,218.98,23508,1,5.772,
spanner,218.98,23509,1,6.563,
spanner,218.99,23510,1,6.111,
spanner,218.99,23511,1,5.580,
spanner,219.00,23512,1,5.947,
spanner,219.01,23513,1,6.133,
spanner,219.01,23514,1,5.856,
spanner,219.02,23515,1,6.282,
spanner,219.02,23516,1,5.678,
spanner,219.03,23517,1,5.832,
spanner,219.04,23518,1,6.115,
spanner,219.04,23519,1,5.914,
spanner,219.05,23520,1,5.738,
spanner,219.05,23521,1,6.008,
spanner,219.06,23522,1,6.285,
spanner,219.07,23523,1,7.211,
spanner,219.07,23524,1,6.097,
spanner,219.08,23525,1,5.743,
spanner,219.08,23526,1,5.863,
spanner,219.09,23527,1,6.239,
spanner,219.10,23528,1,5.774,
spanner,219.10,23529,1,6.954,
spanner,219.11,23530,1,6.405,
spanner,219.12,23531,1,6.122,
spanner,219.12,23532,1,6.375,
spanner,219.13,23533,1,5.921,
spanner,219.13,23534,1,5.547,
spanner,219.14,23535,1,6.777,
spanner,219.15,23536,1,6.694,
spanner,219.15,23537,1,6.714,
spanner,219.16,23538,1,6.169,
spanner,219.17,23539,1,6.299,
spanner,219.17,23540,1,7.428,
spanner,219.18,23541,1,8.115,
spanner,219.19,23542,1,9.843,
spanner,219.20,23543,1,9.778,
spanner,219.21,23544,1,8.451,
spanner,219.22,23545,1,7.441,
spanner,219.22,23546,1,6.756,
spanner,219.23,23547,1,6.431,
spanner,219.24,23548,1,5.850,
spanner,219.24,23549,1,5.952,
spanner,219.25,23550,1,6.269,
spanner,219.26,23551,1,6.702,
spanner,219.26,23552,1,6.606,
spanner,219.27,23553,1,6.492,
spanner,219.28,23554,1,6.169,
spanner,219.28,23555,1,7.193,
spanner,219.29,23556,1,7.665,
spanner,219.30,23557,1,8.027,
spanner,219.30,23558,1,8.420,
spanner,219.31,23559,1,7.815,
spanner,219.32,23560,1,7.204,
spanner,219.33,23561,1,11.606,
spanner,219.34,23562,1,9.636,
spanner,219.35,23563,1,7.120,
spanner,219.36,23564,1,6.584,
spanner,219.36,23565,1,6.624,
spanner,219.37,23566,1,7.570,
spanner,219.38,23567,1,6.884,
spanner,219.38,23568,1,7.664,
spanner,219.39,23569,1,6.234,
spanner,219.40,23570,1,7.152,
spanner,219.41,23571,1,6.897,
spanner,219.41,23572,1,6.785,
spanner,219.42,23573,1,6.685,
spanner,219.43,23574,1,6.885,
spanner,219.43,23575,1,8.041,
spanner,219.44,23576,1,10.530,
spanner,219.45,23577,1,8.872,
spanner,219.46,23578,1,8.117,
spanner,219.47,23579,1,9.159,
spanner,219.48,23580,1,7.663,
spanner,219.49,23581,1,7.532,
spanner,219.49,23582,1,8.307,
spanner,219.50,23583,1,8.356,
spanner,219.51,23584,1,9.314,
spanner,219.52,23585,1,8.598,
spanner,219.53,23586,1,8.520,
spanner,219.54,23587,1,9.979,
spanner,219.55,23588,1,9.711,
spanner,219.56,23589,1,10.832,
spanner,219.57,23590,1,8.067,
spanner,219.58,23591,1,6.656,
spanner,219.58,23592,1,6.513,
spanner,219.59,23593,1,7.908,
spanner,219.60,23594,1,6.253,
spanner,219.60,23595,1,6.766,
spanner,219.61,23596,1,8.080,
spanner,219.62,23597,1,8.675,
spanner,219.63,23598,1,7.145,
spanner,219.63,23599,1,8.676,
spanner,219.64,23600,1,9.625,
spanner,219.65,23601,1,8.180,
spanner,219.66,23602,1,11.615,
spanner,219.67,23603,1,9.290,
spanner,219.68,23604,1,10.322,
spanner,219.69,23605,1,10.506,
spanner,219.70,23606,1,13.009,
spanner,219.71,23607,1,8.287,
spanner,219.72,23608,1,7.537,
spanner,219.73,23609,1,6.723,
spanner,219.74,23610,1,7.571,
spanner,219.74,23611,1,7.665,
spanner,219.75,23612,1,6.773,
spanner,219.76,23613,1,6.745,
spanner,219.77,23614,1,6.711,
spanner,219.77,23615,1,8.049,
spanner,219.78,23616,1,9.255,
spanner,219.79,23617,1,8.721,
spanner,219.80,23618,1,7.151,
spanner,219.81,23619,1,7.772,
spanner,219.81,23620,1,7.247,
spanner,219.82,23621,1,6.971,
spanner,219.83,23622,1,8.352,
spanner,219.84,23623,1,7.516,
spanner,219.84,23624,1,8.101,
spanner,219.85,23625,1,8.807,
spanner,219.86,23626,1,10.352,
spanner,219.87,23627,1,9.575,
spanner,219.88,23628,1,9.724,
spanner,219.89,23629,1,11.564,
spanner,219.90,23630,1,10.539,
spanner,219.91,23631,1,8.479,
spanner,219.92,23632,1,7.549,
spanner,219.93,23633,1,7.515,
spanner,219.94,23634,1,7.482,
spanner,219.94,23635,1,7.381,
spanner,219.95,23636,1,8.122,
spanner,219.96,23637,1,9.329,
spanner,219.97,23638,1,10.153,
spanner,219.98,23639,1,11.083,
spanner,219.99,23640,1,11.555,
spanner,220.00,23641,1,12.759,
spanner,220.02,23642,1,13.780,
spanner,220.03,23643,1,8.437,
spanner,220.04,23644,1,8.130,
spanner,220.05,23645,1,8.499,
spanner,220.05,23646,1,7.488,
spanner,220.06,23647,1,7.910,
spanner,220.07,23648,1,9.166,
spanner,220.08,23649,1,8.511,
spanner,220.09,23650,1,8.941,
spanner,220.10,23651,1,9.328,
spanner,220.11,23652,1,8.033,
spanner,220.11,23653,1,7.935,
spanner,220.12,23654,1,8.123,
spanner,220.13,23655,1,7.726,
spanner,220.14,23656,1,7.714,
spanner,220.15,23657,1,8.403,
spanner,220.15,23658,1,9.193,
spanner,220.16,23659,1,10.249,
spanner,220.17,23660,1,10.329,
spanner,220.18,23661,1,9.795,
spanner,220.19,23662,1,16.238,
spanner,220.21,23663,1,14.505,
spanner,220.22,23664,1,11.155,
spanner,220.24,23665,1,9.906,
spanner,220.25,23666,1,8.704,
spanner,220.25,23667,1,10.728,
spanner,220.26,23668,1,13.416,
spanner,220.28,23669,1,11.840,
spanner,220.29,23670,1,10.007,
spanner,220.30,23671,1,10.973,
spanner,220.31,23672,1,10.510,
spanner,220.32,23673,1,8.938,
spanner,220.33,23674,1,10.543,
spanner,220.34,23675,1,10.852,
spanner,220.35,23676,1,9.408,
spanner,220.36,23677,1,7.950,
spanner,220.37,23678,1,9.324,
spanner,220.38,23679,1,11.302,
spanner,220.39,23680,1,9.519,
spanner,220.40,23681,1,10.500,
spanner,220.41,23682,1,10.353,
spanner,220.42,23683,1,11.965,
spanner,220.43,23684,1,10.940,
spanner,220.44,23685,1,10.187,
spanner,220.45,23686,1,9.495,
spanner,220.46,23687,1,12.271,
spanner,220.48,23688,1,13.465,
spanner,220.49,23689,1,13.054,
spanner,220.50,23690,1,11.352,
spanner,220.51,23691,1,11.873,
spanner,220.53,23692,1,10.680,
spanner,220.54,23693,1,12.737,
spanner,220.55,23694,1,12.422,
spanner,220.56,23695,1,11.286,
spanner,220.57,23696,1,9.565,
spanner,220.58,23697,1,8.925,
spanner,220.59,23698,1,10.136,
spanner,220.60,23699,1,11.600,
spanner,220.61,23700,1,11.027,
spanner,220.62,23701,1,9.956,
spanner,220.63,23702,1,12.818,
spanner,220.65,23703,1,11.855,
spanner,220.66,23704,1,11.720,
spanner,220.67,23705,1,12.050,
spanner,220.68,23706,1,13.333,
spanner,220.70,23707,1,13.582,
spanner,220.71,23708,1,11.977,
spanner,220.72,23709,1,12.120,
spanner,220.73,23710,1,12.509,
spanner,220.75,23711,1,10.359,
spanner,220.76,23712,1,7.570,
spanner,220.77,23713,1,9.450,
spanner,220.77,23714,1,7.449,
spanner,220.78,23715,1,7.015,
spanner,220.79,23716,1,7.021,
spanner,220.80,23717,1,8.414,
spanner,220.80,23718,1,9.214,
spanner,220.81,23719,1,8.972,
spanner,220.82,23720,1,8.860,
spanner,220.83,23721,1,8.005,
spanner,220.84,23722,1,7.989,
spanner,220.85,23723,1,12.794,
spanner,220.86,23724,1,8.569,
spanner,220.87,23725,1,7.330,
spanner,220.88,23726,1,7.115,
spanner,220.88,23727,1,7.013,
spanner,220.89,23728,1,6.547,
spanner,220.90,23729,1,5.976,
spanner,220.90,23730,1,6.044,
spanner,220.91,23731,1,6.187,
spanner,220.92,23732,1,5.971,
spanner,220.92,23733,1,7.127,
spanner,220.93,23734,1,7.800,
spanner,220.94,23735,1,7.189,
spanner,220.94,23736,1,7.052,
spanner,220.95,23737,1,7.436,
spanner,220.96,23738,1,6.701,
spanner,220.97,23739,1,5.626,
spanner,220.97,23740,1,6.778,
spanner,220.98,23741,1,6.455,
spanner,220.98,23742,1,8.080,
spanner,220.99,23743,1,5.911,
spanner,221.00,23744,1,5.607,
spanner,221.00,23745,1,5.675,
spanner,221.01,23746,1,29.547,
spanner,221.04,23747,1,9.532,
spanner,221.05,23748,1,7.780,
spanner,221.06,23749,1,9.510,
spanner,221.07,23750,1,9.701,
spanner,221.08,23751,1,9.906,
spanner,221.09,23752,1,10.236,
spanner,221.10,23753,1,9.833,
spanner,221.11,23754,1,10.719,
spanner,221.12,23755,1,8.642,
spanner,221.13,23756,1,10.850,
spanner,221.14,23757,1,10.589,
spanner,221.15,23758,1,10.496,
spanner,221.16,23759,1,9.194,
spanner,221.17,23760,1,9.338,
spanner,221.18,23761,1,9.604,
spanner,221.19,23762,1,10.753,
spanner,221.20,23763,1,11.395,
spanner,221.21,23764,1,11.605,
spanner,221.22,23765,1,9.479,
spanner,221.23,23766,1,8.602,
spanner,221.24,23767,1,7.273,
spanner,221.24,23768,1,6.791,
spanner,221.25,23769,1,6.546,
spanner,221.26,23770,1,6.654,
spanner,221.26,23771,1,6.893,
spanner,221.27,23772,1,6.957,
spanner,221.28,23773,1,6.987,
spanner,221.29,23774,1,7.277,
spanner,221.29,23775,1,7.716,
spanner,221.30,23776,1,9.588,
spanner,221.31,23777,1,10.072,
spanner,221.32,23778,1,10.509,
spanner,221.33,23779,1,9.438,
spanner,221.34,23780,1,8.648,
spanner,221.35,23781,1,9.070,
spanner,221.36,23782,1,9.018,
spanner,221.37,23783,1,6.490,
spanner,221.37,23784,1,7.035,
spanner,221.38,23785,1,6.561,
spanner,221.39,23786,1,8.542,
spanner,221.40,23787,1,8.295,
spanner,221.40,23788,1,7.528,
spanner,221.41,23789,1,6.481,
spanner,221.42,23790,1,6.753,
spanner,221.43,23791,1,7.031,
spanner,221.43,23792,1,6.928,
spanner,221.44,23793,1,8.398,
spanner,221.45,23794,1,6.704,
spanner,221.45,23795,1,6.549,
spanner,221.46,23796,1,7.776,
spanner,221.47,23797,1,7.356,
spanner,221.48,23798,1,6.982,
spanner,221.48,23799,1,8.165,
spanner,221.49,23800,1,7.527,
spanner,221.50,23801,1,7.355,
spanner,221.51,23802,1,9.654,
spanner,221.52,23803,1,11.471,
spanner,221.53,23804,1,10.932,
spanner,221.54,23805,1,8.575,
spanner,221.55,23806,1,7.413,
spanner,221.55,23807,1,7.274,
spanner,221.56,23808,1,7.425,
spanner,221.57,23809,1,6.988,
spanner,221.58,23810,1,6.984,
spanner,221.58,23811,1,7.100,
spanner,221.59,23812,1,7.068,
spanner,221.60,23813,1,6.978,
spanner,221.60,23814,1,7.891,
spanner,221.61,23815,1,7.526,
spanner,221.62,23816,1,7.410,
spanner,221.63,23817,1,8.226,
spanner,221.64,23818,1,9.662,
spanner,221.65,23819,1,12.094,
spanner,221.66,23820,1,8.991,
spanner,221.67,23821,1,9.257,
spanner,221.68,23822,1,10.575,
spanner,221.69,23823,1,8.193,
spanner,221.69,23824,1,9.181,
spanner,221.70,23825,1,11.710,
spanner,221.72,23826,1,22.071,
spanner,221.74,23827,1,14.852,
spanner,221.75,23828,1,9.504,
spanner,221.76,23829,1,85.497,
spanner,221.85,23830,1,12.411,
spanner,221.86,23831,1,87.137,
spanner,221.95,23832,1,12.848,
spanner,221.96,23833,1,95.121,
spanner,222.06,23834,1,90.554,
spanner,222.15,23835,1,13.606,
spanner,222.16,23836,1,82.675,
spanner,222.24,23837,1,13.707,
spanner,222.26,23838,1,97.791,
spanner,222.35,23839,1,93.723,
spanner,222.45,23840,1,17.675,
spanner,222.47,23841,1,89.703,
spanner,222.56,23842,1,95.094,
spanner,222.65,23843,1,94.197,
spanner,222.74,23844,1,17.246,
spanner,222.76,23845,1,76.257,
spanner,222.84,23846,1,17.471,
spanner,222.86,23847,1,83.312,
spanner,222.94,23848,1,18.016,
spanner,222.96,23849,1,90.095,
spanner,223.05,23850,1,11.062,
spanner,223.06,23851,1,72.057,
spanner,223.13,23852,1,15.598,
spanner,223.15,23853,1,9.705,
spanner,223.16,23854,1,12.899,
spanner,223.17,23855,1,74.161,
spanner,223.24,23856,1,10.859,
spanner,223.25,23857,1,9.396,
spanner,223.26,23858,1,16.086,
spanner,223.28,23859,1,9.689,
spanner,223.29,23860,1,9.418,
spanner,223.30,23861,1,41.538,
spanner,223.34,23862,1,14.265,
spanner,223.36,23863,1,16.730,
spanner,223.37,23864,1,19.227,
spanner,223.39,23865,1,10.883,
spanner,223.40,23866,1,10.182,
spanner,223.41,23867,1,10.053,
spanner,223.42,23868,1,9.802,
spanner,223.43,23869,1,10.537,
spanner,223.44,23870,1,10.233,
spanner,223.45,23871,1,9.972,
spanner,223.46,23872,1,16.663,
spanner,223.48,23873,1,15.679,
spanner,223.50,23874,1,10.682,
spanner,223.51,23875,1,9.894,
spanner,223.52,23876,1,10.127,
spanner,223.53,23877,1,12.680,
spanner,223.54,23878,1,14.420,
spanner,223.55,23879,1,17.761,
spanner,223.57,23880,1,19.864,
spanner,223.59,23881,1,10.258,
spanner,223.60,23882,1,11.123,
spanner,223.61,23883,1,10.495,
spanner,223.62,23884,1,9.954,
spanner,223.63,23885,1,9.827,
spanner,223.64,23886,1,10.302,
spanner,223.65,23887,1,11.074,
spanner,223.66,23888,1,13.420,
spanner,223.68,23889,1,12.917,
spanner,223.69,23890,1,11.232,
spanner,223.70,23891,1,11.128,
spanner,223.71,23892,1,10.421,
spanner,223.72,23893,1,11.330,
spanner,223.74,23894,1,12.526,
spanner,223.75,23895,1,11.507,
spanner,223.76,23896,1,11.629,
spanner,223.77,23897,1,13.714,
spanner,223.78,23898,1,11.649,
spanner,223.80,23899,1,12.361,
spanner,223.81,23900,1,11.340,
spanner,223.82,23901,1,11.058,
spanner,223.83,23902,1,11.183,
spanner,223.84,23903,1,12.210,
spanner,223.85,23904,1,14.727,
spanner,223.87,23905,1,12.620,
spanner,223.88,23906,1,12.064,
spanner,223.89,23907,1,11.481,
spanner,223.91,23908,1,10.437,
spanner,223.92,23909,1,9.549,
spanner,223.93,23910,1,11.035,
spanner,223.94,23911,1,11.870,
spanner,223.95,23912,1,12.349,
spanner,223.96,23913,1,12.214,
spanner,223.97,23914,1,11.747,
spanner,223.99,23915,1,11.908,
spanner,224.00,23916,1,10.581,
spanner,224.01,23917,1,11.148,
spanner,224.02,23918,1,15.080,
spanner,224.03,23919,1,14.297,
spanner,224.05,23920,1,14.914,
spanner,224.06,23921,1,14.862,
spanner,224.08,23922,1,11.328,
spanner,224.09,23923,1,11.015,
spanner,224.10,23924,1,11.345,
spanner,224.11,23925,1,11.113,
spanner,224.12,23926,1,9.917,
spanner,224.13,23927,1,11.937,
spanner,224.15,23928,1,14.284,
spanner,224.16,23929,1,13.751,
spanner,224.17,23930,1,11.168,
spanner,224.18,23931,1,11.123,
spanner,224.20,23932,1,9.971,
spanner,224.21,23933,1,11.829,
spanner,224.22,23934,1,12.435,
spanner,224.23,23935,1,13.473,
spanner,224.24,23936,1,12.147,
spanner,224.26,23937,1,14.101,
spanner,224.27,23938,1,13.866,
spanner,224.28,23939,1,12.537,
spanner,224.30,23940,1,14.211,
spanner,224.31,23941,1,17.609,
spanner,224.33,23942,1,16.347,
spanner,224.34,23943,1,17.534,
spanner,224.36,23944,1,15.925,
spanner,224.38,23945,1,15.946,
spanner,224.39,23946,1,15.096,
spanner,224.41,23947,1,14.997,
spanner,224.42,23948,1,12.249,
spanner,224.44,23949,1,14.644,
spanner,224.45,23950,1,13.385,
spanner,224.46,23951,1,13.221,
spanner,224.48,23952,1,14.369,
spanner,224.49,23953,1,17.038,
spanner,224.51,23954,1,16.069,
spanner,224.53,23955,1,15.344,
spanner,224.54,23956,1,15.613,
spanner,224.56,23957,1,15.994,
spanner,224.57,23958,1,16.525,
spanner,224.59,23959,1,16.372,
spanner,224.61,23960,1,16.341,
spanner,224.62,23961,1,16.491,
spanner,224.64,23962,1,16.426,
spanner,224.66,23963,1,18.191,
spanner,224.67,23964,1,18.426,
spanner,224.69,23965,1,18.341,
spanner,224.71,23966,1,14.727,
spanner,224.73,23967,1,11.892,
spanner,224.74,23968,1,10.088,
spanner,224.75,23969,1,8.131,
spanner,224.76,23970,1,6.779,
spanner,224.76,23971,1,6.381,
spanner,224.77,23972,1,6.019,
spanner,224.77,23973,1,5.859,
spanner,224.78,23974,1,7.296,
spanner,224.79,23975,1,7.495,
spanner,224.80,23976,1,7.633,
spanner,224.80,23977,1,7.453,
spanner,224.81,23978,1,6.610,
spanner,224.82,23979,1,7.447,
spanner,224.82,23980,1,7.848,
spanner,224.83,23981,1,8.220,
spanner,224.84,23982,1,8.965,
spanner,224.85,23983,1,9.057,
spanner,224.86,23984,1,10.896,
spanner,224.87,23985,1,7.277,
spanner,224.88,23986,1,11.173,
spanner,224.89,23987,1,7.758,
spanner,224.90,23988,1,7.114,
spanner,224.90,23989,1,8.357,
spanner,224.91,23990,1,10.828,
spanner,224.92,23991,1,11.360,
spanner,224.93,23992,1,10.921,
spanner,224.94,23993,1,10.325,
spanner,224.96,23994,1,11.485,
spanner,224.97,23995,1,10.040,
spanner,224.98,23996,1,7.466,
spanner,224.98,23997,1,6.787,
spanner,224.99,23998,1,6.578,
spanner,225.00,23999,1,6.404,
spanner,225.00,24000,1,6.376,
spanner,225.01,24001,1,6.456,
spanner,225.02,24002,1,6.645,
spanner,225.02,24003,1,7.595,
spanner,225.03,24004,1,7.019,
spanner,225.04,24005,1,6.748,
spanner,225.05,24006,1,6.398,
spanner,225.05,24007,1,6.909,
spanner,225.06,24008,1,6.780,
spanner,225.07,24009,1,7.452,
spanner,225.07,24010,1,7.847,
spanner,225.08,24011,1,7.247,
spanner,225.09,24012,1,6.679,
spanner,225.09,24013,1,10.205,
spanner,225.10,24014,1,8.846,
spanner,225.11,24015,1,8.579,
spanner,225.12,24016,1,8.390,
spanner,225.13,24017,1,7.095,
spanner,225.14,24018,1,8.900,
spanner,225.15,24019,1,10.467,
spanner,225.16,24020,1,9.828,
spanner,225.17,24021,1,8.564,
spanner,225.18,24022,1,9.040,
spanner,225.18,24023,1,8.189,
spanner,225.19,24024,1,7.314,
spanner,225.20,24025,1,6.652,
spanner,225.21,24026,1,7.270,
spanner,225.21,24027,1,6.737,
spanner,225.22,24028,1,5.855,
spanner,225.23,24029,1,6.330,
spanner,225.23,24030,1,6.769,
spanner,225.24,24031,1,7.340,
spanner,225.25,24032,1,9.523,
spanner,225.26,24033,1,7.645,
spanner,225.26,24034,1,6.873,
spanner,225.27,24035,1,6.363,
spanner,225.28,24036,1,5.836,
spanner,225.28,24037,1,6.580,
spanner,225.29,24038,1,6.834,
spanner,225.30,24039,1,7.167,
spanner,225.30,24040,1,6.570,
spanner,225.31,24041,1,6.543,
spanner,225.32,24042,1,7.500,
spanner,225.33,24043,1,7.382,
spanner,225.33,24044,1,6.970,
spanner,225.34,24045,1,6.738,
spanner,225.35,24046,1,6.620,
spanner,225.35,24047,1,5.907,
spanner,225.36,24048,1,5.839,
spanner,225.37,24049,1,7.098,
spanner,225.37,24050,1,7.487,
spanner,225.38,24051,1,8.490,
spanner,225.39,24052,1,8.059,
spanner,225.40,24053,1,7.708,
spanner,225.40,24054,1,6.496,
spanner,225.41,24055,1,8.381,
spanner,225.42,24056,1,8.037,
spanner,225.43,24057,1,7.711,
spanner,225.43,24058,1,7.335,
spanner,225.44,24059,1,6.172,
spanner,225.45,24060,1,6.087,
spanner,225.45,24061,1,13.646,
spanner,225.47,24062,1,9.025,
spanner,225.48,24063,1,9.495,
spanner,225.49,24064,1,8.992,
spanner,225.50,24065,1,8.217,
spanner,225.50,24066,1,7.389,
spanner,225.51,24067,1,7.397,
spanner,225.52,24068,1,8.017,
spanner,225.53,24069,1,10.094,
spanner,225.54,24070,1,10.310,
spanner,225.55,24071,1,8.904,
spanner,225.56,24072,1,8.659,
spanner,225.57,24073,1,7.854,
spanner,225.57,24074,1,9.962,
spanner,225.58,24075,1,10.857,
spanner,225.59,24076,1,9.199,
spanner,225.60,24077,1,9.381,
spanner,225.61,24078,1,9.217,
spanner,225.62,24079,1,8.797,
spanner,225.63,24080,1,8.884,
spanner,225.64,24081,1,9.518,
spanner,225.65,24082,1,9.620,
spanner,225.66,24083,1,10.826,
spanner,225.67,24084,1,11.892,
spanner,225.68,24085,1,11.369,
spanner,225.69,24086,1,12.041,
spanner,225.71,24087,1,11.606,
spanner,225.72,24088,1,6.914,
spanner,225.72,24089,1,6.894,
spanner,225.73,24090,1,7.189,
spanner,225.74,24091,1,8.119,
spanner,225.75,24092,1,8.511,
spanner,225.75,24093,1,7.894,
spanner,225.76,24094,1,7.079,
spanner,225.77,24095,1,6.976,
spanner,225.78,24096,1,7.371,
spanner,225.78,24097,1,8.312,
spanner,225.79,24098,1,9.395,
spanner,225.80,24099,1,8.993,
spanner,225.81,24100,1,8.303,
spanner,225.82,24101,1,9.142,
spanner,225.83,24102,1,10.355,
spanner,225.84,24103,1,10.089,
spanner,225.85,24104,1,14.042,
spanner,225.86,24105,1,8.503,
spanner,225.87,24106,1,7.288,
spanner,225.88,24107,1,7.286,
spanner,225.89,24108,1,7.803,
spanner,225.89,24109,1,9.902,
spanner,225.90,24110,1,10.997,
spanner,225.91,24111,1,8.841,
spanner,225.92,24112,1,9.010,
spanner,225.93,24113,1,8.718,
spanner,225.94,24114,1,8.005,
spanner,225.95,24115,1,8.800,
spanner,225.96,24116,1,9.416,
spanner,225.97,24117,1,9.148,
spanner,225.98,24118,1,10.831,
spanner,225.99,24119,1,9.771,
spanner,226.00,24120,1,10.482,
spanner,226.01,24121,1,11.311,
spanner,226.02,24122,1,9.582,
spanner,226.03,24123,1,8.805,
spanner,226.04,24124,1,9.164,
spanner,226.05,24125,1,7.989,
spanner,226.06,24126,1,7.897,
spanner,226.06,24127,1,8.032,
spanner,226.07,24128,1,7.818,
spanner,226.08,24129,1,7.372,
spanner,226.09,24130,1,7.823,
spanner,226.09,24131,1,10.381,
spanner,226.10,24132,1,11.000,
spanner,226.12,24133,1,12.874,
spanner,226.13,24134,1,12.218,
spanner,226.14,24135,1,11.960,
spanner,226.15,24136,1,11.006,
spanner,226.16,24137,1,12.586,
spanner,226.18,24138,1,13.095,
spanner,226.19,24139,1,13.785,
spanner,226.20,24140,1,12.960,
spanner,226.22,24141,1,11.928,
spanner,226.23,24142,1,9.115,
spanner,226.24,24143,1,11.906,
spanner,226.25,24144,1,8.205,
spanner,226.26,24145,1,9.016,
spanner,226.27,24146,1,15.174,
spanner,226.28,24147,1,10.398,
spanner,226.29,24148,1,10.136,
spanner,226.30,24149,1,10.947,
spanner,226.31,24150,1,8.746,
spanner,226.32,24151,1,7.775,
spanner,226.33,24152,1,9.352,
spanner,226.34,24153,1,9.407,
spanner,226.35,24154,1,9.540,
spanner,226.36,24155,1,9.074,
spanner,226.37,24156,1,10.550,
spanner,226.38,24157,1,9.123,
spanner,226.39,24158,1,8.213,
spanner,226.40,24159,1,7.524,
spanner,226.40,24160,1,8.390,
spanner,226.41,24161,1,9.832,
spanner,226.42,24162,1,11.078,
spanner,226.43,24163,1,9.789,
spanner,226.44,24164,1,7.970,
spanner,226.45,24165,1,9.326,
spanner,226.46,24166,1,12.468,
spanner,226.47,24167,1,12.286,
spanner,226.48,24168,1,12.418,
spanner,226.50,24169,1,13.109,
spanner,226.51,24170,1,9.685,
spanner,226.52,24171,1,8.490,
spanner,226.53,24172,1,8.876,
spanner,226.54,24173,1,8.999,
spanner,226.55,24174,1,9.909,
spanner,226.56,24175,1,10.325,
spanner,226.57,24176,1,11.913,
spanner,226.58,24177,1,10.437,
spanner,226.59,24178,1,9.518,
spanner,226.60,24179,1,8.788,
spanner,226.61,24180,1,8.202,
spanner,226.62,24181,1,8.600,
spanner,226.62,24182,1,9.459,
spanner,226.63,24183,1,7.730,
spanner,226.64,24184,1,10.075,
spanner,226.65,24185,1,9.975,
spanner,226.66,24186,1,9.128,
spanner,226.67,24187,1,8.565,
spanner,226.68,24188,1,8.094,
spanner,226.69,24189,1,8.712,
spanner,226.70,24190,1,8.882,
spanner,226.71,24191,1,10.286,
spanner,226.72,24192,1,9.344,
spanner,226.73,24193,1,8.809,
spanner,226.73,24194,1,8.758,
spanner,226.74,24195,1,8.924,
spanner,226.75,24196,1,8.281,
spanner,226.76,24197,1,9.148,
spanner,226.77,24198,1,10.209,
spanner,226.78,24199,1,12.379,
spanner,226.79,24200,1,12.376,
spanner,226.80,24201,1,13.004,
spanner,226.82,24202,1,11.477,
spanner,226.83,24203,1,11.472,
spanner,226.84,24204,1,12.651,
spanner,226.85,24205,1,11.964,
spanner,226.87,24206,1,10.782,
spanner,226.88,24207,1,9.194,
spanner,226.89,24208,1,8.767,
spanner,226.89,24209,1,11.646,
spanner,226.91,24210,1,10.354,
spanner,226.92,24211,1,8.470,
spanner,226.92,24212,1,6.767,
spanner,226.93,24213,1,7.241,
spanner,226.94,24214,1,7.500,
spanner,226.95,24215,1,7.165,
spanner,226.95,24216,1,9.125,
spanner,226.96,24217,1,6.434,
spanner,226.97,24218,1,7.047,
spanner,226.98,24219,1,8.366,
spanner,226.98,24220,1,11.069,
spanner,227.00,24221,1,9.520,
spanner,227.01,24222,1,9.975,
spanner,227.02,24223,1,12.508,
spanner,227.03,24224,1,10.274,
spanner,227.04,24225,1,9.906,
spanner,227.05,24226,1,8.171,
spanner,227.06,24227,1,6.982,
spanner,227.06,24228,1,6.874,
spanner,227.07,24229,1,6.355,
spanner,227.08,24230,1,6.510,
spanner,227.08,24231,1,7.252,
spanner,227.09,24232,1,8.220,
spanner,227.10,24233,1,8.719,
spanner,227.11,24234,1,10.258,
spanner,227.12,24235,1,11.150,
spanner,227.13,24236,1,10.862,
spanner,227.14,24237,1,11.544,
spanner,227.15,24238,1,11.020,
spanner,227.16,24239,1,12.013,
spanner,227.17,24240,1,9.279,
spanner,227.18,24241,1,7.457,
spanner,227.19,24242,1,8.546,
spanner,227.20,24243,1,6.376,
spanner,227.21,24244,1,7.760,
spanner,227.21,24245,1,8.598,
spanner,227.22,24246,1,6.991,
spanner,227.23,24247,1,6.829,
spanner,227.24,24248,1,7.155,
spanner,227.24,24249,1,6.556,
spanner,227.25,24250,1,6.841,
spanner,227.26,24251,1,6.994,
spanner,227.26,24252,1,9.620,
spanner,227.27,24253,1,9.150,
spanner,227.28,24254,1,9.235,
spanner,227.29,24255,1,7.096,
spanner,227.30,24256,1,6.711,
spanner,227.31,24257,1,6.895,
spanner,227.31,24258,1,8.887,
spanner,227.32,24259,1,9.941,
spanner,227.33,24260,1,10.463,
spanner,227.34,24261,1,13.596,
spanner,227.36,24262,1,9.135,
spanner,227.37,24263,1,9.715,
spanner,227.38,24264,1,10.342,
spanner,227.39,24265,1,9.598,
spanner,227.40,24266,1,9.528,
spanner,227.40,24267,1,10.355,
spanner,227.42,24268,1,9.630,
spanner,227.42,24269,1,9.818,
spanner,227.43,24270,1,8.063,
spanner,227.44,24271,1,8.799,
spanner,227.45,24272,1,6.638,
spanner,227.46,24273,1,8.650,
spanner,227.47,24274,1,7.747,
spanner,227.47,24275,1,7.063,
spanner,227.48,24276,1,6.927,
spanner,227.49,24277,1,8.180,
spanner,227.50,24278,1,9.135,
spanner,227.51,24279,1,8.270,
spanner,227.51,24280,1,8.628,
spanner,227.52,24281,1,7.185,
spanner,227.53,24282,1,8.995,
spanner,227.54,24283,1,10.152,
spanner,227.55,24284,1,7.782,
spanner,227.56,24285,1,6.530,
spanner,227.56,24286,1,8.643,
spanner,227.57,24287,1,9.438,
spanner,227.58,24288,1,8.097,
spanner,227.59,24289,1,8.158,
spanner,227.60,24290,1,9.194,
spanner,227.61,24291,1,8.258,
spanner,227.62,24292,1,11.566,
spanner,227.63,24293,1,16.120,
spanner,227.64,24294,1,8.750,
spanner,227.65,24295,1,8.238,
spanner,227.66,24296,1,8.806,
spanner,227.67,24297,1,7.664,
spanner,227.68,24298,1,6.905,
spanner,227.68,24299,1,6.964,
spanner,227.69,24300,1,7.440,
spanner,227.70,24301,1,7.546,
spanner,227.71,24302,1,8.685,
spanner,227.71,24303,1,7.799,
spanner,227.72,24304,1,8.628,
spanner,227.73,24305,1,7.964,
spanner,227.74,24306,1,7.652,
spanner,227.75,24307,1,7.380,
spanner,227.75,24308,1,7.656,
spanner,227.76,24309,1,8.415,
spanner,227.77,24310,1,9.020,
spanner,227.78,24311,1,8.538,
spanner,227.79,24312,1,9.977,
spanner,227.80,24313,1,8.921,
spanner,227.81,24314,1,7.722,
spanner,227.81,24315,1,7.371,
spanner,227.82,24316,1,7.186,
spanner,227.83,24317,1,7.309,
spanner,227.84,24318,1,9.537,
spanner,227.85,24319,1,8.378,
spanner,227.85,24320,1,9.556,
spanner,227.86,24321,1,9.951,
spanner,227.87,24322,1,13.504,
spanner,227.89,24323,1,12.545,
spanner,227.90,24324,1,10.331,
spanner,227.91,24325,1,12.524,
spanner,227.92,24326,1,10.267,
spanner,227.93,24327,1,11.527,
spanner,227.95,24328,1,10.606,
spanner,227.96,24329,1,7.842,
spanner,227.96,24330,1,7.613,
spanner,227.97,24331,1,7.756,
spanner,227.98,24332,1,9.239,
spanner,227.99,24333,1,7.971,
spanner,228.00,24334,1,7.248,
spanner,228.00,24335,1,6.894,
spanner,228.01,24336,1,6.537,
spanner,228.02,24337,1,6.722,
spanner,228.02,24338,1,6.498,
spanner,228.03,24339,1,8.017,
spanner,228.04,24340,1,9.992,
spanner,228.05,24341,1,9.598,
spanner,228.06,24342,1,9.238,
spanner,228.07,24343,1,8.284,
spanner,228.08,24344,1,7.518,
spanner,228.08,24345,1,7.435,
spanner,228.09,24346,1,7.541,
spanner,228.10,24347,1,8.111,
spanner,228.11,24348,1,8.375,
spanner,228.12,24349,1,8.057,
spanner,228.12,24350,1,7.511,
spanner,228.13,24351,1,6.939,
spanner,228.14,24352,1,7.314,
spanner,228.15,24353,1,7.673,
spanner,228.15,24354,1,8.591,
spanner,228.16,24355,1,7.681,
spanner,228.17,24356,1,8.563,
spanner,228.18,24357,1,9.728,
spanner,228.19,24358,1,9.525,
spanner,228.20,24359,1,8.673,
spanner,228.21,24360,1,8.120,
spanner,228.21,24361,1,8.558,
spanner,228.22,24362,1,9.357,
spanner,228.23,24363,1,11.266,
spanner,228.24,24364,1,10.008,
spanner,228.25,24365,1,10.507,
spanner,228.26,24366,1,9.593,
spanner,228.27,24367,1,8.723,
spanner,228.28,24368,1,9.758,
spanner,228.29,24369,1,10.173,
spanner,228.30,24370,1,11.406,
spanner,228.31,24371,1,9.008,
spanner,228.32,24372,1,8.487,
spanner,228.33,24373,1,8.202,
spanner,228.34,24374,1,7.494,
spanner,228.35,24375,1,7.487,
spanner,228.35,24376,1,9.443,
spanner,228.36,24377,1,8.961,
spanner,228.37,24378,1,8.197,
spanner,228.38,24379,1,7.601,
spanner,228.39,24380,1,7.818,
spanner,228.40,24381,1,9.192,
spanner,228.41,24382,1,11.117,
spanner,228.42,24383,1,11.138,
spanner,228.43,24384,1,12.640,
spanner,228.44,24385,1,12.446,
spanner,228.45,24386,1,12.474,
spanner,228.47,24387,1,9.392,
spanner,228.48,24388,1,9.849,
spanner,228.49,24389,1,11.189,
spanner,228.50,24390,1,11.285,
spanner,228.51,24391,1,9.646,
spanner,228.52,24392,1,10.689,
spanner,228.53,24393,1,11.324,
spanner,228.54,24394,1,9.878,
spanner,228.55,24395,1,9.732,
spanner,228.56,24396,1,11.813,
spanner,228.57,24397,1,11.470,
spanner,228.58,24398,1,10.831,
spanner,228.59,24399,1,11.706,
spanner,228.61,24400,1,13.520,
spanner,228.62,24401,1,11.313,
spanner,228.63,24402,1,10.158,
spanner,228.64,24403,1,10.081,
spanner,228.65,24404,1,10.383,
spanner,228.66,24405,1,9.720,
spanner,228.67,24406,1,11.061,
spanner,228.68,24407,1,12.449,
spanner,228.69,24408,1,12.179,
spanner,228.71,24409,1,11.977,
spanner,228.72,24410,1,10.879,
spanner,228.73,24411,1,10.765,
spanner,228.74,24412,1,12.604,
spanner,228.75,24413,1,10.881,
spanner,228.76,24414,1,9.824,
spanner,228.77,24415,1,10.654,
spanner,228.78,24416,1,10.289,
spanner,228.79,24417,1,9.500,
spanner,228.80,24418,1,8.762,
spanner,228.81,24419,1,8.698,
spanner,228.82,24420,1,10.564,
spanner,228.83,24421,1,11.292,
spanner,228.84,24422,1,11.460,
spanner,228.86,24423,1,9.782,
spanner,228.86,24424,1,8.828,
spanner,228.87,24425,1,8.715,
spanner,228.88,24426,1,8.982,
spanner,228.89,24427,1,9.106,
spanner,228.90,24428,1,8.472,
spanner,228.91,24429,1,9.704,
spanner,228.92,24430,1,11.175,
spanner,228.93,24431,1,12.432,
spanner,228.94,24432,1,9.557,
spanner,228.95,24433,1,6.990,
spanner,228.96,24434,1,7.599,
spanner,228.97,24435,1,7.964,
spanner,228.97,24436,1,9.345,
spanner,228.98,24437,1,9.948,
spanner,228.99,24438,1,10.094,
spanner,229.00,24439,1,8.814,
spanner,229.01,24440,1,7.304,
spanner,229.02,24441,1,6.952,
spanner,229.03,24442,1,6.950,
spanner,229.03,24443,1,7.050,
spanner,229.04,24444,1,6.027,
spanner,229.05,24445,1,6.029,
spanner,229.05,24446,1,6.262,
spanner,229.06,24447,1,9.304,
spanner,229.07,24448,1,8.676,
spanner,229.08,24449,1,7.883,
spanner,229.09,24450,1,6.690,
spanner,229.09,24451,1,6.842,
spanner,229.10,24452,1,7.558,
spanner,229.11,24453,1,7.999,
spanner,229.12,24454,1,8.916,
spanner,229.12,24455,1,8.288,
spanner,229.13,24456,1,6.782,
spanner,229.14,24457,1,6.646,
spanner,229.15,24458,1,6.120,
spanner,229.15,24459,1,5.961,
spanner,229.16,24460,1,5.917,
spanner,229.16,24461,1,5.864,
spanner,229.17,24462,1,6.234,
spanner,229.18,24463,1,6.897,
spanner,229.18,24464,1,5.652,
spanner,229.19,24465,1,5.839,
spanner,229.19,24466,1,6.236,
spanner,229.20,24467,1,6.184,
spanner,229.21,24468,1,6.832,
spanner,229.21,24469,1,7.505,
spanner,229.22,24470,1,7.293,
spanner,229.23,24471,1,5.880,
spanner,229.23,24472,1,5.905,
spanner,229.24,24473,1,5.924,
spanner,229.25,24474,1,7.012,
spanner,229.25,24475,1,6.806,
spanner,229.26,24476,1,8.231,
spanner,229.27,24477,1,7.271,
spanner,229.28,24478,1,7.726,
spanner,229.28,24479,1,10.591,
spanner,229.29,24480,1,7.886,
spanner,229.30,24481,1,6.187,
spanner,229.31,24482,1,8.111,
spanner,229.32,24483,1,6.313,
spanner,229.32,24484,1,6.705,
spanner,229.33,24485,1,5.981,
spanner,229.34,24486,1,6.076,
spanner,229.34,24487,1,6.219,
spanner,229.35,24488,1,5.841,
spanner,229.35,24489,1,5.565,
spanner,229.36,24490,1,5.829,
spanner,229.37,24491,1,5.991,
spanner,229.37,24492,1,6.199,
spanner,229.38,24493,1,7.332,
spanner,229.38,24494,1,9.859,
spanner,229.39,24495,1,7.389,
spanner,229.40,24496,1,7.516,
spanner,229.41,24497,1,6.407,
spanner,229.42,24498,1,6.682,
spanner,229.42,24499,1,8.958,
spanner,229.43,24500,1,11.373,
spanner,229.44,24501,1,11.988,
spanner,229.46,24502,1,13.341,
spanner,229.47,24503,1,12.000,
spanner,229.48,24504,1,10.699,
spanner,229.49,24505,1,8.138,
spanner,229.50,24506,1,8.436,
spanner,229.51,24507,1,7.379,
spanner,229.52,24508,1,7.857,
spanner,229.52,24509,1,14.861,
spanner,229.54,24510,1,6.732,
spanner,229.54,24511,1,7.016,
spanner,229.55,24512,1,8.398,
spanner,229.56,24513,1,7.802,
spanner,229.57,24514,1,8.265,
spanner,229.58,24515,1,10.182,
spanner,229.59,24516,1,10.391,
spanner,229.60,24517,1,9.357,
spanner,229.61,24518,1,9.808,
spanner,229.62,24519,1,9.755,
spanner,229.63,24520,1,8.052,
spanner,229.63,24521,1,8.224,
spanner,229.64,24522,1,10.107,
spanner,229.65,24523,1,7.417,
spanner,229.66,24524,1,7.165,
spanner,229.67,24525,1,6.923,
spanner,229.67,24526,1,6.694,
spanner,229.68,24527,1,7.267,
spanner,229.69,24528,1,8.195,
spanner,229.70,24529,1,7.946,
spanner,229.70,24530,1,7.556,
spanner,229.71,24531,1,6.748,
spanner,229.72,24532,1,7.169,
spanner,229.73,24533,1,8.099,
spanner,229.73,24534,1,8.997,
spanner,229.74,24535,1,8.352,
spanner,229.75,24536,1,7.242,
spanner,229.76,24537,1,7.517,
spanner,229.77,24538,1,7.952,
spanner,229.77,24539,1,7.451,
spanner,229.78,24540,1,7.429,
spanner,229.79,24541,1,8.011,
spanner,229.80,24542,1,9.188,
spanner,229.81,24543,1,7.729,
spanner,229.81,24544,1,6.537,
spanner,229.82,24545,1,6.470,
spanner,229.83,24546,1,6.872,
spanner,229.83,24547,1,6.793,
spanner,229.84,24548,1,8.806,
spanner,229.85,24549,1,8.990,
spanner,229.86,24550,1,10.709,
spanner,229.87,24551,1,11.036,
spanner,229.88,24552,1,11.105,
spanner,229.89,24553,1,10.398,
spanner,229.90,24554,1,10.339,
spanner,229.91,24555,1,8.233,
spanner,229.92,24556,1,9.197,
spanner,229.93,24557,1,7.982,
spanner,229.94,24558,1,8.554,
spanner,229.95,24559,1,8.529,
spanner,229.96,24560,1,9.867,
spanner,229.97,24561,1,10.510,
spanner,229.98,24562,1,9.616,
spanner,229.99,24563,1,7.748,
spanner,229.99,24564,1,9.065,
spanner,230.00,24565,1,12.272,
spanner,230.01,24566,1,12.403,
spanner,230.03,24567,1,10.834,
spanner,230.04,24568,1,9.613,
spanner,230.05,24569,1,7.494,
spanner,230.06,24570,1,8.993,
spanner,230.06,24571,1,11.097,
spanner,230.08,24572,1,9.978,
spanner,230.09,24573,1,8.180,
spanner,230.09,24574,1,7.527,
spanner,230.10,24575,1,10.739,
spanner,230.11,24576,1,10.137,
spanner,230.12,24577,1,8.191,
spanner,230.13,24578,1,7.342,
spanner,230.14,24579,1,8.736,
spanner,230.15,24580,1,10.800,
spanner,230.16,24581,1,10.838,
spanner,230.17,24582,1,11.925,
spanner,230.18,24583,1,9.781,
spanner,230.19,24584,1,9.436,
spanner,230.20,24585,1,8.942,
spanner,230.21,24586,1,9.806,
spanner,230.22,24587,1,8.697,
spanner,230.23,24588,1,7.913,
spanner,230.24,24589,1,8.376,
spanner,230.24,24590,1,9.407,
spanner,230.25,24591,1,12.945,
spanner,230.27,24592,1,8.852,
spanner,230.27,24593,1,9.407,
spanner,230.28,24594,1,7.527,
spanner,230.29,24595,1,8.088,
spanner,230.30,24596,1,8.057,
spanner,230.31,24597,1,8.031,
spanner,230.32,24598,1,8.194,
spanner,230.32,24599,1,9.064,
spanner,230.33,24600,1,8.751,
spanner,230.34,24601,1,10.652,
spanner,230.35,24602,1,9.951,
spanner,230.36,24603,1,10.428,
spanner,230.37,24604,1,10.645,
spanner,230.38,24605,1,11.843,
spanner,230.40,24606,1,10.714,
spanner,230.41,24607,1,11.376,
spanner,230.42,24608,1,10.885,
spanner,230.43,24609,1,10.678,
spanner,230.44,24610,1,9.647,
spanner,230.45,24611,1,9.759,
spanner,230.46,24612,1,11.427,
spanner,230.47,24613,1,11.384,
spanner,230.48,24614,1,10.311,
spanner,230.49,24615,1,9.259,
spanner,230.50,24616,1,8.863,
spanner,230.51,24617,1,9.273,
spanner,230.52,24618,1,10.807,
spanner,230.53,24619,1,12.141,
spanner,230.54,24620,1,11.501,
spanner,230.55,24621,1,10.719,
spanner,230.57,24622,1,13.990,
spanner,230.58,24623,1,12.729,
spanner,230.59,24624,1,13.118,
spanner,230.61,24625,1,11.599,
spanner,230.62,24626,1,10.987,
spanner,230.63,24627,1,12.197,
spanner,230.64,24628,1,13.367,
spanner,230.65,24629,1,10.355,
spanner,230.66,24630,1,9.363,
spanner,230.67,24631,1,11.894,
spanner,230.69,24632,1,13.360,
spanner,230.70,24633,1,13.868,
spanner,230.71,24634,1,12.137,
spanner,230.72,24635,1,10.544,
spanner,230.74,24636,1,8.930,
spanner,230.74,24637,1,8.906,
spanner,230.75,24638,1,8.410,
spanner,230.76,24639,1,9.020,
spanner,230.77,24640,1,12.698,
spanner,230.78,24641,1,13.322,
spanner,230.80,24642,1,13.238,
spanner,230.81,24643,1,8.882,
spanner,230.82,24644,1,9.100,
spanner,230.83,24645,1,8.965,
spanner,230.84,24646,1,8.171,
spanner,230.85,24647,1,8.883,
spanner,230.85,24648,1,10.442,
spanner,230.86,24649,1,11.328,
spanner,230.88,24650,1,11.595,
spanner,230.89,24651,1,9.735,
spanner,230.90,24652,1,9.113,
spanner,230.91,24653,1,11.084,
spanner,230.92,24654,1,11.317,
spanner,230.93,24655,1,9.334,
spanner,230.94,24656,1,10.061,
spanner,230.95,24657,1,11.404,
spanner,230.96,24658,1,8.544,
spanner,230.97,24659,1,7.082,
spanner,230.98,24660,1,8.535,
spanner,230.98,24661,1,9.008,
spanner,230.99,24662,1,12.012,
spanner,231.01,24663,1,31.645,
spanner,231.04,24664,1,13.318,
spanner,231.05,24665,1,12.983,
spanner,231.06,24666,1,10.465,
spanner,231.07,24667,1,7.359,
spanner,231.08,24668,1,6.855,
spanner,231.09,24669,1,6.730,
spanner,231.10,24670,1,6.580,
spanner,231.10,24671,1,7.552,
spanner,231.11,24672,1,7.888,
spanner,231.12,24673,1,6.493,
spanner,231.12,24674,1,8.220,
spanner,231.13,24675,1,9.528,
spanner,231.14,24676,1,8.391,
spanner,231.15,24677,1,10.082,
spanner,231.16,24678,1,8.641,
spanner,231.17,24679,1,6.639,
spanner,231.18,24680,1,5.912,
spanner,231.18,24681,1,6.429,
spanner,231.19,24682,1,9.579,
spanner,231.20,24683,1,10.771,
spanner,231.21,24684,1,12.500,
spanner,231.22,24685,1,11.384,
spanner,231.23,24686,1,10.946,
spanner,231.24,24687,1,11.874,
spanner,231.26,24688,1,11.114,
spanner,231.27,24689,1,9.045,
spanner,231.28,24690,1,7.148,
spanner,231.28,24691,1,7.762,
spanner,231.29,24692,1,8.691,
spanner,231.30,24693,1,8.615,
spanner,231.31,24694,1,10.039,
spanner,231.32,24695,1,8.850,
spanner,231.33,24696,1,7.789,
spanner,231.33,24697,1,9.185,
spanner,231.34,24698,1,9.114,
spanner,231.35,24699,1,8.540,
spanner,231.36,24700,1,9.232,
spanner,231.37,24701,1,8.994,
spanner,231.38,24702,1,11.956,
spanner,231.39,24703,1,11.839,
spanner,231.40,24704,1,11.767,
spanner,231.42,24705,1,11.618,
spanner,231.43,24706,1,11.676,
spanner,231.44,24707,1,10.559,
spanner,231.45,24708,1,12.174,
spanner,231.46,24709,1,10.335,
spanner,231.47,24710,1,7.865,
spanner,231.48,24711,1,9.373,
spanner,231.49,24712,1,6.897,
spanner,231.50,24713,1,6.703,
spanner,231.50,24714,1,6.898,
spanner,231.51,24715,1,7.097,
spanner,231.52,24716,1,7.523,
spanner,231.52,24717,1,7.781,
spanner,231.53,24718,1,7.329,
spanner,231.54,24719,1,7.041,
spanner,231.55,24720,1,8.184,
spanner,231.56,24721,1,7.167,
spanner,231.56,24722,1,7.399,
spanner,231.57,24723,1,6.914,
spanner,231.58,24724,1,7.196,
spanner,231.58,24725,1,6.275,
spanner,231.59,24726,1,6.669,
spanner,231.60,24727,1,6.790,
spanner,231.60,24728,1,6.701,
spanner,231.61,24729,1,7.049,
spanner,231.62,24730,1,8.644,
spanner,231.63,24731,1,9.424,
spanner,231.64,24732,1,9.170,
spanner,231.64,24733,1,9.068,
spanner,231.65,24734,1,8.690,
spanner,231.66,24735,1,8.046,
spanner,231.67,24736,1,7.481,
spanner,231.68,24737,1,8.864,
spanner,231.69,24738,1,8.880,
spanner,231.70,24739,1,7.672,
spanner,231.70,24740,1,11.883,
spanner,231.72,24741,1,7.502,
spanner,231.72,24742,1,7.412,
spanner,231.73,24743,1,6.749,
spanner,231.74,24744,1,7.321,
spanner,231.74,24745,1,7.612,
spanner,231.75,24746,1,10.713,
spanner,231.76,24747,1,10.472,
spanner,231.77,24748,1,7.592,
spanner,231.78,24749,1,9.155,
spanner,231.79,24750,1,12.991,
spanner,231.80,24751,1,12.608,
spanner,231.82,24752,1,11.992,
spanner,231.83,24753,1,12.681,
spanner,231.84,24754,1,11.544,
spanner,231.85,24755,1,11.752,
spanner,231.86,24756,1,11.904,
spanner,231.88,24757,1,18.037,
spanner,231.89,24758,1,23.576,
spanner,231.92,24759,1,7.640,
spanner,231.93,24760,1,7.543,
spanner,231.93,24761,1,7.996,
spanner,231.94,24762,1,8.970,
spanner,231.95,24763,1,16.730,
spanner,231.97,24764,1,8.766,
spanner,231.98,24765,1,8.837,
spanner,231.98,24766,1,7.744,
spanner,231.99,24767,1,7.867,
spanner,232.00,24768,1,7.251,
spanner,232.01,24769,1,6.778,
spanner,232.01,24770,1,6.714,
spanner,232.02,24771,1,7.057,
spanner,232.03,24772,1,9.510,
spanner,232.04,24773,1,8.699,
spanner,232.05,24774,1,14.844,
spanner,232.06,24775,1,11.134,
spanner,232.07,24776,1,8.194,
spanner,232.08,24777,1,9.265,
spanner,232.09,24778,1,7.400,
spanner,232.10,24779,1,7.035,
spanner,232.10,24780,1,8.473,
spanner,232.11,24781,1,8.035,
spanner,232.12,24782,1,7.710,
spanner,232.13,24783,1,9.593,
spanner,232.14,24784,1,9.036,
spanner,232.15,24785,1,12.466,
spanner,232.16,24786,1,8.316,
spanner,232.17,24787,1,8.745,
spanner,232.18,24788,1,9.036,
spanner,232.19,24789,1,9.069,
spanner,232.20,24790,1,9.324,
spanner,232.20,24791,1,9.560,
spanner,232.21,24792,1,8.716,
spanner,232.22,24793,1,8.277,
spanner,232.23,24794,1,7.878,
spanner,232.24,24795,1,8.697,
spanner,232.25,24796,1,9.943,
spanner,232.26,24797,1,9.409,
spanner,232.27,24798,1,9.439,
spanner,232.28,24799,1,9.119,
spanner,232.29,24800,1,8.315,
spanner,232.29,24801,1,8.707,
spanner,232.30,24802,1,9.663,
spanner,232.31,24803,1,7.816,
spanner,232.32,24804,1,7.977,
spanner,232.33,24805,1,10.255,
spanner,232.34,24806,1,10.086,
spanner,232.35,24807,1,10.734,
spanner,232.36,24808,1,10.157,
spanner,232.37,24809,1,11.779,
spanner,232.38,24810,1,11.318,
spanner,232.39,24811,1,12.773,
spanner,232.41,24812,1,10.944,
spanner,232.42,24813,1,9.004,
spanner,232.43,24814,1,8.042,
spanner,232.43,24815,1,8.213,
spanner,232.44,24816,1,8.704,
spanner,232.45,24817,1,9.612,
spanner,232.46,24818,1,9.372,
spanner,232.47,24819,1,12.059,
spanner,232.48,24820,1,10.555,
spanner,232.49,24821,1,10.927,
spanner,232.50,24822,1,10.069,
spanner,232.51,24823,1,11.682,
spanner,232.53,24824,1,11.569,
spanner,232.54,24825,1,12.800,
spanner,232.55,24826,1,12.950,
spanner,232.56,24827,1,13.113,
spanner,232.58,24828,1,12.832,
spanner,232.59,24829,1,12.844,
spanner,232.60,24830,1,13.378,
spanner,232.62,24831,1,12.748,
spanner,232.63,24832,1,12.721,
spanner,232.64,24833,1,12.714,
spanner,232.65,24834,1,12.485,
spanner,232.67,24835,1,10.113,
spanner,232.68,24836,1,8.940,
spanner,232.69,24837,1,8.643,
spanner,232.69,24838,1,8.399,
spanner,232.70,24839,1,9.784,
spanner,232.71,24840,1,8.673,
spanner,232.72,24841,1,8.482,
spanner,232.73,24842,1,9.817,
spanner,232.74,24843,1,8.714,
spanner,232.75,24844,1,8.788,
spanner,232.76,24845,1,10.526,
spanner,232.77,24846,1,11.821,
spanner,232.78,24847,1,12.522,
spanner,232.79,24848,1,12.869,
spanner,232.80,24849,1,13.927,
spanner,232.82,24850,1,13.218,
spanner,232.83,24851,1,13.359,
spanner,232.85,24852,1,13.524,
spanner,232.86,24853,1,14.128,
spanner,232.87,24854,1,12.980,
spanner,232.89,24855,1,11.317,
spanner,232.90,24856,1,10.917,
spanner,232.91,24857,1,10.741,
spanner,232.92,24858,1,10.715,
spanner,232.93,24859,1,11.122,
spanner,232.94,24860,1,12.100,
spanner,232.95,24861,1,12.715,
spanner,232.97,24862,1,7.999,
spanner,232.97,24863,1,8.077,
spanner,232.98,24864,1,6.667,
spanner,232.99,24865,1,6.047,
spanner,233.00,24866,1,6.087,
spanner,233.00,24867,1,6.957,
spanner,233.01,24868,1,6.175,
spanner,233.01,24869,1,8.243,
spanner,233.02,24870,1,10.402,
spanner,233.03,24871,1,9.558,
spanner,233.04,24872,1,10.259,
spanner,233.05,24873,1,10.195,
spanner,233.06,24874,1,8.849,
spanner,233.07,24875,1,9.359,
spanner,233.08,24876,1,11.087,
spanner,233.09,24877,1,7.244,
spanner,233.10,24878,1,7.386,
spanner,233.11,24879,1,7.241,
spanner,233.11,24880,1,8.699,
spanner,233.12,24881,1,8.037,
spanner,233.13,24882,1,7.557,
spanner,233.14,24883,1,6.868,
spanner,233.15,24884,1,7.182,
spanner,233.15,24885,1,6.194,
spanner,233.16,24886,1,6.760,
spanner,233.17,24887,1,6.437,
spanner,233.17,24888,1,6.497,
spanner,233.18,24889,1,6.193,
spanner,233.19,24890,1,6.506,
spanner,233.19,24891,1,6.230,
spanner,233.20,24892,1,6.384,
spanner,233.20,24893,1,7.780,
spanner,233.21,24894,1,10.103,
spanner,233.22,24895,1,11.448,
spanner,233.23,24896,1,7.895,
spanner,233.24,24897,1,6.715,
spanner,233.25,24898,1,7.524,
spanner,233.26,24899,1,6.828,
spanner,233.26,24900,1,6.251,
spanner,233.27,24901,1,5.747,
spanner,233.28,24902,1,6.115,
spanner,233.28,24903,1,7.864,
spanner,233.29,24904,1,6.943,
spanner,233.30,24905,1,7.269,
spanner,233.30,24906,1,7.086,
spanner,233.31,24907,1,6.281,
spanner,233.32,24908,1,6.666,
spanner,233.32,24909,1,8.210,
spanner,233.33,24910,1,10.271,
spanner,233.34,24911,1,8.662,
spanner,233.35,24912,1,8.634,
spanner,233.36,24913,1,7.518,
spanner,233.37,24914,1,7.209,
spanner,233.37,24915,1,7.350,
spanner,233.38,24916,1,7.074,
spanner,233.39,24917,1,6.827,
spanner,233.40,24918,1,6.595,
spanner,233.40,24919,1,5.861,
spanner,233.41,24920,1,5.761,
spanner,233.41,24921,1,7.483,
spanner,233.42,24922,1,6.914,
spanner,233.43,24923,1,6.224,
spanner,233.43,24924,1,6.653,
spanner,233.44,24925,1,6.675,
spanner,233.45,24926,1,5.872,
spanner,233.45,24927,1,6.805,
spanner,233.46,24928,1,7.256,
spanner,233.47,24929,1,7.620,
spanner,233.48,24930,1,6.487,
spanner,233.48,24931,1,6.856,
spanner,233.49,24932,1,5.910,
spanner,233.49,24933,1,6.405,
spanner,233.50,24934,1,7.650,
spanner,233.51,24935,1,6.970,
spanner,233.52,24936,1,7.279,
spanner,233.52,24937,1,8.360,
spanner,233.53,24938,1,8.790,
spanner,233.54,24939,1,8.980,
spanner,233.55,24940,1,8.217,
spanner,233.56,24941,1,7.737,
spanner,233.57,24942,1,6.493,
spanner,233.57,24943,1,7.494,
spanner,233.58,24944,1,8.079,
spanner,233.59,24945,1,7.549,
spanner,233.60,24946,1,7.049,
spanner,233.60,24947,1,7.372,
spanner,233.61,24948,1,8.034,
spanner,233.62,24949,1,7.074,
spanner,233.62,24950,1,6.426,
spanner,233.63,24951,1,6.438,
spanner,233.64,24952,1,7.629,
spanner,233.65,24953,1,7.366,
spanner,233.65,24954,1,6.326,
spanner,233.66,24955,1,6.580,
spanner,233.67,24956,1,6.862,
spanner,233.67,24957,1,8.012,
spanner,233.68,24958,1,8.751,
spanner,233.69,24959,1,7.043,
spanner,233.70,24960,1,7.582,
spanner,233.70,24961,1,8.377,
spanner,233.71,24962,1,8.105,
spanner,233.72,24963,1,8.183,
spanner,233.73,24964,1,7.985,
spanner,233.74,24965,1,7.742,
spanner,233.74,24966,1,7.885,
spanner,233.75,24967,1,7.006,
spanner,233.76,24968,1,7.999,
spanner,233.77,24969,1,7.947,
spanner,233.78,24970,1,7.877,
spanner,233.78,24971,1,9.086,
spanner,233.79,24972,1,10.715,
spanner,233.80,24973,1,7.960,
spanner,233.81,24974,1,7.559,
spanner,233.82,24975,1,6.673,
spanner,233.83,24976,1,6.828,
spanner,233.83,24977,1,8.184,
spanner,233.84,24978,1,8.537,
spanner,233.85,24979,1,8.917,
spanner,233.86,24980,1,8.025,
spanner,233.87,24981,1,9.193,
spanner,233.88,24982,1,12.763,
spanner,233.89,24983,1,6.967,
spanner,233.90,24984,1,6.836,
spanner,233.90,24985,1,8.055,
spanner,233.91,24986,1,7.719,
spanner,233.92,24987,1,8.682,
spanner,233.93,24988,1,9.975,
spanner,233.94,24989,1,9.490,
spanner,233.95,24990,1,8.306,
spanner,233.95,24991,1,11.020,
spanner,233.97,24992,1,9.379,
spanner,233.98,24993,1,8.626,
spanner,233.98,24994,1,7.422,
spanner,233.99,24995,1,7.335,
spanner,234.00,24996,1,9.296,
spanner,234.01,24997,1,8.352,
spanner,234.02,24998,1,7.934,
spanner,234.02,24999,1,7.213,
spanner,234.03,25000,1,6.887,
spanner,234.04,25001,1,8.301,
spanner,234.05,25002,1,9.654,
spanner,234.06,25003,1,10.018,
spanner,234.07,25004,1,9.290,
spanner,234.08,25005,1,8.496,
spanner,234.08,25006,1,8.525,
spanner,234.09,25007,1,8.505,
spanner,234.10,25008,1,8.395,
spanner,234.11,25009,1,8.681,
spanner,234.12,25010,1,9.272,
spanner,234.13,25011,1,9.237,
spanner,234.14,25012,1,8.779,
spanner,234.15,25013,1,8.847,
spanner,234.15,25014,1,10.963,
spanner,234.17,25015,1,9.287,
spanner,234.18,25016,1,10.388,
spanner,234.19,25017,1,10.745,
spanner,234.20,25018,1,8.648,
spanner,234.21,25019,1,8.783,
spanner,234.21,25020,1,9.497,
spanner,234.22,25021,1,10.825,
spanner,234.23,25022,1,9.339,
spanner,234.24,25023,1,8.385,
spanner,234.25,25024,1,8.049,
spanner,234.26,25025,1,7.683,
spanner,234.27,25026,1,8.284,
spanner,234.28,25027,1,9.231,
spanner,234.29,25028,1,8.539,
spanner,234.29,25029,1,8.681,
spanner,234.30,25030,1,10.155,
spanner,234.31,25031,1,9.418,
spanner,234.32,25032,1,7.720,
spanner,234.33,25033,1,7.969,
spanner,234.34,25034,1,9.068,
spanner,234.35,25035,1,9.606,
spanner,234.36,25036,1,10.005,
spanner,234.37,25037,1,12.859,
spanner,234.38,25038,1,12.607,
spanner,234.39,25039,1,12.382,
spanner,234.41,25040,1,11.402,
spanner,234.42,25041,1,11.162,
spanner,234.43,25042,1,10.812,
spanner,234.44,25043,1,9.647,
spanner,234.45,25044,1,10.121,
spanner,234.46,25045,1,9.720,
spanner,234.47,25046,1,9.406,
spanner,234.48,25047,1,10.785,
spanner,234.49,25048,1,9.689,
spanner,234.50,25049,1,8.521,
spanner,234.51,25050,1,9.492,
spanner,234.52,25051,1,8.942,
spanner,234.53,25052,1,7.609,
spanner,234.53,25053,1,10.662,
spanner,234.54,25054,1,9.807,
spanner,234.55,25055,1,11.626,
spanner,234.57,25056,1,13.569,
spanner,234.58,25057,1,12.551,
spanner,234.59,25058,1,10.610,
spanner,234.60,25059,1,12.276,
spanner,234.61,25060,1,13.114,
spanner,234.63,25061,1,12.162,
spanner,234.64,25062,1,10.845,
spanner,234.65,25063,1,9.788,
spanner,234.66,25064,1,11.297,
spanner,234.67,25065,1,10.509,
spanner,234.68,25066,1,8.820,
spanner,234.69,25067,1,8.614,
spanner,234.70,25068,1,10.332,
spanner,234.71,25069,1,10.895,
spanner,234.72,25070,1,12.506,
spanner,234.73,25071,1,11.327,
spanner,234.74,25072,1,9.365,
spanner,234.75,25073,1,10.327,
spanner,234.76,25074,1,11.505,
spanner,234.78,25075,1,14.056,
spanner,234.79,25076,1,13.481,
spanner,234.80,25077,1,9.898,
spanner,234.81,25078,1,11.953,
spanner,234.83,25079,1,11.625,
spanner,234.84,25080,1,11.096,
spanner,234.85,25081,1,12.978,
spanner,234.86,25082,1,14.160,
spanner,234.88,25083,1,13.289,
spanner,234.89,25084,1,14.446,
spanner,234.90,25085,1,14.223,
spanner,234.92,25086,1,12.561,
spanner,234.93,25087,1,12.099,
spanner,234.94,25088,1,10.518,
spanner,234.95,25089,1,12.358,
spanner,234.97,25090,1,10.524,
spanner,234.98,25091,1,8.731,
spanner,234.99,25092,1,6.642,
spanner,234.99,25093,1,7.671,
spanner,235.00,25094,1,6.611,
spanner,235.01,25095,1,6.315,
spanner,235.01,25096,1,7.165,
spanner,235.02,25097,1,7.613,
spanner,235.03,25098,1,8.310,
spanner,235.04,25099,1,7.701,
spanner,235.04,25100,1,8.970,
spanner,235.05,25101,1,8.301,
spanner,235.06,25102,1,10.408,
spanner,235.07,25103,1,11.174,
spanner,235.08,25104,1,11.334,
spanner,235.09,25105,1,10.750,
spanner,235.10,25106,1,9.153,
spanner,235.11,25107,1,8.165,
spanner,235.12,25108,1,8.419,
spanner,235.13,25109,1,8.982,
spanner,235.14,25110,1,9.565,
spanner,235.15,25111,1,8.571,
spanner,235.16,25112,1,8.619,
spanner,235.17,25113,1,9.567,
spanner,235.18,25114,1,9.746,
spanner,235.19,25115,1,7.133,
spanner,235.19,25116,1,6.857,
spanner,235.20,25117,1,6.256,
spanner,235.21,25118,1,7.793,
spanner,235.21,25119,1,6.586,
spanner,235.22,25120,1,6.386,
spanner,235.23,25121,1,7.272,
spanner,235.23,25122,1,7.686,
spanner,235.24,25123,1,6.549,
spanner,235.25,25124,1,5.814,
spanner,235.25,25125,1,7.063,
spanner,235.26,25126,1,8.043,
spanner,235.27,25127,1,8.623,
spanner,235.28,25128,1,8.359,
spanner,235.29,25129,1,7.534,
spanner,235.29,25130,1,7.703,
spanner,235.30,25131,1,8.679,
spanner,235.31,25132,1,10.610,
spanner,235.32,25133,1,7.085,
spanner,235.33,25134,1,8.789,
spanner,235.34,25135,1,10.409,
spanner,235.35,25136,1,9.666,
spanner,235.36,25137,1,9.700,
spanner,235.37,25138,1,9.577,
spanner,235.38,25139,1,8.098,
spanner,235.38,25140,1,7.714,
spanner,235.39,25141,1,6.561,
spanner,235.40,25142,1,7.258,
spanner,235.41,25143,1,8.411,
spanner,235.41,25144,1,8.639,
spanner,235.42,25145,1,9.891,
spanner,235.43,25146,1,10.554,
spanner,235.44,25147,1,8.866,
spanner,235.45,25148,1,8.240,
spanner,235.46,25149,1,7.600,
spanner,235.47,25150,1,7.014,
spanner,235.48,25151,1,7.286,
spanner,235.48,25152,1,6.629,
spanner,235.49,25153,1,7.126,
spanner,235.50,25154,1,7.504,
spanner,235.50,25155,1,6.869,
spanner,235.51,25156,1,6.841,
spanner,235.52,25157,1,6.906,
spanner,235.53,25158,1,6.460,
spanner,235.53,25159,1,6.345,
spanner,235.54,25160,1,6.913,
spanner,235.54,25161,1,6.485,
spanner,235.55,25162,1,6.853,
spanner,235.56,25163,1,7.477,
spanner,235.57,25164,1,6.694,
spanner,235.57,25165,1,6.130,
spanner,235.58,25166,1,6.914,
spanner,235.59,25167,1,6.818,
spanner,235.59,25168,1,6.311,
spanner,235.60,25169,1,6.654,
spanner,235.61,25170,1,6.891,
spanner,235.61,25171,1,6.419,
spanner,235.62,25172,1,7.269,
spanner,235.63,25173,1,6.729,
spanner,235.63,25174,1,6.555,
spanner,235.64,25175,1,7.946,
spanner,235.65,25176,1,11.485,
spanner,235.66,25177,1,10.588,
spanner,235.67,25178,1,8.670,
spanner,235.68,25179,1,9.663,
spanner,235.69,25180,1,7.558,
spanner,235.70,25181,1,6.877,
spanner,235.70,25182,1,8.698,
spanner,235.71,25183,1,8.432,
spanner,235.72,25184,1,7.648,
spanner,235.73,25185,1,7.328,
spanner,235.73,25186,1,7.459,
spanner,235.74,25187,1,7.415,
spanner,235.75,25188,1,7.252,
spanner,235.76,25189,1,7.631,
spanner,235.76,25190,1,7.239,
spanner,235.77,25191,1,6.777,
spanner,235.78,25192,1,7.832,
spanner,235.79,25193,1,7.775,
spanner,235.79,25194,1,7.207,
spanner,235.80,25195,1,7.712,
spanner,235.81,25196,1,8.840,
spanner,235.82,25197,1,8.513,
spanner,235.83,25198,1,8.073,
spanner,235.83,25199,1,9.503,
spanner,235.84,25200,1,7.948,
spanner,235.85,25201,1,9.004,
spanner,235.86,25202,1,8.957,
spanner,235.87,25203,1,6.870,
spanner,235.88,25204,1,6.634,
spanner,235.88,25205,1,7.538,
spanner,235.89,25206,1,7.317,
spanner,235.90,25207,1,7.760,
spanner,235.91,25208,1,8.219,
spanner,235.91,25209,1,7.421,
spanner,235.92,25210,1,10.276,
spanner,235.93,25211,1,9.411,
spanner,235.94,25212,1,10.738,
spanner,235.95,25213,1,10.535,
spanner,235.96,25214,1,10.880,
spanner,235.97,25215,1,12.138,
spanner,235.99,25216,1,9.130,
spanner,236.00,25217,1,9.983,
spanner,236.01,25218,1,9.240,
spanner,236.02,25219,1,12.060,
spanner,236.03,25220,1,10.630,
spanner,236.04,25221,1,8.357,
spanner,236.05,25222,1,9.231,
spanner,236.06,25223,1,8.626,
spanner,236.06,25224,1,8.474,
spanner,236.07,25225,1,10.448,
spanner,236.08,25226,1,11.971,
spanner,236.10,25227,1,12.038,
spanner,236.11,25228,1,11.503,
spanner,236.12,25229,1,12.452,
spanner,236.13,25230,1,11.727,
spanner,236.14,25231,1,12.125,
spanner,236.16,25232,1,10.496,
spanner,236.17,25233,1,10.024,
spanner,236.18,25234,1,9.410,
spanner,236.19,25235,1,9.870,
spanner,236.20,25236,1,9.346,
spanner,236.20,25237,1,11.962,
spanner,236.22,25238,1,11.381,
spanner,236.23,25239,1,10.613,
spanner,236.24,25240,1,12.011,
spanner,236.25,25241,1,12.393,
spanner,236.26,25242,1,9.219,
spanner,236.27,25243,1,9.431,
spanner,236.28,25244,1,8.098,
spanner,236.29,25245,1,8.056,
spanner,236.30,25246,1,8.004,
spanner,236.31,25247,1,7.721,
spanner,236.31,25248,1,8.477,
spanner,236.32,25249,1,9.113,
spanner,236.33,25250,1,10.898,
spanner,236.34,25251,1,9.284,
spanner,236.35,25252,1,8.387,
spanner,236.36,25253,1,7.923,
spanner,236.37,25254,1,9.004,
spanner,236.38,25255,1,9.889,
spanner,236.39,25256,1,12.122,
spanner,236.40,25257,1,13.137,
spanner,236.41,25258,1,10.161,
spanner,236.42,25259,1,8.818,
spanner,236.43,25260,1,8.188,
spanner,236.44,25261,1,8.002,
spanner,236.45,25262,1,9.319,
spanner,236.46,25263,1,11.662,
spanner,236.47,25264,1,13.067,
spanner,236.48,25265,1,13.066,
spanner,236.50,25266,1,12.246,
spanner,236.51,25267,1,10.887,
spanner,236.52,25268,1,10.539,
spanner,236.53,25269,1,10.322,
spanner,236.54,25270,1,9.879,
spanner,236.55,25271,1,11.192,
spanner,236.56,25272,1,12.796,
spanner,236.57,25273,1,11.436,
spanner,236.58,25274,1,9.438,
spanner,236.59,25275,1,10.683,
spanner,236.60,25276,1,11.551,
spanner,236.62,25277,1,11.939,
spanner,236.63,25278,1,15.355,
spanner,236.64,25279,1,16.041,
spanner,236.66,25280,1,9.011,
spanner,236.67,25281,1,8.365,
spanner,236.68,25282,1,9.013,
spanner,236.69,25283,1,9.011,
spanner,236.70,25284,1,9.350,
spanner,236.70,25285,1,9.934,
spanner,236.71,25286,1,10.130,
spanner,236.73,25287,1,10.079,
spanner,236.74,25288,1,9.223,
spanner,236.74,25289,1,9.334,
spanner,236.75,25290,1,6.871,
spanner,236.76,25291,1,6.918,
spanner,236.77,25292,1,6.551,
spanner,236.77,25293,1,6.995,
spanner,236.78,25294,1,8.648,
spanner,236.79,25295,1,8.329,
spanner,236.80,25296,1,10.227,
spanner,236.81,25297,1,11.784,
spanner,236.82,25298,1,11.202,
spanner,236.83,25299,1,11.042,
spanner,236.84,25300,1,12.344,
spanner,236.86,25301,1,13.502,
spanner,236.87,25302,1,11.923,
spanner,236.88,25303,1,9.874,
spanner,236.89,25304,1,6.726,
spanner,236.90,25305,1,6.938,
spanner,236.90,25306,1,6.344,
spanner,236.91,25307,1,7.386,
spanner,236.92,25308,1,6.545,
spanner,236.92,25309,1,6.803,
spanner,236.93,25310,1,7.947,
spanner,236.94,25311,1,8.343,
spanner,236.95,25312,1,7.529,
spanner,236.96,25313,1,10.244,
spanner,236.97,25314,1,8.325,
spanner,236.97,25315,1,6.660,
spanner,236.98,25316,1,6.802,
spanner,236.99,25317,1,7.083,
spanner,236.99,25318,1,6.384,
spanner,237.00,25319,1,5.751,
spanner,237.01,25320,1,5.701,
spanner,237.01,25321,1,5.816,
spanner,237.02,25322,1,6.377,
spanner,237.02,25323,1,7.216,
spanner,237.03,25324,1,6.234,
spanner,237.04,25325,1,7.002,
spanner,237.05,25326,1,6.721,
spanner,237.05,25327,1,6.151,
spanner,237.06,25328,1,6.807,
spanner,237.07,25329,1,6.779,
spanner,237.07,25330,1,6.670,
spanner,237.08,25331,1,7.662,
spanner,237.09,25332,1,8.921,
spanner,237.10,25333,1,11.473,
spanner,237.11,25334,1,11.841,
spanner,237.12,25335,1,8.685,
spanner,237.13,25336,1,8.024,
spanner,237.14,25337,1,8.198,
spanner,237.14,25338,1,9.184,
spanner,237.15,25339,1,7.018,
spanner,237.16,25340,1,5.891,
spanner,237.17,25341,1,6.737,
spanner,237.17,25342,1,8.276,
spanner,237.18,25343,1,7.018,
spanner,237.19,25344,1,6.035,
spanner,237.19,25345,1,5.987,
spanner,237.20,25346,1,6.012,
spanner,237.21,25347,1,6.871,
spanner,237.21,25348,1,7.100,
spanner,237.22,25349,1,7.447,
spanner,237.23,25350,1,6.529,
spanner,237.23,25351,1,6.601,
spanner,237.24,25352,1,6.639,
spanner,237.25,25353,1,7.213,
spanner,237.25,25354,1,8.959,
spanner,237.26,25355,1,11.759,
spanner,237.28,25356,1,9.908,
spanner,237.29,25357,1,8.324,
spanner,237.29,25358,1,8.861,
spanner,237.30,25359,1,9.889,
spanner,237.31,25360,1,11.336,
spanner,237.32,25361,1,14.171,
spanner,237.34,25362,1,10.718,
spanner,237.35,25363,1,11.645,
spanner,237.36,25364,1,12.656,
spanner,237.37,25365,1,11.716,
spanner,237.39,25366,1,10.147,
spanner,237.40,25367,1,7.984,
spanner,237.40,25368,1,10.538,
spanner,237.41,25369,1,9.227,
spanner,237.42,25370,1,8.404,
spanner,237.43,25371,1,7.695,
spanner,237.44,25372,1,8.013,
spanner,237.45,25373,1,6.923,
spanner,237.45,25374,1,6.911,
spanner,237.46,25375,1,7.270,
spanner,237.47,25376,1,7.204,
spanner,237.48,25377,1,7.227,
spanner,237.48,25378,1,7.003,
spanner,237.49,25379,1,6.363,
spanner,237.50,25380,1,6.266,
spanner,237.50,25381,1,7.797,
spanner,237.51,25382,1,9.881,
spanner,237.52,25383,1,7.781,
spanner,237.53,25384,1,6.992,
spanner,237.54,25385,1,6.909,
spanner,237.54,25386,1,7.339,
spanner,237.55,25387,1,7.036,
spanner,237.56,25388,1,6.959,
spanner,237.56,25389,1,7.062,
spanner,237.57,25390,1,6.595,
spanner,237.58,25391,1,6.590,
spanner,237.58,25392,1,6.632,
spanner,237.59,25393,1,7.353,
spanner,237.60,25394,1,7.221,
spanner,237.61,25395,1,7.293,
spanner,237.61,25396,1,6.755,
spanner,237.62,25397,1,6.638,
spanner,237.63,25398,1,6.543,
spanner,237.63,25399,1,6.234,
spanner,237.64,25400,1,7.221,
spanner,237.65,25401,1,7.650,
spanner,237.65,25402,1,9.327,
spanner,237.66,25403,1,6.763,
spanner,237.67,25404,1,6.628,
spanner,237.68,25405,1,6.453,
spanner,237.68,25406,1,6.391,
spanner,237.69,25407,1,6.798,
spanner,237.70,25408,1,6.734,
spanner,237.70,25409,1,7.476,
spanner,237.71,25410,1,7.000,
spanner,237.72,25411,1,7.313,
spanner,237.72,25412,1,7.475,
spanner,237.73,25413,1,7.384,
spanner,237.74,25414,1,6.750,
spanner,237.75,25415,1,6.907,
spanner,237.75,25416,1,6.677,
spanner,237.76,25417,1,6.733,
spanner,237.77,25418,1,6.505,
spanner,237.77,25419,1,6.964,
spanner,237.78,25420,1,6.706,
spanner,237.79,25421,1,7.531,
spanner,237.79,25422,1,8.837,
spanner,237.80,25423,1,7.508,
spanner,237.81,25424,1,7.732,
spanner,237.82,25425,1,7.892,
spanner,237.83,25426,1,6.842,
spanner,237.83,25427,1,7.394,
spanner,237.84,25428,1,9.075,
spanner,237.85,25429,1,9.692,
spanner,237.86,25430,1,11.357,
spanner,237.87,25431,1,11.381,
spanner,237.88,25432,1,10.766,
spanner,237.89,25433,1,9.821,
spanner,237.90,25434,1,9.890,
spanner,237.91,25435,1,9.684,
spanner,237.92,25436,1,9.263,
spanner,237.93,25437,1,9.607,
spanner,237.94,25438,1,9.561,
spanner,237.95,25439,1,10.514,
spanner,237.96,25440,1,10.645,
spanner,237.97,25441,1,12.969,
spanner,237.99,25442,1,10.456,
spanner,238.00,25443,1,7.836,
spanner,238.00,25444,1,7.361,
spanner,238.01,25445,1,7.859,
spanner,238.02,25446,1,7.906,
spanner,238.03,25447,1,7.429,
spanner,238.03,25448,1,11.524,
spanner,238.05,25449,1,12.055,
spanner,238.06,25450,1,9.756,
spanner,238.07,25451,1,9.284,
spanner,238.08,25452,1,10.038,
spanner,238.09,25453,1,10.085,
spanner,238.10,25454,1,11.653,
spanner,238.11,25455,1,12.067,
spanner,238.12,25456,1,11.280,
spanner,238.13,25457,1,10.590,
spanner,238.14,25458,1,9.734,
spanner,238.15,25459,1,8.931,
spanner,238.16,25460,1,10.194,
spanner,238.17,25461,1,9.877,
spanner,238.18,25462,1,10.038,
spanner,238.19,25463,1,9.669,
spanner,238.20,25464,1,9.706,
spanner,238.21,25465,1,9.187,
spanner,238.22,25466,1,9.121,
spanner,238.23,25467,1,7.401,
spanner,238.24,25468,1,7.678,
spanner,238.25,25469,1,8.257,
spanner,238.25,25470,1,8.524,
spanner,238.26,25471,1,10.202,
spanner,238.27,25472,1,9.788,
spanner,238.28,25473,1,8.610,
spanner,238.29,25474,1,7.823,
spanner,238.30,25475,1,7.603,
spanner,238.31,25476,1,7.619,
spanner,238.31,25477,1,7.750,
spanner,238.32,25478,1,9.050,
spanner,238.33,25479,1,8.749,
spanner,238.34,25480,1,8.564,
spanner,238.35,25481,1,8.692,
spanner,238.36,25482,1,9.940,
spanner,238.37,25483,1,8.609,
spanner,238.38,25484,1,9.257,
spanner,238.39,25485,1,9.499,
spanner,238.39,25486,1,9.106,
spanner,238.40,25487,1,8.560,
spanner,238.41,25488,1,8.521,
spanner,238.42,25489,1,9.546,
spanner,238.43,25490,1,11.322,
spanner,238.44,25491,1,12.285,
spanner,238.45,25492,1,12.376,
spanner,238.47,25493,1,8.795,
spanner,238.48,25494,1,9.564,
spanner,238.49,25495,1,10.392,
spanner,238.50,25496,1,12.273,
spanner,238.51,25497,1,11.016,
spanner,238.52,25498,1,13.359,
spanner,238.53,25499,1,12.129,
spanner,238.54,25500,1,13.023,
spanner,238.56,25501,1,13.535,
spanner,238.57,25502,1,12.965,
spanner,238.58,25503,1,11.367,
spanner,238.60,25504,1,10.800,
spanner,238.61,25505,1,11.338,
spanner,238.62,25506,1,13.154,
spanner,238.63,25507,1,14.121,
spanner,238.65,25508,1,12.237,
spanner,238.66,25509,1,9.216,
spanner,238.67,25510,1,8.871,
spanner,238.68,25511,1,8.551,
spanner,238.68,25512,1,6.640,
spanner,238.69,25513,1,6.728,
spanner,238.70,25514,1,7.409,
spanner,238.70,25515,1,7.767,
spanner,238.71,25516,1,6.242,
spanner,238.72,25517,1,6.083,
spanner,238.73,25518,1,6.486,
spanner,238.73,25519,1,6.174,
spanner,238.74,25520,1,5.936,
spanner,238.74,25521,1,7.541,
spanner,238.75,25522,1,7.049,
spanner,238.76,25523,1,7.065,
spanner,238.77,25524,1,6.013,
spanner,238.77,25525,1,6.121,
spanner,238.78,25526,1,6.095,
spanner,238.78,25527,1,7.626,
spanner,238.79,25528,1,8.258,
spanner,238.80,25529,1,9.113,
spanner,238.81,25530,1,7.949,
spanner,238.82,25531,1,7.916,
spanner,238.82,25532,1,7.282,
spanner,238.83,25533,1,8.701,
spanner,238.84,25534,1,9.800,
spanner,238.85,25535,1,7.923,
spanner,238.86,25536,1,6.306,
spanner,238.87,25537,1,7.118,
spanner,238.87,25538,1,7.073,
spanner,238.88,25539,1,6.485,
spanner,238.89,25540,1,7.704,
spanner,238.89,25541,1,7.998,
spanner,238.90,25542,1,9.353,
spanner,238.91,25543,1,7.726,
spanner,238.92,25544,1,10.676,
spanner,238.93,25545,1,11.092,
spanner,238.94,25546,1,8.211,
spanner,238.95,25547,1,8.414,
spanner,238.96,25548,1,7.305,
spanner,238.96,25549,1,6.901,
spanner,238.97,25550,1,6.580,
spanner,238.98,25551,1,6.623,
spanner,238.98,25552,1,8.846,
spanner,238.99,25553,1,10.764,
spanner,239.00,25554,1,11.318,
spanner,239.02,25555,1,9.541,
spanner,239.03,25556,1,8.156,
spanner,239.03,25557,1,7.865,
spanner,239.04,25558,1,5.976,
spanner,239.05,25559,1,6.490,
spanner,239.05,25560,1,6.645,
spanner,239.06,25561,1,6.851,
spanner,239.07,25562,1,7.029,
spanner,239.07,25563,1,7.147,
spanner,239.08,25564,1,6.401,
spanner,239.09,25565,1,6.521,
spanner,239.09,25566,1,7.940,
spanner,239.10,25567,1,7.668,
spanner,239.11,25568,1,6.292,
spanner,239.12,25569,1,6.967,
spanner,239.12,25570,1,8.193,
spanner,239.13,25571,1,7.387,
spanner,239.14,25572,1,6.357,
spanner,239.15,25573,1,5.814,
spanner,239.15,25574,1,5.939,
spanner,239.16,25575,1,5.731,
spanner,239.16,25576,1,6.116,
spanner,239.17,25577,1,5.845,
spanner,239.18,25578,1,5.983,
spanner,239.18,25579,1,6.297,
spanner,239.19,25580,1,6.589,
spanner,239.19,25581,1,8.266,
spanner,239.20,25582,1,11.159,
spanner,239.21,25583,1,8.799,
spanner,239.22,25584,1,6.243,
spanner,239.23,25585,1,6.803,
spanner,239.24,25586,1,6.354,
spanner,239.24,25587,1,8.389,
spanner,239.25,25588,1,7.617,
spanner,239.26,25589,1,6.705,
spanner,239.26,25590,1,6.127,
spanner,239.27,25591,1,6.799,
spanner,239.28,25592,1,7.113,
spanner,239.29,25593,1,6.719,
spanner,239.29,25594,1,6.082,
spanner,239.30,25595,1,7.373,
spanner,239.31,25596,1,9.243,
spanner,239.31,25597,1,9.821,
spanner,239.32,25598,1,12.709,
spanner,239.34,25599,1,10.441,
spanner,239.35,25600,1,10.815,
spanner,239.36,25601,1,11.117,
spanner,239.37,25602,1,12.029,
spanner,239.38,25603,1,10.062,
spanner,239.39,25604,1,9.961,
spanner,239.40,25605,1,9.072,
spanner,239.41,25606,1,10.646,
spanner,239.42,25607,1,10.303,
spanner,239.43,25608,1,11.041,
spanner,239.44,25609,1,10.374,
spanner,239.45,25610,1,10.283,
spanner,239.46,25611,1,8.823,
spanner,239.47,25612,1,11.138,
spanner,239.48,25613,1,11.564,
spanner,239.50,25614,1,10.237,
spanner,239.51,25615,1,8.557,
spanner,239.51,25616,1,8.116,
spanner,239.52,25617,1,7.295,
spanner,239.53,25618,1,7.285,
spanner,239.54,25619,1,7.179,
spanner,239.54,25620,1,7.278,
spanner,239.55,25621,1,7.231,
spanner,239.56,25622,1,8.090,
spanner,239.57,25623,1,9.100,
spanner,239.58,25624,1,8.676,
spanner,239.58,25625,1,9.653,
spanner,239.59,25626,1,8.894,
spanner,239.60,25627,1,10.370,
spanner,239.61,25628,1,11.694,
spanner,239.63,25629,1,9.628,
spanner,239.64,25630,1,8.332,
spanner,239.64,25631,1,9.779,
spanner,239.65,25632,1,11.056,
spanner,239.66,25633,1,12.941,
spanner,239.68,25634,1,13.112,
spanner,239.69,25635,1,10.267,
spanner,239.70,25636,1,8.268,
spanner,239.71,25637,1,8.097,
spanner,239.72,25638,1,7.450,
spanner,239.72,25639,1,7.617,
spanner,239.73,25640,1,7.211,
spanner,239.74,25641,1,7.767,
spanner,239.75,25642,1,8.716,
spanner,239.76,25643,1,8.455,
spanner,239.76,25644,1,7.869,
spanner,239.77,25645,1,7.092,
spanner,239.78,25646,1,7.512,
spanner,239.79,25647,1,7.891,
spanner,239.80,25648,1,10.439,
spanner,239.81,25649,1,11.643,
spanner,239.82,25650,1,9.813,
spanner,239.83,25651,1,10.717,
spanner,239.84,25652,1,11.809,
spanner,239.85,25653,1,10.810,
spanner,239.86,25654,1,10.251,
spanner,239.87,25655,1,10.347,
spanner,239.88,25656,1,11.466,
spanner,239.89,25657,1,11.786,
spanner,239.90,25658,1,12.891,
spanner,239.92,25659,1,12.651,
spanner,239.93,25660,1,11.819,
spanner,239.94,25661,1,12.245,
spanner,239.95,25662,1,13.369,
spanner,239.97,25663,1,11.243,
spanner,239.98,25664,1,13.228,
spanner,239.99,25665,1,12.473,
spanner,240.01,25666,1,10.578,
spanner,240.02,25667,1,12.930,
spanner,240.03,25668,1,12.872,
spanner,240.04,25669,1,10.509,
spanner,240.05,25670,1,10.832,
spanner,240.06,25671,1,9.360,
spanner,240.07,25672,1,8.966,
spanner,240.08,25673,1,8.563,
spanner,240.09,25674,1,8.028,
spanner,240.10,25675,1,8.055,
spanner,240.11,25676,1,11.318,
spanner,240.12,25677,1,12.750,
spanner,240.13,25678,1,11.528,
spanner,240.14,25679,1,8.232,
spanner,240.15,25680,1,8.170,
spanner,240.16,25681,1,9.904,
spanner,240.17,25682,1,11.326,
spanner,240.18,25683,1,11.756,
spanner,240.19,25684,1,10.560,
spanner,240.20,25685,1,10.513,
spanner,240.21,25686,1,11.213,
spanner,240.22,25687,1,13.524,
spanner,240.24,25688,1,10.971,
spanner,240.25,25689,1,8.609,
spanner,240.26,25690,1,8.484,
spanner,240.27,25691,1,10.706,
spanner,240.28,25692,1,11.852,
spanner,240.29,25693,1,13.405,
spanner,240.30,25694,1,12.058,
spanner,240.31,25695,1,12.615,
spanner,240.33,25696,1,12.324,
spanner,240.34,25697,1,11.569,
spanner,240.35,25698,1,12.165,
spanner,240.36,25699,1,12.469,
spanner,240.38,25700,1,12.373,
spanner,240.39,25701,1,13.858,
spanner,240.40,25702,1,12.521,
spanner,240.41,25703,1,13.540,
spanner,240.43,25704,1,11.610,
spanner,240.44,25705,1,11.878,
spanner,240.45,25706,1,13.279,
spanner,240.46,25707,1,13.265,
spanner,240.48,25708,1,12.311,
spanner,240.49,25709,1,10.889,
spanner,240.50,25710,1,13.312,
spanner,240.51,25711,1,13.882,
spanner,240.53,25712,1,11.420,
spanner,240.54,25713,1,11.282,
spanner,240.55,25714,1,14.545,
spanner,240.57,25715,1,12.429,
spanner,240.58,25716,1,11.127,
spanner,240.59,25717,1,9.263,
spanner,240.60,25718,1,9.549,
spanner,240.61,25719,1,10.378,
spanner,240.62,25720,1,11.344,
spanner,240.63,25721,1,12.009,
spanner,240.64,25722,1,12.551,
spanner,240.65,25723,1,11.412,
spanner,240.67,25724,1,9.405,
spanner,240.68,25725,1,8.483,
spanner,240.68,25726,1,7.296,
spanner,240.69,25727,1,10.658,
spanner,240.70,25728,1,10.202,
spanner,240.71,25729,1,9.011,
spanner,240.72,25730,1,8.669,
spanner,240.73,25731,1,10.125,
spanner,240.74,25732,1,10.430,
spanner,240.75,25733,1,11.057,
spanner,240.76,25734,1,10.975,
spanner,240.77,25735,1,8.970,
spanner,240.78,25736,1,9.067,
spanner,240.79,25737,1,10.495,
spanner,240.80,25738,1,6.888,
spanner,240.81,25739,1,6.051,
spanner,240.81,25740,1,6.685,
spanner,240.82,25741,1,6.029,
spanner,240.83,25742,1,6.523,
spanner,240.83,25743,1,7.650,
spanner,240.84,25744,1,8.015,
spanner,240.85,25745,1,10.514,
spanner,240.86,25746,1,9.905,
spanner,240.87,25747,1,9.926,
spanner,240.88,25748,1,11.622,
spanner,240.89,25749,1,7.991,
spanner,240.90,25750,1,9.991,
spanner,240.91,25751,1,10.578,
spanner,240.92,25752,1,10.070,
spanner,240.93,25753,1,10.701,
spanner,240.94,25754,1,10.668,
spanner,240.95,25755,1,8.337,
spanner,240.96,25756,1,7.127,
spanner,240.97,25757,1,6.919,
spanner,240.97,25758,1,6.214,
spanner,240.98,25759,1,6.245,
spanner,240.99,25760,1,6.116,
spanner,240.99,25761,1,6.123,
spanner,241.00,25762,1,31.370,
spanner,241.03,25763,1,14.268,
spanner,241.05,25764,1,12.888,
spanner,241.06,25765,1,8.182,
spanner,241.07,25766,1,6.917,
spanner,241.07,25767,1,7.281,
spanner,241.08,25768,1,8.484,
spanner,241.09,25769,1,6.938,
spanner,241.10,25770,1,6.496,
spanner,241.10,25771,1,6.620,
spanner,241.11,25772,1,7.732,
spanner,241.12,25773,1,8.318,
spanner,241.13,25774,1,8.055,
spanner,241.13,25775,1,7.381,
spanner,241.14,25776,1,7.705,
spanner,241.15,25777,1,7.126,
spanner,241.16,25778,1,6.275,
spanner,241.16,25779,1,6.363,
spanner,241.17,25780,1,5.834,
spanner,241.17,25781,1,6.289,
spanner,241.18,25782,1,6.440,
spanner,241.19,25783,1,6.570,
spanner,241.19,25784,1,6.425,
spanner,241.20,25785,1,6.308,
spanner,241.21,25786,1,7.734,
spanner,241.21,25787,1,7.355,
spanner,241.22,25788,1,7.272,
spanner,241.23,25789,1,8.796,
spanner,241.24,25790,1,7.769,
spanner,241.25,25791,1,6.877,
spanner,241.25,25792,1,6.663,
spanner,241.26,25793,1,6.771,
spanner,241.27,25794,1,6.884,
spanner,241.27,25795,1,6.253,
spanner,241.28,25796,1,6.311,
spanner,241.29,25797,1,6.877,
spanner,241.29,25798,1,7.269,
spanner,241.30,25799,1,6.438,
spanner,241.31,25800,1,6.136,
spanner,241.31,25801,1,6.131,
spanner,241.32,25802,1,6.710,
spanner,241.33,25803,1,7.933,
spanner,241.33,25804,1,7.301,
spanner,241.34,25805,1,6.580,
spanner,241.35,25806,1,6.364,
spanner,241.35,25807,1,6.722,
spanner,241.36,25808,1,7.084,
spanner,241.37,25809,1,6.612,
spanner,241.37,25810,1,6.427,
spanner,241.38,25811,1,6.856,
spanner,241.39,25812,1,7.273,
spanner,241.39,25813,1,6.749,
spanner,241.40,25814,1,6.744,
spanner,241.41,25815,1,6.447,
spanner,241.41,25816,1,6.392,
spanner,241.42,25817,1,6.505,
spanner,241.43,25818,1,6.766,
spanner,241.43,25819,1,7.620,
spanner,241.44,25820,1,7.134,
spanner,241.45,25821,1,8.800,
spanner,241.46,25822,1,10.504,
spanner,241.47,25823,1,9.629,
spanner,241.48,25824,1,7.848,
spanner,241.49,25825,1,7.365,
spanner,241.49,25826,1,8.222,
spanner,241.50,25827,1,8.405,
spanner,241.51,25828,1,7.335,
spanner,241.52,25829,1,7.735,
spanner,241.53,25830,1,9.286,
spanner,241.53,25831,1,8.786,
spanner,241.54,25832,1,8.417,
spanner,241.55,25833,1,10.063,
spanner,241.56,25834,1,11.377,
spanner,241.57,25835,1,10.456,
spanner,241.58,25836,1,15.855,
spanner,241.60,25837,1,7.240,
spanner,241.61,25838,1,9.340,
spanner,241.62,25839,1,11.658,
spanner,241.63,25840,1,12.135,
spanner,241.64,25841,1,10.818,
spanner,241.65,25842,1,11.076,
spanner,241.66,25843,1,9.979,
spanner,241.67,25844,1,11.269,
spanner,241.68,25845,1,10.069,
spanner,241.69,25846,1,10.946,
spanner,241.70,25847,1,12.354,
spanner,241.72,25848,1,7.408,
spanner,241.72,25849,1,7.102,
spanner,241.73,25850,1,8.542,
spanner,241.74,25851,1,8.584,
spanner,241.75,25852,1,8.518,
spanner,241.76,25853,1,7.723,
spanner,241.77,25854,1,7.796,
spanner,241.77,25855,1,7.674,
spanner,241.78,25856,1,7.630,
spanner,241.79,25857,1,7.815,
spanner,241.80,25858,1,7.363,
spanner,241.80,25859,1,8.052,
spanner,241.81,25860,1,7.958,
spanner,241.82,25861,1,9.451,
spanner,241.83,25862,1,11.365,
spanner,241.84,25863,1,8.901,
spanner,241.85,25864,1,8.828,
spanner,241.86,25865,1,9.073,
spanner,241.87,25866,1,8.595,
spanner,241.88,25867,1,8.908,
spanner,241.88,25868,1,8.654,
spanner,241.89,25869,1,10.021,
spanner,241.90,25870,1,11.988,
spanner,241.92,25871,1,11.230,
spanner,241.93,25872,1,11.036,
spanner,241.94,25873,1,10.990,
spanner,241.95,25874,1,12.575,
spanner,241.96,25875,1,10.466,
spanner,241.97,25876,1,11.814,
spanner,241.98,25877,1,11.691,
spanner,242.00,25878,1,9.511,
spanner,242.01,25879,1,9.165,
spanner,242.01,25880,1,10.706,
spanner,242.03,25881,1,12.307,
spanner,242.04,25882,1,11.462,
spanner,242.05,25883,1,12.807,
spanner,242.06,25884,1,12.603,
spanner,242.07,25885,1,13.180,
spanner,242.09,25886,1,13.245,
spanner,242.10,25887,1,12.510,
spanner,242.11,25888,1,12.572,
spanner,242.13,25889,1,12.680,
spanner,242.14,25890,1,13.063,
spanner,242.15,25891,1,11.830,
spanner,242.16,25892,1,12.038,
spanner,242.18,25893,1,14.218,
spanner,242.19,25894,1,14.140,
spanner,242.20,25895,1,15.891,
spanner,242.22,25896,1,14.518,
spanner,242.24,25897,1,13.342,
spanner,242.25,25898,1,9.170,
spanner,242.26,25899,1,8.999,
spanner,242.27,25900,1,8.420,
spanner,242.28,25901,1,9.313,
spanner,242.28,25902,1,10.751,
spanner,242.30,25903,1,8.795,
spanner,242.30,25904,1,8.944,
spanner,242.31,25905,1,8.679,
spanner,242.32,25906,1,9.003,
spanner,242.33,25907,1,10.755,
spanner,242.34,25908,1,11.258,
spanner,242.35,25909,1,10.922,
spanner,242.36,25910,1,13.703,
spanner,242.38,25911,1,13.289,
spanner,242.39,25912,1,12.123,
spanner,242.40,25913,1,9.494,
spanner,242.41,25914,1,9.186,
spanner,242.42,25915,1,9.785,
spanner,242.43,25916,1,13.256,
spanner,242.45,25917,1,11.686,
spanner,242.46,25918,1,10.456,
spanner,242.47,25919,1,9.587,
spanner,242.48,25920,1,11.261,
spanner,242.49,25921,1,12.364,
spanner,242.50,25922,1,12.092,
spanner,242.51,25923,1,11.321,
spanner,242.52,25924,1,10.253,
spanner,242.53,25925,1,9.624,
spanner,242.54,25926,1,9.155,
spanner,242.55,25927,1,10.490,
spanner,242.56,25928,1,11.141,
spanner,242.58,25929,1,12.131,
spanner,242.59,25930,1,12.591,
spanner,242.60,25931,1,13.267,
spanner,242.61,25932,1,10.872,
spanner,242.62,25933,1,9.820,
spanner,242.63,25934,1,10.563,
spanner,242.64,25935,1,9.753,
spanner,242.65,25936,1,8.329,
spanner,242.66,25937,1,8.218,
spanner,242.67,25938,1,7.002,
spanner,242.68,25939,1,7.433,
spanner,242.69,25940,1,7.030,
spanner,242.69,25941,1,6.769,
spanner,242.70,25942,1,7.798,
spanner,242.71,25943,1,7.933,
spanner,242.72,25944,1,6.730,
spanner,242.72,25945,1,6.944,
spanner,242.73,25946,1,6.474,
spanner,242.74,25947,1,6.906,
spanner,242.74,25948,1,6.949,
spanner,242.75,25949,1,6.544,
spanner,242.76,25950,1,6.396,
spanner,242.76,25951,1,6.897,
spanner,242.77,25952,1,6.383,
spanner,242.78,25953,1,6.621,
spanner,242.78,25954,1,8.847,
spanner,242.79,25955,1,7.369,
spanner,242.80,25956,1,7.165,
spanner,242.81,25957,1,6.923,
spanner,242.81,25958,1,7.436,
spanner,242.82,25959,1,7.120,
spanner,242.83,25960,1,5.815,
spanner,242.83,25961,1,6.668,
spanner,242.84,25962,1,9.312,
spanner,242.85,25963,1,7.062,
spanner,242.86,25964,1,6.106,
spanner,242.86,25965,1,6.185,
spanner,242.87,25966,1,6.848,
spanner,242.88,25967,1,6.959,
spanner,242.88,25968,1,7.256,
spanner,242.89,25969,1,6.361,
spanner,242.90,25970,1,6.154,
spanner,242.90,25971,1,7.702,
spanner,242.91,25972,1,7.877,
spanner,242.92,25973,1,6.538,
spanner,242.92,25974,1,6.556,
spanner,242.93,25975,1,6.863,
spanner,242.94,25976,1,6.870,
spanner,242.95,25977,1,6.694,
spanner,242.95,25978,1,6.729,
spanner,242.96,25979,1,6.906,
spanner,242.97,25980,1,6.996,
spanner,242.97,25981,1,6.252,
spanner,242.98,25982,1,8.678,
spanner,242.99,25983,1,6.860,
spanner,242.99,25984,1,6.967,
spanner,243.00,25985,1,6.845,
spanner,243.01,25986,1,6.293,
spanner,243.01,25987,1,5.813,
spanner,243.02,25988,1,6.364,
spanner,243.03,25989,1,6.288,
spanner,243.03,25990,1,6.171,
spanner,243.04,25991,1,6.198,
spanner,243.05,25992,1,5.997,
spanner,243.05,25993,1,6.011,
spanner,243.06,25994,1,7.067,
spanner,243.06,25995,1,7.713,
spanner,243.07,25996,1,6.900,
spanner,243.08,25997,1,7.094,
spanner,243.09,25998,1,10.851,
spanner,243.10,25999,1,7.871,
spanner,243.11,26000,1,6.473,
spanner,243.11,26001,1,6.520,
spanner,243.12,26002,1,7.440,
spanner,243.13,26003,1,7.473,
spanner,243.13,26004,1,6.151,
spanner,243.14,26005,1,5.984,
spanner,243.15,26006,1,6.326,
spanner,243.15,26007,1,6.415,
spanner,243.16,26008,1,8.597,
spanner,243.17,26009,1,9.684,
spanner,243.18,26010,1,9.258,
spanner,243.19,26011,1,7.792,
spanner,243.19,26012,1,10.647,
spanner,243.20,26013,1,11.476,
spanner,243.22,26014,1,7.669,
spanner,243.22,26015,1,7.517,
spanner,243.23,26016,1,6.552,
spanner,243.24,26017,1,7.441,
spanner,243.25,26018,1,7.800,
spanner,243.25,26019,1,7.131,
spanner,243.26,26020,1,6.745,
spanner,243.27,26021,1,6.981,
spanner,243.27,26022,1,7.472,
spanner,243.28,26023,1,7.270,
spanner,243.29,26024,1,7.041,
spanner,243.30,26025,1,6.656,
spanner,243.30,26026,1,6.887,
spanner,243.31,26027,1,6.966,
spanner,243.32,26028,1,6.257,
spanner,243.32,26029,1,5.863,
spanner,243.33,26030,1,6.667,
spanner,243.34,26031,1,6.422,
spanner,243.34,26032,1,7.172,
spanner,243.35,26033,1,6.936,
spanner,243.36,26034,1,6.835,
spanner,243.36,26035,1,9.444,
spanner,243.37,26036,1,8.568,
spanner,243.38,26037,1,10.603,
spanner,243.39,26038,1,9.367,
spanner,243.40,26039,1,8.820,
spanner,243.41,26040,1,9.822,
spanner,243.42,26041,1,11.096,
spanner,243.43,26042,1,11.926,
spanner,243.44,26043,1,12.261,
spanner,243.46,26044,1,10.014,
spanner,243.47,26045,1,8.097,
spanner,243.47,26046,1,8.255,
spanner,243.48,26047,1,8.692,
spanner,243.49,26048,1,9.264,
spanner,243.50,26049,1,7.621,
spanner,243.51,26050,1,9.380,
spanner,243.52,26051,1,7.884,
spanner,243.52,26052,1,8.624,
spanner,243.53,26053,1,7.527,
spanner,243.54,26054,1,7.643,
spanner,243.55,26055,1,7.563,
spanner,243.56,26056,1,9.211,
spanner,243.57,26057,1,11.864,
spanner,243.58,26058,1,9.304,
spanner,243.59,26059,1,9.130,
spanner,243.60,26060,1,10.849,
spanner,243.61,26061,1,9.874,
spanner,243.62,26062,1,10.629,
spanner,243.63,26063,1,7.711,
spanner,243.63,26064,1,9.038,
spanner,243.64,26065,1,8.501,
spanner,243.65,26066,1,6.972,
spanner,243.66,26067,1,6.979,
spanner,243.67,26068,1,7.416,
spanner,243.67,26069,1,10.138,
spanner,243.68,26070,1,9.127,
spanner,243.69,26071,1,9.283,
spanner,243.70,26072,1,11.759,
spanner,243.71,26073,1,7.597,
spanner,243.72,26074,1,7.508,
spanner,243.73,26075,1,8.408,
spanner,243.74,26076,1,8.027,
spanner,243.75,26077,1,7.947,
spanner,243.75,26078,1,7.349,
spanner,243.76,26079,1,7.932,
spanner,243.77,26080,1,8.904,
spanner,243.78,26081,1,7.638,
spanner,243.79,26082,1,9.784,
spanner,243.80,26083,1,11.901,
spanner,243.81,26084,1,8.386,
spanner,243.82,26085,1,8.576,
spanner,243.82,26086,1,7.997,
spanner,243.83,26087,1,7.726,
spanner,243.84,26088,1,8.717,
spanner,243.85,26089,1,8.645,
spanner,243.86,26090,1,10.723,
spanner,243.87,26091,1,11.207,
spanner,243.88,26092,1,11.693,
spanner,243.89,26093,1,9.864,
spanner,243.90,26094,1,8.671,
spanner,243.91,26095,1,9.879,
spanner,243.92,26096,1,9.633,
spanner,243.93,26097,1,9.023,
spanner,243.94,26098,1,10.743,
spanner,243.95,26099,1,10.808,
spanner,243.96,26100,1,13.536,
spanner,243.97,26101,1,12.403,
spanner,243.99,26102,1,13.161,
spanner,244.00,26103,1,12.189,
spanner,244.01,26104,1,12.029,
spanner,244.02,26105,1,11.493,
spanner,244.04,26106,1,13.501,
spanner,244.05,26107,1,13.503,
spanner,244.06,26108,1,13.202,
spanner,244.08,26109,1,13.089,
spanner,244.09,26110,1,11.029,
spanner,244.10,26111,1,10.082,
spanner,244.11,26112,1,8.999,
spanner,244.12,26113,1,11.287,
spanner,244.13,26114,1,9.980,
spanner,244.14,26115,1,10.242,
spanner,244.15,26116,1,10.933,
spanner,244.16,26117,1,8.816,
spanner,244.17,26118,1,8.645,
spanner,244.18,26119,1,11.088,
spanner,244.19,26120,1,13.608,
spanner,244.20,26121,1,12.906,
spanner,244.22,26122,1,9.986,
spanner,244.23,26123,1,9.316,
spanner,244.24,26124,1,8.787,
spanner,244.25,26125,1,9.526,
spanner,244.26,26126,1,11.150,
spanner,244.27,26127,1,11.668,
spanner,244.28,26128,1,12.248,
spanner,244.29,26129,1,11.622,
spanner,244.30,26130,1,11.314,
spanner,244.31,26131,1,10.475,
spanner,244.32,26132,1,10.487,
spanner,244.33,26133,1,11.749,
spanner,244.35,26134,1,13.961,
spanner,244.36,26135,1,12.890,
spanner,244.37,26136,1,13.563,
spanner,244.39,26137,1,12.779,
spanner,244.40,26138,1,10.670,
spanner,244.41,26139,1,10.266,
spanner,244.42,26140,1,10.042,
spanner,244.43,26141,1,10.710,
spanner,244.44,26142,1,11.516,
spanner,244.45,26143,1,8.938,
spanner,244.46,26144,1,13.245,
spanner,244.48,26145,1,10.263,
spanner,244.49,26146,1,7.992,
spanner,244.49,26147,1,7.932,
spanner,244.50,26148,1,8.069,
spanner,244.51,26149,1,7.850,
spanner,244.52,26150,1,7.967,
spanner,244.53,26151,1,7.922,
spanner,244.53,26152,1,8.360,
spanner,244.54,26153,1,10.892,
spanner,244.55,26154,1,13.993,
spanner,244.57,26155,1,13.508,
spanner,244.58,26156,1,10.834,
spanner,244.59,26157,1,11.410,
spanner,244.60,26158,1,11.351,
spanner,244.61,26159,1,13.510,
spanner,244.63,26160,1,13.212,
spanner,244.64,26161,1,14.224,
spanner,244.66,26162,1,10.162,
spanner,244.67,26163,1,9.199,
spanner,244.67,26164,1,8.690,
spanner,244.68,26165,1,10.907,
spanner,244.69,26166,1,11.471,
spanner,244.71,26167,1,7.456,
spanner,244.71,26168,1,6.958,
spanner,244.72,26169,1,6.773,
spanner,244.73,26170,1,8.281,
spanner,244.74,26171,1,7.402,
spanner,244.74,26172,1,7.889,
spanner,244.75,26173,1,7.921,
spanner,244.76,26174,1,8.646,
spanner,244.77,26175,1,10.511,
spanner,244.78,26176,1,8.219,
spanner,244.79,26177,1,7.229,
spanner,244.79,26178,1,8.946,
spanner,244.80,26179,1,9.228,
spanner,244.81,26180,1,12.059,
spanner,244.82,26181,1,10.558,
spanner,244.83,26182,1,9.232,
spanner,244.84,26183,1,8.684,
spanner,244.85,26184,1,9.837,
spanner,244.86,26185,1,9.078,
spanner,244.87,26186,1,7.882,
spanner,244.88,26187,1,7.382,
spanner,244.89,26188,1,6.986,
spanner,244.89,26189,1,6.578,
spanner,244.90,26190,1,6.320,
spanner,244.91,26191,1,7.186,
spanner,244.91,26192,1,7.797,
spanner,244.92,26193,1,8.793,
spanner,244.93,26194,1,7.137,
spanner,244.94,26195,1,6.568,
spanner,244.94,26196,1,6.757,
spanner,244.95,26197,1,6.306,
spanner,244.96,26198,1,6.145,
spanner,244.96,26199,1,6.786,
spanner,244.97,26200,1,6.611,
spanner,244.98,26201,1,6.799,
spanner,244.98,26202,1,7.643,
spanner,244.99,26203,1,6.882,
spanner,245.00,26204,1,6.763,
spanner,245.01,26205,1,7.039,
spanner,245.01,26206,1,6.863,
spanner,245.02,26207,1,6.523,
spanner,245.03,26208,1,6.704,
spanner,245.03,26209,1,6.844,
spanner,245.04,26210,1,6.702,
spanner,245.05,26211,1,6.793,
spanner,245.05,26212,1,6.052,
spanner,245.06,26213,1,5.939,
spanner,245.07,26214,1,6.596,
spanner,245.07,26215,1,7.766,
spanner,245.08,26216,1,8.008,
spanner,245.09,26217,1,9.739,
spanner,245.10,26218,1,7.177,
spanner,245.10,26219,1,7.596,
spanner,245.11,26220,1,7.602,
spanner,245.12,26221,1,7.808,
spanner,245.13,26222,1,7.504,
spanner,245.14,26223,1,7.232,
spanner,245.14,26224,1,7.882,
spanner,245.15,26225,1,8.402,
spanner,245.16,26226,1,8.267,
spanner,245.17,26227,1,8.005,
spanner,245.18,26228,1,7.657,
spanner,245.18,26229,1,7.783,
spanner,245.19,26230,1,7.147,
spanner,245.20,26231,1,6.779,
spanner,245.20,26232,1,7.558,
spanner,245.21,26233,1,6.897,
spanner,245.22,26234,1,7.240,
spanner,245.23,26235,1,6.890,
spanner,245.23,26236,1,7.089,
spanner,245.24,26237,1,7.059,
spanner,245.25,26238,1,7.853,
spanner,245.26,26239,1,8.625,
spanner,245.26,26240,1,11.131,
spanner,245.28,26241,1,10.551,
spanner,245.29,26242,1,12.158,
spanner,245.30,26243,1,11.027,
spanner,245.31,26244,1,8.644,
spanner,245.32,26245,1,9.209,
spanner,245.33,26246,1,8.240,
spanner,245.34,26247,1,10.016,
spanner,245.35,26248,1,8.188,
spanner,245.35,26249,1,8.084,
spanner,245.36,26250,1,8.338,
spanner,245.37,26251,1,9.389,
spanner,245.38,26252,1,7.965,
spanner,245.39,26253,1,7.173,
spanner,245.39,26254,1,9.856,
spanner,245.40,26255,1,7.899,
spanner,245.41,26256,1,7.826,
spanner,245.42,26257,1,7.037,
spanner,245.43,26258,1,8.689,
spanner,245.44,26259,1,11.961,
spanner,245.45,26260,1,9.673,
spanner,245.46,26261,1,11.221,
spanner,245.47,26262,1,8.508,
spanner,245.48,26263,1,9.487,
spanner,245.49,26264,1,9.999,
spanner,245.50,26265,1,9.186,
spanner,245.51,26266,1,9.151,
spanner,245.52,26267,1,8.892,
spanner,245.52,26268,1,11.050,
spanner,245.54,26269,1,8.462,
spanner,245.54,26270,1,9.735,
spanner,245.55,26271,1,9.424,
spanner,245.56,26272,1,7.081,
spanner,245.57,26273,1,7.026,
spanner,245.58,26274,1,6.965,
spanner,245.58,26275,1,7.489,
spanner,245.59,26276,1,8.467,
spanner,245.60,26277,1,9.746,
spanner,245.61,26278,1,10.415,
spanner,245.62,26279,1,8.866,
spanner,245.63,26280,1,9.076,
spanner,245.64,26281,1,8.462,
spanner,245.65,26282,1,10.528,
spanner,245.66,26283,1,7.938,
spanner,245.67,26284,1,8.673,
spanner,245.67,26285,1,8.121,
spanner,245.68,26286,1,9.433,
spanner,245.69,26287,1,10.657,
spanner,245.70,26288,1,10.435,
spanner,245.71,26289,1,8.269,
spanner,245.72,26290,1,7.903,
spanner,245.73,26291,1,7.809,
spanner,245.74,26292,1,7.591,
spanner,245.75,26293,1,7.873,
spanner,245.75,26294,1,7.153,
spanner,245.76,26295,1,7.081,
spanner,245.77,26296,1,7.865,
spanner,245.78,26297,1,9.343,
spanner,245.78,26298,1,11.277,
spanner,245.80,26299,1,11.541,
spanner,245.81,26300,1,10.428,
spanner,245.82,26301,1,10.900,
spanner,245.83,26302,1,13.748,
spanner,245.84,26303,1,11.919,
spanner,245.85,26304,1,9.117,
spanner,245.86,26305,1,7.805,
spanner,245.87,26306,1,7.918,
spanner,245.88,26307,1,9.539,
spanner,245.89,26308,1,9.040,
spanner,245.90,26309,1,9.777,
spanner,245.91,26310,1,10.275,
spanner,245.92,26311,1,8.637,
spanner,245.93,26312,1,9.186,
spanner,245.94,26313,1,9.462,
spanner,245.95,26314,1,10.577,
spanner,245.96,26315,1,13.292,
spanner,245.97,26316,1,12.399,
spanner,245.98,26317,1,12.647,
spanner,245.99,26318,1,11.584,
spanner,246.01,26319,1,9.387,
spanner,246.02,26320,1,9.549,
spanner,246.03,26321,1,11.751,
spanner,246.04,26322,1,13.365,
spanner,246.05,26323,1,8.939,
spanner,246.06,26324,1,8.018,
spanner,246.07,26325,1,7.562,
spanner,246.08,26326,1,7.242,
spanner,246.08,26327,1,7.962,
spanner,246.09,26328,1,9.027,
spanner,246.10,26329,1,8.624,
spanner,246.11,26330,1,9.750,
spanner,246.12,26331,1,9.116,
spanner,246.13,26332,1,11.977,
spanner,246.14,26333,1,10.458,
spanner,246.15,26334,1,11.232,
spanner,246.16,26335,1,11.389,
spanner,246.17,26336,1,8.931,
spanner,246.18,26337,1,7.436,
spanner,246.19,26338,1,10.024,
spanner,246.20,26339,1,12.527,
spanner,246.21,26340,1,9.755,
spanner,246.22,26341,1,8.561,
spanner,246.23,26342,1,10.086,
spanner,246.24,26343,1,8.808,
spanner,246.25,26344,1,8.377,
spanner,246.26,26345,1,10.906,
spanner,246.27,26346,1,10.973,
spanner,246.28,26347,1,11.804,
spanner,246.29,26348,1,13.063,
spanner,246.30,26349,1,12.432,
spanner,246.32,26350,1,12.918,
spanner,246.33,26351,1,11.268,
spanner,246.34,26352,1,9.697,
spanner,246.35,26353,1,9.110,
spanner,246.36,26354,1,8.744,
spanner,246.37,26355,1,8.031,
spanner,246.38,26356,1,8.267,
spanner,246.38,26357,1,8.714,
spanner,246.39,26358,1,8.934,
spanner,246.40,26359,1,12.543,
spanner,246.42,26360,1,13.160,
spanner,246.43,26361,1,12.935,
spanner,246.44,26362,1,10.987,
spanner,246.45,26363,1,11.182,
spanner,246.46,26364,1,11.912,
spanner,246.48,26365,1,13.759,
spanner,246.49,26366,1,12.504,
spanner,246.50,26367,1,13.168,
spanner,246.52,26368,1,11.384,
spanner,246.53,26369,1,9.017,
spanner,246.54,26370,1,11.473,
spanner,246.55,26371,1,12.702,
spanner,246.56,26372,1,10.410,
spanner,246.57,26373,1,10.052,
spanner,246.58,26374,1,10.768,
spanner,246.59,26375,1,12.722,
spanner,246.60,26376,1,12.113,
spanner,246.62,26377,1,11.537,
spanner,246.63,26378,1,11.789,
spanner,246.64,26379,1,12.280,
spanner,246.65,26380,1,13.599,
spanner,246.67,26381,1,12.453,
spanner,246.68,26382,1,11.092,
spanner,246.69,26383,1,10.573,
spanner,246.70,26384,1,8.505,
spanner,246.71,26385,1,7.047,
spanner,246.72,26386,1,6.588,
spanner,246.72,26387,1,6.518,
spanner,246.73,26388,1,7.114,
spanner,246.74,26389,1,6.901,
spanner,246.74,26390,1,7.173,
spanner,246.75,26391,1,8.315,
spanner,246.76,26392,1,7.877,
spanner,246.77,26393,1,8.572,
spanner,246.77,26394,1,6.922,
spanner,246.78,26395,1,6.737,
spanner,246.79,26396,1,6.731,
spanner,246.80,26397,1,7.049,
spanner,246.80,26398,1,6.982,
spanner,246.81,26399,1,6.743,
spanner,246.82,26400,1,6.132,
spanner,246.82,26401,1,5.921,
spanner,246.83,26402,1,6.599,
spanner,246.83,26403,1,7.600,
spanner,246.84,26404,1,7.778,
spanner,246.85,26405,1,8.152,
spanner,246.86,26406,1,7.733,
spanner,246.87,26407,1,10.214,
spanner,246.88,26408,1,6.095,
spanner,246.88,26409,1,6.628,
spanner,246.89,26410,1,6.462,
spanner,246.90,26411,1,6.975,
spanner,246.90,26412,1,17.598,
spanner,246.92,26413,1,7.498,
spanner,246.93,26414,1,6.780,
spanner,246.93,26415,1,6.847,
spanner,246.94,26416,1,6.550,
spanner,246.95,26417,1,6.412,
spanner,246.95,26418,1,7.456,
spanner,246.96,26419,1,6.404,
spanner,246.97,26420,1,6.310,
spanner,246.97,26421,1,7.054,
spanner,246.98,26422,1,8.430,
spanner,246.99,26423,1,8.771,
spanner,247.00,26424,1,10.885,
spanner,247.01,26425,1,11.166,
spanner,247.02,26426,1,11.644,
spanner,247.03,26427,1,10.357,
spanner,247.04,26428,1,11.826,
spanner,247.06,26429,1,7.563,
spanner,247.06,26430,1,7.928,
spanner,247.07,26431,1,10.260,
spanner,247.08,26432,1,10.143,
spanner,247.09,26433,1,9.281,
spanner,247.10,26434,1,7.404,
spanner,247.11,26435,1,6.752,
spanner,247.11,26436,1,6.622,
spanner,247.12,26437,1,6.670,
spanner,247.13,26438,1,6.805,
spanner,247.14,26439,1,6.858,
spanner,247.14,26440,1,6.631,
spanner,247.15,26441,1,6.846,
spanner,247.16,26442,1,7.090,
spanner,247.16,26443,1,6.808,
spanner,247.17,26444,1,8.017,
spanner,247.18,26445,1,7.765,
spanner,247.19,26446,1,7.260,
spanner,247.19,26447,1,7.423,
spanner,247.20,26448,1,7.382,
spanner,247.21,26449,1,7.206,
spanner,247.21,26450,1,6.504,
spanner,247.22,26451,1,7.031,
spanner,247.23,26452,1,7.137,
spanner,247.24,26453,1,6.823,
spanner,247.24,26454,1,7.071,
spanner,247.25,26455,1,8.731,
spanner,247.26,26456,1,9.312,
spanner,247.27,26457,1,9.695,
spanner,247.28,26458,1,9.544,
spanner,247.29,26459,1,10.159,
spanner,247.30,26460,1,8.190,
spanner,247.31,26461,1,8.211,
spanner,247.31,26462,1,10.605,
spanner,247.32,26463,1,7.711,
spanner,247.33,26464,1,8.177,
spanner,247.34,26465,1,10.463,
spanner,247.35,26466,1,10.196,
spanner,247.36,26467,1,9.272,
spanner,247.37,26468,1,9.428,
spanner,247.38,26469,1,9.253,
spanner,247.39,26470,1,10.012,
spanner,247.40,26471,1,8.948,
spanner,247.41,26472,1,7.672,
spanner,247.42,26473,1,7.477,
spanner,247.42,26474,1,7.400,
spanner,247.43,26475,1,8.361,
spanner,247.44,26476,1,9.414,
spanner,247.45,26477,1,8.799,
spanner,247.46,26478,1,10.664,
spanner,247.47,26479,1,8.439,
spanner,247.48,26480,1,9.171,
spanner,247.49,26481,1,7.991,
spanner,247.49,26482,1,8.282,
spanner,247.50,26483,1,8.667,
spanner,247.51,26484,1,7.521,
spanner,247.52,26485,1,6.775,
spanner,247.52,26486,1,7.084,
spanner,247.53,26487,1,7.452,
spanner,247.54,26488,1,6.991,
spanner,247.55,26489,1,6.891,
spanner,247.55,26490,1,7.224,
spanner,247.56,26491,1,8.343,
spanner,247.57,26492,1,10.243,
spanner,247.58,26493,1,10.475,
spanner,247.59,26494,1,8.918,
spanner,247.60,26495,1,8.489,
spanner,247.61,26496,1,8.000,
spanner,247.62,26497,1,11.465,
spanner,247.63,26498,1,9.925,
spanner,247.64,26499,1,8.508,
spanner,247.65,26500,1,7.816,
spanner,247.65,26501,1,7.984,
spanner,247.66,26502,1,11.938,
spanner,247.67,26503,1,12.118,
spanner,247.69,26504,1,13.107,
spanner,247.70,26505,1,13.190,
spanner,247.71,26506,1,7.382,
spanner,247.72,26507,1,7.780,
spanner,247.73,26508,1,8.434,
spanner,247.74,26509,1,8.396,
spanner,247.74,26510,1,7.568,
spanner,247.75,26511,1,7.734,
spanner,247.76,26512,1,7.595,
spanner,247.77,26513,1,8.788,
spanner,247.78,26514,1,11.266,
spanner,247.79,26515,1,11.035,
spanner,247.80,26516,1,11.232,
spanner,247.81,26517,1,10.185,
spanner,247.82,26518,1,8.972,
spanner,247.83,26519,1,10.055,
spanner,247.84,26520,1,10.289,
spanner,247.85,26521,1,11.352,
spanner,247.86,26522,1,10.086,
spanner,247.87,26523,1,9.056,
spanner,247.88,26524,1,8.023,
spanner,247.89,26525,1,7.455,
spanner,247.90,26526,1,9.241,
spanner,247.90,26527,1,8.772,
spanner,247.91,26528,1,8.626,
spanner,247.92,26529,1,8.856,
spanner,247.93,26530,1,8.726,
spanner,247.94,26531,1,9.038,
spanner,247.95,26532,1,7.981,
spanner,247.96,26533,1,7.820,
spanner,247.96,26534,1,10.558,
spanner,247.98,26535,1,10.334,
spanner,247.99,26536,1,9.784,
spanner,248.00,26537,1,10.263,
spanner,248.01,26538,1,9.808,
spanner,248.02,26539,1,11.672,
spanner,248.03,26540,1,11.937,
spanner,248.04,26541,1,10.296,
spanner,248.05,26542,1,8.110,
spanner,248.06,26543,1,8.014,
spanner,248.07,26544,1,10.141,
spanner,248.08,26545,1,8.327,
spanner,248.08,26546,1,9.371,
spanner,248.09,26547,1,8.053,
spanner,248.10,26548,1,8.929,
spanner,248.11,26549,1,10.225,
spanner,248.12,26550,1,12.651,
spanner,248.13,26551,1,12.129,
spanner,248.15,26552,1,12.613,
spanner,248.16,26553,1,12.364,
spanner,248.17,26554,1,12.066,
spanner,248.18,26555,1,13.615,
spanner,248.20,26556,1,12.457,
spanner,248.21,26557,1,10.172,
spanner,248.22,26558,1,14.013,
spanner,248.23,26559,1,13.996,
spanner,248.25,26560,1,12.913,
spanner,248.26,26561,1,13.446,
spanner,248.27,26562,1,12.522,
spanner,248.29,26563,1,10.664,
spanner,248.30,26564,1,9.319,
spanner,248.31,26565,1,10.233,
spanner,248.32,26566,1,9.998,
spanner,248.33,26567,1,10.383,
spanner,248.34,26568,1,11.399,
spanner,248.35,26569,1,12.203,
spanner,248.36,26570,1,13.818,
spanner,248.37,26571,1,12.335,
spanner,248.39,26572,1,13.445,
spanner,248.40,26573,1,12.589,
spanner,248.41,26574,1,12.747,
spanner,248.43,26575,1,11.681,
spanner,248.44,26576,1,10.137,
spanner,248.45,26577,1,8.926,
spanner,248.46,26578,1,8.636,
spanner,248.47,26579,1,9.118,
spanner,248.47,26580,1,8.611,
spanner,248.48,26581,1,9.066,
spanner,248.49,26582,1,10.637,
spanner,248.50,26583,1,9.554,
spanner,248.51,26584,1,9.652,
spanner,248.52,26585,1,10.195,
spanner,248.53,26586,1,13.386,
spanner,248.55,26587,1,12.083,
spanner,248.56,26588,1,10.288,
spanner,248.57,26589,1,11.790,
spanner,248.58,26590,1,12.865,
spanner,248.59,26591,1,13.064,
spanner,248.61,26592,1,11.897,
spanner,248.62,26593,1,12.785,
spanner,248.63,26594,1,12.728,
spanner,248.64,26595,1,9.051,
spanner,248.65,26596,1,9.349,
spanner,248.66,26597,1,11.216,
spanner,248.67,26598,1,11.382,
spanner,248.69,26599,1,9.381,
spanner,248.69,26600,1,7.079,
spanner,248.70,26601,1,9.804,
spanner,248.71,26602,1,7.811,
spanner,248.72,26603,1,7.751,
spanner,248.73,26604,1,7.273,
spanner,248.73,26605,1,8.058,
spanner,248.74,26606,1,7.102,
spanner,248.75,26607,1,6.893,
spanner,248.76,26608,1,6.695,
spanner,248.76,26609,1,6.102,
spanner,248.77,26610,1,6.195,
spanner,248.78,26611,1,5.872,
spanner,248.78,26612,1,5.995,
spanner,248.79,26613,1,6.042,
spanner,248.79,26614,1,6.397,
spanner,248.80,26615,1,6.179,
spanner,248.81,26616,1,6.099,
spanner,248.81,26617,1,6.549,
spanner,248.82,26618,1,10.257,
spanner,248.83,26619,1,10.704,
spanner,248.84,26620,1,9.353,
spanner,248.85,26621,1,10.058,
spanner,248.86,26622,1,12.495,
spanner,248.87,26623,1,10.501,
spanner,248.88,26624,1,11.100,
spanner,248.89,26625,1,10.170,
spanner,248.90,26626,1,10.015,
spanner,248.91,26627,1,9.940,
spanner,248.92,26628,1,9.376,
spanner,248.93,26629,1,9.960,
spanner,248.94,26630,1,9.249,
spanner,248.95,26631,1,10.862,
spanner,248.96,26632,1,11.074,
spanner,248.97,26633,1,9.175,
spanner,248.98,26634,1,7.913,
spanner,248.99,26635,1,7.889,
spanner,249.00,26636,1,9.220,
spanner,249.01,26637,1,8.995,
spanner,249.02,26638,1,7.337,
spanner,249.03,26639,1,5.811,
spanner,249.03,26640,1,5.821,
spanner,249.04,26641,1,6.724,
spanner,249.04,26642,1,9.117,
spanner,249.05,26643,1,8.633,
spanner,249.06,26644,1,8.708,
spanner,249.07,26645,1,7.842,
spanner,249.08,26646,1,7.184,
spanner,249.09,26647,1,6.782,
spanner,249.09,26648,1,5.855,
spanner,249.10,26649,1,7.245,
spanner,249.11,26650,1,6.109,
spanner,249.11,26651,1,5.785,
spanner,249.12,26652,1,5.787,
spanner,249.12,26653,1,5.975,
spanner,249.13,26654,1,6.134,
spanner,249.14,26655,1,6.566,
spanner,249.14,26656,1,6.997,
spanner,249.15,26657,1,7.006,
spanner,249.16,26658,1,6.350,
spanner,249.16,26659,1,6.799,
spanner,249.17,26660,1,6.385,
spanner,249.18,26661,1,7.762,
spanner,249.18,26662,1,10.564,
spanner,249.19,26663,1,6.019,
spanner,249.20,26664,1,6.189,
spanner,249.21,26665,1,8.210,
spanner,249.21,26666,1,7.414,
spanner,249.22,26667,1,7.138,
spanner,249.23,26668,1,6.960,
spanner,249.24,26669,1,7.172,
spanner,249.24,26670,1,6.415,
spanner,249.25,26671,1,6.588,
spanner,249.26,26672,1,6.472,
spanner,249.26,26673,1,6.801,
spanner,249.27,26674,1,6.325,
spanner,249.28,26675,1,6.568,
spanner,249.28,26676,1,7.804,
spanner,249.29,26677,1,8.297,
spanner,249.30,26678,1,9.161,
spanner,249.31,26679,1,6.497,
spanner,249.31,26680,1,7.081,
spanner,249.32,26681,1,7.322,
spanner,249.33,26682,1,6.908,
spanner,249.34,26683,1,7.106,
spanner,249.34,26684,1,7.863,
spanner,249.35,26685,1,8.698,
spanner,249.36,26686,1,7.955,
spanner,249.37,26687,1,7.993,
spanner,249.38,26688,1,9.693,
spanner,249.39,26689,1,10.369,
spanner,249.40,26690,1,11.418,
spanner,249.41,26691,1,11.158,
spanner,249.42,26692,1,10.568,
spanner,249.43,26693,1,12.159,
spanner,249.44,26694,1,11.627,
spanner,249.45,26695,1,9.739,
spanner,249.46,26696,1,8.196,
spanner,249.47,26697,1,7.250,
spanner,249.48,26698,1,7.858,
spanner,249.49,26699,1,11.164,
spanner,249.50,26700,1,10.993,
spanner,249.51,26701,1,11.410,
spanner,249.52,26702,1,9.865,
spanner,249.53,26703,1,7.322,
spanner,249.54,26704,1,7.197,
spanner,249.54,26705,1,6.677,
spanner,249.55,26706,1,6.788,
spanner,249.56,26707,1,6.985,
spanner,249.56,26708,1,6.843,
spanner,249.57,26709,1,7.237,
spanner,249.58,26710,1,7.874,
spanner,249.59,26711,1,10.136,
spanner,249.60,26712,1,10.601,
spanner,249.61,26713,1,10.371,
spanner,249.62,26714,1,7.748,
spanner,249.63,26715,1,8.151,
spanner,249.63,26716,1,9.274,
spanner,249.64,26717,1,10.839,
spanner,249.65,26718,1,10.567,
spanner,249.66,26719,1,9.245,
spanner,249.67,26720,1,11.101,
spanner,249.69,26721,1,10.331,
spanner,249.70,26722,1,8.825,
spanner,249.70,26723,1,10.683,
spanner,249.72,26724,1,8.553,
spanner,249.72,26725,1,8.025,
spanner,249.73,26726,1,9.369,
spanner,249.74,26727,1,8.340,
spanner,249.75,26728,1,7.870,
spanner,249.76,26729,1,6.760,
spanner,249.76,26730,1,7.579,
spanner,249.77,26731,1,9.568,
spanner,249.78,26732,1,8.850,
spanner,249.79,26733,1,8.011,
spanner,249.80,26734,1,7.354,
spanner,249.81,26735,1,7.055,
spanner,249.81,26736,1,7.992,
spanner,249.82,26737,1,8.904,
spanner,249.83,26738,1,10.861,
spanner,249.84,26739,1,11.225,
spanner,249.85,26740,1,10.514,
spanner,249.86,26741,1,10.116,
spanner,249.87,26742,1,9.482,
spanner,249.88,26743,1,8.054,
spanner,249.89,26744,1,7.845,
spanner,249.90,26745,1,7.732,
spanner,249.91,26746,1,9.001,
spanner,249.91,26747,1,11.804,
spanner,249.93,26748,1,11.264,
spanner,249.94,26749,1,11.028,
spanner,249.95,26750,1,12.424,
spanner,249.96,26751,1,10.841,
spanner,249.97,26752,1,8.812,
spanner,249.98,26753,1,8.947,
spanner,249.99,26754,1,10.523,
spanner,250.00,26755,1,10.761,
spanner,250.01,26756,1,9.664,
spanner,250.02,26757,1,8.710,
spanner,250.03,26758,1,8.393,
spanner,250.04,26759,1,10.105,
spanner,250.05,26760,1,11.383,
spanner,250.06,26761,1,11.567,
spanner,250.07,26762,1,9.392,
spanner,250.08,26763,1,9.610,
spanner,250.09,26764,1,11.034,
spanner,250.10,26765,1,9.407,
spanner,250.11,26766,1,11.637,
spanner,250.12,26767,1,11.366,
spanner,250.13,26768,1,11.131,
spanner,250.15,26769,1,10.625,
spanner,250.16,26770,1,11.443,
spanner,250.17,26771,1,12.658,
spanner,250.18,26772,1,11.655,
spanner,250.19,26773,1,12.365,
spanner,250.20,26774,1,12.734,
spanner,250.22,26775,1,9.521,
spanner,250.23,26776,1,11.217,
spanner,250.24,26777,1,11.037,
spanner,250.25,26778,1,9.012,
spanner,250.26,26779,1,11.833,
spanner,250.27,26780,1,12.595,
spanner,250.28,26781,1,12.258,
spanner,250.30,26782,1,12.462,
spanner,250.31,26783,1,12.679,
spanner,250.32,26784,1,11.146,
spanner,250.33,26785,1,11.375,
spanner,250.34,26786,1,12.883,
spanner,250.36,26787,1,11.905,
spanner,250.37,26788,1,12.501,
spanner,250.38,26789,1,11.984,
spanner,250.39,26790,1,12.246,
spanner,250.40,26791,1,11.958,
spanner,250.42,26792,1,10.696,
spanner,250.43,26793,1,9.363,
spanner,250.44,26794,1,10.657,
spanner,250.45,26795,1,13.200,
spanner,250.46,26796,1,14.153,
spanner,250.48,26797,1,12.410,
spanner,250.49,26798,1,12.049,
spanner,250.50,26799,1,11.324,
spanner,250.51,26800,1,14.826,
spanner,250.53,26801,1,12.850,
spanner,250.54,26802,1,11.511,
spanner,250.55,26803,1,12.488,
spanner,250.56,26804,1,10.708,
spanner,250.57,26805,1,10.393,
spanner,250.58,26806,1,10.350,
spanner,250.59,26807,1,10.227,
spanner,250.60,26808,1,10.833,
spanner,250.62,26809,1,12.073,
spanner,250.63,26810,1,10.579,
spanner,250.64,26811,1,10.506,
spanner,250.65,26812,1,11.318,
spanner,250.66,26813,1,12.491,
spanner,250.67,26814,1,9.145,
spanner,250.68,26815,1,7.630,
spanner,250.69,26816,1,7.355,
spanner,250.70,26817,1,6.872,
spanner,250.70,26818,1,9.612,
spanner,250.71,26819,1,7.478,
spanner,250.72,26820,1,7.077,
spanner,250.73,26821,1,6.699,
spanner,250.73,26822,1,7.837,
spanner,250.74,26823,1,8.027,
spanner,250.75,26824,1,6.713,
spanner,250.76,26825,1,6.188,
spanner,250.76,26826,1,6.785,
spanner,250.77,26827,1,6.658,
spanner,250.78,26828,1,6.383,
spanner,250.78,26829,1,6.517,
spanner,250.79,26830,1,6.726,
spanner,250.80,26831,1,7.443,
spanner,250.80,26832,1,6.682,
spanner,250.81,26833,1,6.279,
spanner,250.82,26834,1,5.703,
spanner,250.82,26835,1,5.723,
spanner,250.83,26836,1,5.605,
spanner,250.83,26837,1,6.241,
spanner,250.84,26838,1,5.886,
spanner,250.85,26839,1,5.588,
spanner,250.85,26840,1,6.042,
spanner,250.86,26841,1,6.493,
spanner,250.86,26842,1,7.156,
spanner,250.87,26843,1,7.610,
spanner,250.88,26844,1,6.542,
spanner,250.89,26845,1,7.679,
spanner,250.89,26846,1,7.882,
spanner,250.90,26847,1,6.833,
spanner,250.91,26848,1,7.368,
spanner,250.92,26849,1,6.968,
spanner,250.92,26850,1,7.260,
spanner,250.93,26851,1,7.132,
spanner,250.94,26852,1,6.870,
spanner,250.94,26853,1,7.480,
spanner,250.95,26854,1,7.709,
spanner,250.96,26855,1,7.258,
spanner,250.97,26856,1,6.763,
spanner,250.97,26857,1,6.469,
spanner,250.98,26858,1,6.212,
spanner,250.99,26859,1,6.028,
spanner,250.99,26860,1,5.768,
spanner,251.00,26861,1,5.675,
spanner,251.00,26862,1,25.868,
spanner,251.03,26863,1,9.922,
spanner,251.04,26864,1,8.357,
spanner,251.05,26865,1,8.069,
spanner,251.06,26866,1,7.740,
spanner,251.06,26867,1,8.322,
spanner,251.07,26868,1,10.682,
spanner,251.08,26869,1,9.724,
spanner,251.09,26870,1,10.031,
spanner,251.10,26871,1,11.352,
spanner,251.11,26872,1,8.894,
spanner,251.12,26873,1,8.073,
spanner,251.13,26874,1,6.776,
spanner,251.14,26875,1,6.865,
spanner,251.15,26876,1,6.196,
spanner,251.15,26877,1,6.360,
spanner,251.16,26878,1,9.397,
spanner,251.17,26879,1,8.635,
spanner,251.18,26880,1,7.183,
spanner,251.18,26881,1,7.149,
spanner,251.19,26882,1,6.906,
spanner,251.20,26883,1,6.884,
spanner,251.20,26884,1,8.604,
spanner,251.21,26885,1,8.866,
spanner,251.22,26886,1,9.637,
spanner,251.23,26887,1,7.277,
spanner,251.24,26888,1,6.933,
spanner,251.25,26889,1,6.539,
spanner,251.25,26890,1,7.482,
spanner,251.26,26891,1,8.577,
spanner,251.27,26892,1,7.986,
spanner,251.28,26893,1,7.070,
spanner,251.28,26894,1,8.976,
spanner,251.29,26895,1,9.903,
spanner,251.30,26896,1,7.468,
spanner,251.31,26897,1,6.538,
spanner,251.32,26898,1,6.960,
spanner,251.32,26899,1,6.046,
spanner,251.33,26900,1,8.294,
spanner,251.34,26901,1,10.907,
spanner,251.35,26902,1,11.516,
spanner,251.36,26903,1,10.810,
spanner,251.37,26904,1,8.646,
spanner,251.38,26905,1,7.738,
spanner,251.39,26906,1,7.166,
spanner,251.40,26907,1,7.692,
spanner,251.40,26908,1,9.980,
spanner,251.41,26909,1,10.640,
spanner,251.42,26910,1,10.468,
spanner,251.43,26911,1,10.511,
spanner,251.44,26912,1,10.836,
spanner,251.46,26913,1,11.274,
spanner,251.47,26914,1,9.753,
spanner,251.48,26915,1,7.666,
spanner,251.48,26916,1,6.899,
spanner,251.49,26917,1,7.908,
spanner,251.50,26918,1,7.400,
spanner,251.51,26919,1,8.036,
spanner,251.51,26920,1,7.570,
spanner,251.52,26921,1,7.522,
spanner,251.53,26922,1,8.295,
spanner,251.54,26923,1,7.659,
spanner,251.55,26924,1,7.342,
spanner,251.55,26925,1,6.974,
spanner,251.56,26926,1,8.801,
spanner,251.57,26927,1,9.863,
spanner,251.58,26928,1,8.209,
spanner,251.59,26929,1,7.681,
spanner,251.59,26930,1,9.611,
spanner,251.60,26931,1,10.578,
spanner,251.62,26932,1,10.371,
spanner,251.63,26933,1,11.780,
spanner,251.64,26934,1,11.965,
spanner,251.65,26935,1,9.745,
spanner,251.66,26936,1,10.674,
spanner,251.67,26937,1,12.168,
spanner,251.68,26938,1,10.432,
spanner,251.69,26939,1,9.055,
spanner,251.70,26940,1,9.028,
spanner,251.71,26941,1,8.448,
spanner,251.72,26942,1,8.446,
spanner,251.73,26943,1,8.583,
spanner,251.74,26944,1,7.297,
spanner,251.74,26945,1,7.876,
spanner,251.75,26946,1,7.025,
spanner,251.76,26947,1,8.808,
spanner,251.77,26948,1,8.897,
spanner,251.78,26949,1,7.442,
spanner,251.78,26950,1,7.002,
spanner,251.79,26951,1,8.465,
spanner,251.80,26952,1,8.435,
spanner,251.81,26953,1,9.138,
spanner,251.82,26954,1,9.148,
spanner,251.83,26955,1,8.439,
spanner,251.83,26956,1,8.747,
spanner,251.84,26957,1,9.903,
spanner,251.85,26958,1,9.487,
spanner,251.86,26959,1,12.796,
spanner,251.88,26960,1,11.422,
spanner,251.89,26961,1,11.779,
spanner,251.90,26962,1,13.540,
spanner,251.91,26963,1,9.457,
spanner,251.92,26964,1,8.130,
spanner,251.93,26965,1,7.679,
spanner,251.94,26966,1,10.499,
spanner,251.95,26967,1,10.604,
spanner,251.96,26968,1,12.739,
spanner,251.97,26969,1,12.158,
spanner,251.98,26970,1,13.065,
spanner,252.00,26971,1,12.039,
spanner,252.01,26972,1,11.639,
spanner,252.02,26973,1,9.726,
spanner,252.03,26974,1,11.087,
spanner,252.04,26975,1,11.548,
spanner,252.05,26976,1,11.763,
spanner,252.07,26977,1,11.533,
spanner,252.08,26978,1,11.074,
spanner,252.09,26979,1,12.882,
spanner,252.10,26980,1,12.998,
spanner,252.11,26981,1,11.390,
spanner,252.13,26982,1,10.361,
spanner,252.14,26983,1,8.551,
spanner,252.14,26984,1,9.347,
spanner,252.15,26985,1,10.639,
spanner,252.16,26986,1,10.737,
spanner,252.18,26987,1,9.773,
spanner,252.18,26988,1,16.816,
spanner,252.20,26989,1,11.946,
spanner,252.21,26990,1,9.876,
spanner,252.22,26991,1,8.644,
spanner,252.23,26992,1,8.181,
spanner,252.24,26993,1,7.630,
spanner,252.25,26994,1,18.996,
spanner,252.27,26995,1,8.309,
spanner,252.28,26996,1,8.854,
spanner,252.28,26997,1,9.742,
spanner,252.29,26998,1,10.505,
spanner,252.30,26999,1,9.532,
spanner,252.31,27000,1,9.074,
spanner,252.32,27001,1,8.583,
spanner,252.33,27002,1,9.438,
spanner,252.34,27003,1,10.000,
spanner,252.35,27004,1,17.810,
spanner,252.37,27005,1,9.181,
spanner,252.38,27006,1,9.103,
spanner,252.39,27007,1,9.318,
spanner,252.40,27008,1,8.431,
spanner,252.41,27009,1,8.400,
spanner,252.41,27010,1,8.665,
spanner,252.42,27011,1,9.956,
spanner,252.43,27012,1,10.019,
spanner,252.44,27013,1,10.660,
spanner,252.45,27014,1,16.547,
spanner,252.47,27015,1,10.309,
spanner,252.48,27016,1,9.237,
spanner,252.49,27017,1,7.748,
spanner,252.50,27018,1,7.945,
spanner,252.51,27019,1,7.354,
spanner,252.51,27020,1,7.243,
spanner,252.52,27021,1,6.349,
spanner,252.53,27022,1,6.899,
spanner,252.53,27023,1,7.546,
spanner,252.54,27024,1,7.629,
spanner,252.55,27025,1,7.060,
spanner,252.56,27026,1,6.501,
spanner,252.56,27027,1,6.304,
spanner,252.57,27028,1,7.405,
spanner,252.58,27029,1,8.082,
spanner,252.58,27030,1,8.717,
spanner,252.59,27031,1,9.073,
spanner,252.60,27032,1,9.003,
spanner,252.61,27033,1,8.723,
spanner,252.62,27034,1,10.163,
spanner,252.63,27035,1,8.210,
spanner,252.64,27036,1,8.099,
spanner,252.65,27037,1,6.024,
spanner,252.65,27038,1,6.073,
spanner,252.66,27039,1,6.680,
spanner,252.67,27040,1,6.326,
spanner,252.67,27041,1,6.964,
spanner,252.68,27042,1,11.074,
spanner,252.69,27043,1,9.134,
spanner,252.70,27044,1,10.574,
spanner,252.71,27045,1,7.916,
spanner,252.72,27046,1,6.961,
spanner,252.72,27047,1,7.102,
spanner,252.73,27048,1,7.176,
spanner,252.74,27049,1,7.925,
spanner,252.75,27050,1,7.398,
spanner,252.75,27051,1,7.121,
spanner,252.76,27052,1,7.226,
spanner,252.77,27053,1,7.790,
spanner,252.78,27054,1,7.656,
spanner,252.78,27055,1,6.654,
spanner,252.79,27056,1,6.687,
spanner,252.80,27057,1,8.683,
spanner,252.81,27058,1,7.232,
spanner,252.81,27059,1,7.166,
spanner,252.82,27060,1,5.899,
spanner,252.83,27061,1,6.827,
spanner,252.83,27062,1,7.357,
spanner,252.84,27063,1,8.811,
spanner,252.85,27064,1,7.682,
spanner,252.86,27065,1,7.691,
spanner,252.87,27066,1,8.441,
spanner,252.87,27067,1,7.085,
spanner,252.88,27068,1,6.799,
spanner,252.89,27069,1,6.167,
spanner,252.89,27070,1,5.845,
spanner,252.90,27071,1,6.218,
spanner,252.91,27072,1,5.921,
spanner,252.91,27073,1,6.565,
spanner,252.92,27074,1,7.020,
spanner,252.93,27075,1,6.490,
spanner,252.93,27076,1,6.838,
spanner,252.94,27077,1,6.670,
spanner,252.95,27078,1,5.956,
spanner,252.95,27079,1,5.853,
spanner,252.96,27080,1,6.222,
spanner,252.96,27081,1,6.104,
spanner,252.97,27082,1,6.417,
spanner,252.98,27083,1,7.826,
spanner,252.98,27084,1,7.220,
spanner,252.99,27085,1,6.632,
spanner,253.00,27086,1,7.006,
spanner,253.00,27087,1,6.430,
spanner,253.01,27088,1,6.754,
spanner,253.02,27089,1,6.838,
spanner,253.03,27090,1,6.627,
spanner,253.03,27091,1,6.700,
spanner,253.04,27092,1,6.577,
spanner,253.05,27093,1,6.578,
spanner,253.05,27094,1,5.887,
spanner,253.06,27095,1,7.421,
spanner,253.06,27096,1,8.911,
spanner,253.07,27097,1,8.949,
spanner,253.08,27098,1,11.029,
spanner,253.09,27099,1,8.704,
spanner,253.10,27100,1,7.484,
spanner,253.11,27101,1,7.329,
spanner,253.12,27102,1,8.624,
spanner,253.13,27103,1,7.515,
spanner,253.13,27104,1,6.786,
spanner,253.14,27105,1,6.246,
spanner,253.15,27106,1,6.347,
spanner,253.15,27107,1,6.108,
spanner,253.16,27108,1,6.097,
spanner,253.17,27109,1,6.313,
spanner,253.17,27110,1,6.648,
spanner,253.18,27111,1,6.179,
spanner,253.18,27112,1,6.297,
spanner,253.19,27113,1,6.169,
spanner,253.20,27114,1,6.722,
spanner,253.20,27115,1,7.462,
spanner,253.21,27116,1,7.084,
spanner,253.22,27117,1,6.956,
spanner,253.23,27118,1,6.927,
spanner,253.23,27119,1,9.581,
spanner,253.24,27120,1,9.796,
spanner,253.25,27121,1,6.590,
spanner,253.26,27122,1,8.363,
spanner,253.27,27123,1,8.750,
spanner,253.28,27124,1,8.605,
spanner,253.28,27125,1,8.903,
spanner,253.29,27126,1,7.620,
spanner,253.30,27127,1,8.561,
spanner,253.31,27128,1,9.709,
spanner,253.32,27129,1,8.138,
spanner,253.33,27130,1,8.077,
spanner,253.34,27131,1,7.603,
spanner,253.34,27132,1,7.599,
spanner,253.35,27133,1,7.994,
spanner,253.36,27134,1,10.849,
spanner,253.37,27135,1,12.679,
spanner,253.38,27136,1,11.889,
spanner,253.39,27137,1,11.494,
spanner,253.41,27138,1,11.464,
spanner,253.42,27139,1,11.399,
spanner,253.43,27140,1,9.630,
spanner,253.44,27141,1,10.995,
spanner,253.45,27142,1,13.268,
spanner,253.46,27143,1,10.880,
spanner,253.47,27144,1,10.991,
spanner,253.48,27145,1,8.091,
spanner,253.49,27146,1,8.654,
spanner,253.50,27147,1,9.594,
spanner,253.51,27148,1,10.079,
spanner,253.52,27149,1,9.947,
spanner,253.53,27150,1,9.438,
spanner,253.54,27151,1,8.887,
spanner,253.55,27152,1,9.609,
spanner,253.56,27153,1,9.250,
spanner,253.57,27154,1,10.338,
spanner,253.58,27155,1,10.394,
spanner,253.59,27156,1,11.414,
spanner,253.60,27157,1,11.694,
spanner,253.61,27158,1,10.975,
spanner,253.62,27159,1,11.434,
spanner,253.64,27160,1,8.604,
spanner,253.64,27161,1,10.001,
spanner,253.65,27162,1,10.439,
spanner,253.66,27163,1,10.762,
spanner,253.68,27164,1,11.393,
spanner,253.69,27165,1,10.687,
spanner,253.70,27166,1,13.125,
spanner,253.71,27167,1,8.561,
spanner,253.72,27168,1,8.473,
spanner,253.73,27169,1,8.113,
spanner,253.74,27170,1,8.099,
spanner,253.74,27171,1,8.416,
spanner,253.75,27172,1,8.270,
spanner,253.76,27173,1,7.530,
spanner,253.77,27174,1,7.858,
spanner,253.78,27175,1,7.473,
spanner,253.78,27176,1,9.736,
spanner,253.79,27177,1,11.181,
spanner,253.80,27178,1,10.059,
spanner,253.81,27179,1,10.204,
spanner,253.82,27180,1,10.477,
spanner,253.84,27181,1,9.206,
spanner,253.84,27182,1,11.717,
spanner,253.86,27183,1,12.746,
spanner,253.87,27184,1,12.217,
spanner,253.88,27185,1,12.464,
spanner,253.89,27186,1,10.083,
spanner,253.90,27187,1,10.700,
spanner,253.91,27188,1,10.114,
spanner,253.93,27189,1,10.006,
spanner,253.94,27190,1,12.282,
spanner,253.95,27191,1,12.100,
spanner,253.96,27192,1,12.516,
spanner,253.97,27193,1,12.635,
spanner,253.98,27194,1,11.986,
spanner,254.00,27195,1,12.473,
spanner,254.01,27196,1,11.994,
spanner,254.02,27197,1,13.401,
spanner,254.03,27198,1,12.237,
spanner,254.05,27199,1,9.059,
spanner,254.06,27200,1,9.577,
spanner,254.07,27201,1,13.275,
spanner,254.08,27202,1,13.641,
spanner,254.09,27203,1,13.758,
spanner,254.11,27204,1,12.441,
spanner,254.12,27205,1,13.502,
spanner,254.13,27206,1,14.959,
spanner,254.15,27207,1,8.689,
spanner,254.16,27208,1,11.630,
spanner,254.17,27209,1,12.719,
spanner,254.18,27210,1,9.642,
spanner,254.19,27211,1,11.190,
spanner,254.20,27212,1,12.289,
spanner,254.21,27213,1,9.867,
spanner,254.22,27214,1,12.434,
spanner,254.24,27215,1,10.416,
spanner,254.25,27216,1,11.074,
spanner,254.26,27217,1,10.153,
spanner,254.27,27218,1,8.222,
spanner,254.28,27219,1,9.280,
spanner,254.29,27220,1,10.557,
spanner,254.30,27221,1,9.768,
spanner,254.31,27222,1,12.190,
spanner,254.32,27223,1,12.390,
spanner,254.33,27224,1,12.950,
spanner,254.34,27225,1,13.204,
spanner,254.36,27226,1,12.657,
spanner,254.37,27227,1,12.459,
spanner,254.38,27228,1,12.296,
spanner,254.39,27229,1,12.092,
spanner,254.41,27230,1,12.311,
spanner,254.42,27231,1,13.010,
spanner,254.43,27232,1,12.386,
spanner,254.44,27233,1,10.765,
spanner,254.46,27234,1,13.642,
spanner,254.47,27235,1,9.455,
spanner,254.48,27236,1,8.945,
spanner,254.49,27237,1,9.318,
spanner,254.50,27238,1,9.383,
spanner,254.51,27239,1,8.727,
spanner,254.52,27240,1,9.912,
spanner,254.52,27241,1,10.127,
spanner,254.54,27242,1,13.537,
spanner,254.55,27243,1,10.128,
spanner,254.56,27244,1,7.565,
spanner,254.57,27245,1,6.982,
spanner,254.57,27246,1,9.382,
spanner,254.58,27247,1,10.779,
spanner,254.59,27248,1,11.058,
spanner,254.60,27249,1,12.291,
spanner,254.62,27250,1,12.602,
spanner,254.63,27251,1,11.455,
spanner,254.64,27252,1,9.393,
spanner,254.65,27253,1,10.792,
spanner,254.66,27254,1,8.998,
spanner,254.67,27255,1,9.550,
spanner,254.68,27256,1,11.293,
spanner,254.69,27257,1,12.049,
spanner,254.70,27258,1,11.953,
spanner,254.72,27259,1,6.122,
spanner,254.72,27260,1,6.945,
spanner,254.73,27261,1,7.798,
spanner,254.74,27262,1,8.298,
spanner,254.74,27263,1,6.935,
spanner,254.75,27264,1,6.294,
spanner,254.76,27265,1,5.957,
spanner,254.76,27266,1,6.932,
spanner,254.77,27267,1,6.405,
spanner,254.78,27268,1,6.982,
spanner,254.78,27269,1,6.473,
spanner,254.79,27270,1,7.154,
spanner,254.80,27271,1,6.591,
spanner,254.80,27272,1,6.984,
spanner,254.81,27273,1,6.977,
spanner,254.82,27274,1,7.294,
spanner,254.83,27275,1,6.965,
spanner,254.83,27276,1,6.594,
spanner,254.84,27277,1,6.082,
spanner,254.85,27278,1,6.066,
spanner,254.85,27279,1,6.274,
spanner,254.86,27280,1,6.996,
spanner,254.87,27281,1,7.376,
spanner,254.87,27282,1,9.821,
spanner,254.88,27283,1,9.340,
spanner,254.89,27284,1,9.120,
spanner,254.90,27285,1,6.956,
spanner,254.91,27286,1,7.018,
spanner,254.92,27287,1,6.326,
spanner,254.92,27288,1,6.074,
spanner,254.93,27289,1,8.217,
spanner,254.94,27290,1,8.949,
spanner,254.94,27291,1,8.343,
spanner,254.95,27292,1,9.378,
spanner,254.96,27293,1,10.808,
spanner,254.97,27294,1,9.516,
spanner,254.98,27295,1,10.738,
spanner,254.99,27296,1,9.207,
spanner,255.00,27297,1,12.775,
spanner,255.02,27298,1,6.859,
spanner,255.02,27299,1,7.546,
spanner,255.03,27300,1,7.554,
spanner,255.04,27301,1,7.202,
spanner,255.05,27302,1,8.384,
spanner,255.05,27303,1,8.184,
spanner,255.06,27304,1,7.005,
spanner,255.07,27305,1,6.305,
spanner,255.08,27306,1,6.256,
spanner,255.08,27307,1,7.186,
spanner,255.09,27308,1,6.000,
spanner,255.09,27309,1,6.426,
spanner,255.10,27310,1,7.398,
spanner,255.11,27311,1,6.857,
spanner,255.12,27312,1,7.061,
spanner,255.12,27313,1,8.363,
spanner,255.13,27314,1,7.222,
spanner,255.14,27315,1,8.762,
spanner,255.15,27316,1,10.242,
spanner,255.16,27317,1,8.932,
spanner,255.17,27318,1,10.602,
spanner,255.18,27319,1,10.609,
spanner,255.19,27320,1,9.803,
spanner,255.20,27321,1,9.213,
spanner,255.21,27322,1,9.482,
spanner,255.22,27323,1,8.039,
spanner,255.22,27324,1,9.252,
spanner,255.23,27325,1,8.478,
spanner,255.24,27326,1,7.316,
spanner,255.25,27327,1,8.646,
spanner,255.26,27328,1,8.395,
spanner,255.27,27329,1,8.001,
spanner,255.27,27330,1,8.002,
spanner,255.28,27331,1,7.159,
spanner,255.29,27332,1,8.175,
spanner,255.30,27333,1,8.102,
spanner,255.31,27334,1,8.886,
spanner,255.32,27335,1,7.257,
spanner,255.32,27336,1,8.558,
spanner,255.33,27337,1,8.874,
spanner,255.34,27338,1,8.260,
spanner,255.35,27339,1,7.489,
spanner,255.36,27340,1,6.986,
spanner,255.36,27341,1,7.550,
spanner,255.37,27342,1,8.549,
spanner,255.38,27343,1,7.762,
spanner,255.39,27344,1,8.272,
spanner,255.39,27345,1,8.611,
spanner,255.40,27346,1,11.336,
spanner,255.41,27347,1,12.478,
spanner,255.43,27348,1,9.878,
spanner,255.44,27349,1,9.183,
spanner,255.45,27350,1,9.936,
spanner,255.46,27351,1,8.768,
spanner,255.47,27352,1,7.275,
spanner,255.47,27353,1,9.889,
spanner,255.48,27354,1,7.625,
spanner,255.49,27355,1,7.308,
spanner,255.50,27356,1,8.315,
spanner,255.51,27357,1,7.525,
spanner,255.51,27358,1,9.134,
spanner,255.52,27359,1,8.072,
spanner,255.53,27360,1,9.663,
spanner,255.54,27361,1,9.078,
spanner,255.55,27362,1,10.118,
spanner,255.56,27363,1,8.990,
spanner,255.57,27364,1,11.758,
spanner,255.58,27365,1,9.641,
spanner,255.59,27366,1,11.624,
spanner,255.60,27367,1,9.253,
spanner,255.61,27368,1,7.447,
spanner,255.62,27369,1,7.177,
spanner,255.63,27370,1,7.395,
spanner,255.63,27371,1,7.336,
spanner,255.64,27372,1,9.543,
spanner,255.65,27373,1,9.699,
spanner,255.66,27374,1,11.592,
spanner,255.67,27375,1,10.970,
spanner,255.68,27376,1,8.618,
spanner,255.69,27377,1,9.522,
spanner,255.70,27378,1,11.529,
spanner,255.71,27379,1,7.676,
spanner,255.72,27380,1,7.231,
spanner,255.73,27381,1,7.336,
spanner,255.73,27382,1,7.988,
spanner,255.74,27383,1,9.476,
spanner,255.75,27384,1,8.039,
spanner,255.76,27385,1,7.940,
spanner,255.77,27386,1,7.905,
spanner,255.78,27387,1,8.551,
spanner,255.78,27388,1,9.323,
spanner,255.79,27389,1,9.894,
spanner,255.80,27390,1,9.570,
spanner,255.81,27391,1,11.020,
spanner,255.82,27392,1,12.232,
spanner,255.84,27393,1,10.511,
spanner,255.85,27394,1,11.005,
spanner,255.86,27395,1,10.943,
spanner,255.87,27396,1,11.933,
spanner,255.88,27397,1,10.678,
spanner,255.89,27398,1,8.268,
spanner,255.90,27399,1,9.231,
spanner,255.91,27400,1,10.272,
spanner,255.92,27401,1,12.019,
spanner,255.93,27402,1,12.478,
spanner,255.94,27403,1,10.933,
spanner,255.96,27404,1,10.459,
spanner,255.97,27405,1,9.866,
spanner,255.98,27406,1,12.188,
spanner,255.99,27407,1,12.781,
spanner,256.00,27408,1,12.166,
spanner,256.01,27409,1,10.610,
spanner,256.02,27410,1,9.555,
spanner,256.03,27411,1,11.470,
spanner,256.05,27412,1,13.162,
spanner,256.06,27413,1,10.449,
spanner,256.07,27414,1,11.304,
spanner,256.08,27415,1,9.375,
spanner,256.09,27416,1,9.449,
spanner,256.10,27417,1,8.736,
spanner,256.11,27418,1,8.520,
spanner,256.12,27419,1,8.952,
spanner,256.13,27420,1,9.201,
spanner,256.13,27421,1,12.289,
spanner,256.15,27422,1,13.869,
spanner,256.16,27423,1,12.572,
spanner,256.17,27424,1,12.790,
spanner,256.19,27425,1,11.901,
spanner,256.20,27426,1,12.830,
spanner,256.21,27427,1,9.404,
spanner,256.22,27428,1,9.706,
spanner,256.23,27429,1,10.179,
spanner,256.24,27430,1,9.470,
spanner,256.25,27431,1,10.293,
spanner,256.26,27432,1,13.319,
spanner,256.27,27433,1,13.813,
spanner,256.29,27434,1,10.433,
spanner,256.30,27435,1,9.942,
spanner,256.31,27436,1,10.067,
spanner,256.32,27437,1,9.175,
spanner,256.33,27438,1,10.922,
spanner,256.34,27439,1,10.001,
spanner,256.35,27440,1,7.830,
spanner,256.36,27441,1,6.939,
spanner,256.36,27442,1,6.327,
spanner,256.37,27443,1,6.504,
spanner,256.38,27444,1,7.147,
spanner,256.38,27445,1,7.406,
spanner,256.39,27446,1,6.525,
spanner,256.40,27447,1,6.770,
spanner,256.40,27448,1,7.184,
spanner,256.41,27449,1,6.695,
spanner,256.42,27450,1,6.673,
spanner,256.42,27451,1,6.316,
spanner,256.43,27452,1,6.349,
spanner,256.44,27453,1,6.551,
spanner,256.44,27454,1,6.578,
spanner,256.45,27455,1,6.913,
spanner,256.46,27456,1,6.660,
spanner,256.46,27457,1,6.730,
spanner,256.47,27458,1,6.574,
spanner,256.48,27459,1,6.850,
spanner,256.48,27460,1,6.705,
spanner,256.49,27461,1,6.399,
spanner,256.50,27462,1,7.492,
spanner,256.51,27463,1,7.093,
spanner,256.51,27464,1,7.569,
spanner,256.52,27465,1,6.755,
spanner,256.53,27466,1,7.486,
spanner,256.53,27467,1,6.111,
spanner,256.54,27468,1,6.079,
spanner,256.55,27469,1,6.345,
spanner,256.55,27470,1,5.957,
spanner,256.56,27471,1,6.408,
spanner,256.57,27472,1,6.459,
spanner,256.57,27473,1,9.634,
spanner,256.58,27474,1,10.949,
spanner,256.59,27475,1,9.337,
spanner,256.60,27476,1,9.047,
spanner,256.61,27477,1,8.555,
spanner,256.62,27478,1,7.727,
spanner,256.63,27479,1,6.217,
spanner,256.63,27480,1,8.173,
spanner,256.64,27481,1,10.272,
spanner,256.65,27482,1,11.179,
spanner,256.66,27483,1,12.109,
spanner,256.68,27484,1,11.157,
spanner,256.69,27485,1,9.156,
spanner,256.70,27486,1,7.447,
spanner,256.70,27487,1,8.756,
spanner,256.71,27488,1,9.790,
spanner,256.72,27489,1,7.916,
spanner,256.73,27490,1,7.271,
spanner,256.74,27491,1,7.407,
spanner,256.74,27492,1,7.758,
spanner,256.75,27493,1,6.848,
spanner,256.76,27494,1,6.634,
spanner,256.77,27495,1,6.056,
spanner,256.77,27496,1,5.995,
spanner,256.78,27497,1,6.312,
spanner,256.78,27498,1,7.415,
spanner,256.79,27499,1,7.072,
spanner,256.80,27500,1,6.706,
spanner,256.81,27501,1,7.454,
spanner,256.81,27502,1,8.082,
spanner,256.82,27503,1,6.265,
spanner,256.83,27504,1,6.065,
spanner,256.83,27505,1,6.359,
spanner,256.84,27506,1,5.987,
spanner,256.85,27507,1,6.330,
spanner,256.85,27508,1,6.126,
spanner,256.86,27509,1,6.856,
spanner,256.87,27510,1,7.776,
spanner,256.87,27511,1,7.786,
spanner,256.88,27512,1,10.485,
spanner,256.89,27513,1,9.341,
spanner,256.90,27514,1,7.429,
spanner,256.91,27515,1,6.904,
spanner,256.92,27516,1,7.561,
spanner,256.92,27517,1,10.154,
spanner,256.93,27518,1,11.422,
spanner,256.94,27519,1,10.629,
spanner,256.96,27520,1,9.359,
spanner,256.96,27521,1,8.432,
spanner,256.97,27522,1,10.306,
spanner,256.98,27523,1,10.744,
spanner,256.99,27524,1,9.969,
spanner,257.00,27525,1,8.894,
spanner,257.01,27526,1,8.921,
spanner,257.02,27527,1,10.755,
spanner,257.03,27528,1,9.541,
spanner,257.04,27529,1,7.674,
spanner,257.05,27530,1,7.114,
spanner,257.06,27531,1,7.103,
spanner,257.06,27532,1,6.785,
spanner,257.07,27533,1,6.305,
spanner,257.08,27534,1,7.518,
spanner,257.09,27535,1,7.538,
spanner,257.09,27536,1,7.427,
spanner,257.10,27537,1,7.409,
spanner,257.11,27538,1,7.941,
spanner,257.12,27539,1,9.292,
spanner,257.12,27540,1,8.693,
spanner,257.13,27541,1,10.090,
spanner,257.14,27542,1,9.999,
spanner,257.15,27543,1,7.407,
spanner,257.16,27544,1,8.143,
spanner,257.17,27545,1,8.891,
spanner,257.18,27546,1,9.110,
spanner,257.19,27547,1,9.644,
spanner,257.20,27548,1,8.833,
spanner,257.21,27549,1,8.678,
spanner,257.21,27550,1,7.554,
spanner,257.22,27551,1,8.810,
spanner,257.23,27552,1,9.444,
spanner,257.24,27553,1,8.142,
spanner,257.25,27554,1,7.986,
spanner,257.26,27555,1,7.852,
spanner,257.26,27556,1,7.903,
spanner,257.27,27557,1,7.426,
spanner,257.28,27558,1,7.255,
spanner,257.29,27559,1,8.025,
spanner,257.30,27560,1,7.161,
spanner,257.30,27561,1,6.933,
spanner,257.31,27562,1,7.821,
spanner,257.32,27563,1,8.015,
spanner,257.33,27564,1,9.160,
spanner,257.33,27565,1,10.098,
spanner,257.34,27566,1,10.076,
spanner,257.35,27567,1,11.171,
spanner,257.37,27568,1,8.384,
spanner,257.37,27569,1,8.380,
spanner,257.38,27570,1,9.173,
spanner,257.39,27571,1,8.985,
spanner,257.40,27572,1,10.781,
spanner,257.41,27573,1,11.004,
spanner,257.42,27574,1,10.293,
spanner,257.43,27575,1,8.385,
spanner,257.44,27576,1,8.966,
spanner,257.45,27577,1,10.831,
spanner,257.46,27578,1,13.027,
spanner,257.47,27579,1,9.535,
spanner,257.48,27580,1,10.856,
spanner,257.50,27581,1,13.117,
spanner,257.51,27582,1,11.139,
spanner,257.52,27583,1,10.822,
spanner,257.53,27584,1,11.324,
spanner,257.54,27585,1,11.758,
spanner,257.55,27586,1,12.539,
spanner,257.57,27587,1,12.046,
spanner,257.58,27588,1,10.583,
spanner,257.59,27589,1,10.997,
spanner,257.60,27590,1,9.221,
spanner,257.61,27591,1,10.474,
spanner,257.62,27592,1,13.192,
spanner,257.63,27593,1,10.555,
spanner,257.64,27594,1,9.804,
spanner,257.65,27595,1,9.328,
spanner,257.66,27596,1,13.227,
spanner,257.68,27597,1,12.587,
spanner,257.69,27598,1,12.976,
spanner,257.70,27599,1,11.968,
spanner,257.71,27600,1,8.057,
spanner,257.72,27601,1,8.337,
spanner,257.73,27602,1,8.789,
spanner,257.74,27603,1,8.724,
spanner,257.75,27604,1,8.687,
spanner,257.76,27605,1,8.080,
spanner,257.76,27606,1,8.071,
spanner,257.77,27607,1,7.837,
spanner,257.78,27608,1,9.488,
spanner,257.79,27609,1,12.166,
spanner,257.80,27610,1,12.556,
spanner,257.81,27611,1,12.026,
spanner,257.83,27612,1,10.941,
spanner,257.84,27613,1,11.058,
spanner,257.85,27614,1,12.125,
spanner,257.86,27615,1,13.637,
spanner,257.87,27616,1,12.657,
spanner,257.89,27617,1,12.425,
spanner,257.90,27618,1,11.424,
spanner,257.91,27619,1,12.165,
spanner,257.92,27620,1,11.601,
spanner,257.94,27621,1,13.351,
spanner,257.95,27622,1,12.807,
spanner,257.96,27623,1,12.303,
spanner,257.97,27624,1,12.621,
spanner,257.99,27625,1,13.723,
spanner,258.00,27626,1,14.464,
spanner,258.02,27627,1,13.882,
spanner,258.03,27628,1,11.922,
spanner,258.04,27629,1,9.330,
spanner,258.05,27630,1,8.835,
spanner,258.06,27631,1,8.617,
spanner,258.07,27632,1,8.576,
spanner,258.08,27633,1,8.366,
spanner,258.08,27634,1,8.671,
spanner,258.09,27635,1,8.476,
spanner,258.10,27636,1,8.508,
spanner,258.11,27637,1,9.116,
spanner,258.12,27638,1,10.572,
spanner,258.13,27639,1,13.351,
spanner,258.14,27640,1,10.800,
spanner,258.15,27641,1,10.284,
spanner,258.16,27642,1,12.776,
spanner,258.18,27643,1,10.162,
spanner,258.19,27644,1,8.798,
spanner,258.20,27645,1,7.319,
spanner,258.20,27646,1,8.189,
spanner,258.21,27647,1,8.174,
spanner,258.22,27648,1,7.362,
spanner,258.23,27649,1,6.253,
spanner,258.23,27650,1,6.386,
spanner,258.24,27651,1,5.895,
spanner,258.25,27652,1,5.662,
spanner,258.25,27653,1,6.284,
spanner,258.26,27654,1,6.223,
spanner,258.26,27655,1,7.935,
spanner,258.27,27656,1,8.017,
spanner,258.28,27657,1,9.547,
spanner,258.29,27658,1,8.187,
spanner,258.30,27659,1,7.525,
spanner,258.31,27660,1,8.133,
spanner,258.31,27661,1,6.457,
spanner,258.32,27662,1,6.493,
spanner,258.33,27663,1,7.715,
spanner,258.33,27664,1,8.998,
spanner,258.34,27665,1,7.570,
spanner,258.35,27666,1,7.085,
spanner,258.36,27667,1,8.050,
spanner,258.37,27668,1,7.318,
spanner,258.37,27669,1,7.869,
spanner,258.38,27670,1,9.371,
spanner,258.39,27671,1,8.730,
spanner,258.40,27672,1,8.556,
spanner,258.41,27673,1,10.796,
spanner,258.42,27674,1,10.831,
spanner,258.43,27675,1,11.849,
spanner,258.44,27676,1,10.373,
spanner,258.45,27677,1,11.085,
spanner,258.46,27678,1,10.081,
spanner,258.47,27679,1,7.158,
spanner,258.48,27680,1,8.256,
spanner,258.49,27681,1,7.721,
spanner,258.50,27682,1,8.009,
spanner,258.51,27683,1,6.056,
spanner,258.51,27684,1,6.240,
spanner,258.52,27685,1,6.306,
spanner,258.52,27686,1,5.826,
spanner,258.53,27687,1,5.745,
spanner,258.54,27688,1,6.099,
spanner,258.54,27689,1,7.000,
spanner,258.55,27690,1,7.767,
spanner,258.56,27691,1,9.914,
spanner,258.57,27692,1,9.355,
spanner,258.58,27693,1,10.684,
spanner,258.59,27694,1,10.062,
spanner,258.60,27695,1,8.799,
spanner,258.61,27696,1,9.553,
spanner,258.62,27697,1,10.652,
spanner,258.63,27698,1,8.580,
spanner,258.63,27699,1,9.563,
spanner,258.64,27700,1,7.600,
spanner,258.65,27701,1,8.081,
spanner,258.66,27702,1,12.486,
spanner,258.67,27703,1,9.571,
spanner,258.68,27704,1,11.983,
spanner,258.69,27705,1,9.205,
spanner,258.70,27706,1,9.680,
spanner,258.71,27707,1,10.927,
spanner,258.72,27708,1,9.708,
spanner,258.73,27709,1,7.339,
spanner,258.74,27710,1,6.611,
spanner,258.75,27711,1,6.372,
spanner,258.75,27712,1,6.719,
spanner,258.76,27713,1,6.650,
spanner,258.77,27714,1,6.446,
spanner,258.77,27715,1,7.359,
spanner,258.78,27716,1,6.857,
spanner,258.79,27717,1,7.358,
spanner,258.80,27718,1,8.960,
spanner,258.80,27719,1,8.847,
spanner,258.81,27720,1,10.689,
spanner,258.82,27721,1,10.688,
spanner,258.84,27722,1,10.961,
spanner,258.85,27723,1,10.329,
spanner,258.86,27724,1,9.500,
spanner,258.87,27725,1,9.606,
spanner,258.88,27726,1,10.472,
spanner,258.89,27727,1,9.567,
spanner,258.90,27728,1,7.773,
spanner,258.90,27729,1,8.605,
spanner,258.91,27730,1,9.731,
spanner,258.92,27731,1,8.317,
spanner,258.93,27732,1,7.271,
spanner,258.94,27733,1,7.941,
spanner,258.95,27734,1,8.945,
spanner,258.95,27735,1,7.911,
spanner,258.96,27736,1,7.001,
spanner,258.97,27737,1,7.051,
spanner,258.98,27738,1,7.608,
spanner,258.98,27739,1,7.155,
spanner,258.99,27740,1,6.788,
spanner,259.00,27741,1,6.558,
spanner,259.00,27742,1,9.978,
spanner,259.01,27743,1,8.812,
spanner,259.02,27744,1,10.666,
spanner,259.03,27745,1,9.958,
spanner,259.04,27746,1,8.306,
spanner,259.05,27747,1,7.575,
spanner,259.06,27748,1,7.201,
spanner,259.07,27749,1,7.180,
spanner,259.07,27750,1,7.309,
spanner,259.08,27751,1,7.286,
spanner,259.09,27752,1,7.385,
spanner,259.10,27753,1,7.543,
spanner,259.10,27754,1,7.239,
spanner,259.11,27755,1,8.440,
spanner,259.12,27756,1,7.815,
spanner,259.13,27757,1,8.947,
spanner,259.14,27758,1,11.099,
spanner,259.15,27759,1,8.945,
spanner,259.16,27760,1,8.035,
spanner,259.17,27761,1,8.354,
spanner,259.17,27762,1,9.711,
spanner,259.18,27763,1,8.784,
spanner,259.19,27764,1,8.147,
spanner,259.20,27765,1,10.216,
spanner,259.21,27766,1,9.073,
spanner,259.22,27767,1,9.989,
spanner,259.23,27768,1,11.108,
spanner,259.24,27769,1,10.224,
spanner,259.25,27770,1,9.700,
spanner,259.26,27771,1,11.604,
spanner,259.27,27772,1,11.694,
spanner,259.28,27773,1,12.338,
spanner,259.30,27774,1,12.224,
spanner,259.31,27775,1,11.811,
spanner,259.32,27776,1,8.795,
spanner,259.33,27777,1,8.274,
spanner,259.34,27778,1,7.713,
spanner,259.35,27779,1,6.903,
spanner,259.35,27780,1,7.672,
spanner,259.36,27781,1,7.183,
spanner,259.37,27782,1,7.950,
spanner,259.38,27783,1,7.161,
spanner,259.38,27784,1,8.302,
spanner,259.39,27785,1,7.617,
spanner,259.40,27786,1,8.988,
spanner,259.41,27787,1,10.485,
spanner,259.42,27788,1,10.901,
spanner,259.43,27789,1,10.019,
spanner,259.44,27790,1,11.680,
spanner,259.45,27791,1,12.216,
spanner,259.46,27792,1,13.266,
spanner,259.48,27793,1,10.609,
spanner,259.49,27794,1,12.068,
spanner,259.50,27795,1,11.862,
spanner,259.51,27796,1,9.653,
spanner,259.52,27797,1,7.791,
spanner,259.53,27798,1,8.561,
spanner,259.54,27799,1,9.881,
spanner,259.55,27800,1,8.365,
spanner,259.56,27801,1,8.308,
spanner,259.56,27802,1,10.013,
spanner,259.57,27803,1,8.562,
spanner,259.58,27804,1,8.053,
spanner,259.59,27805,1,8.143,
spanner,259.60,27806,1,8.068,
spanner,259.61,27807,1,8.006,
spanner,259.62,27808,1,8.418,
spanner,259.62,27809,1,8.128,
spanner,259.63,27810,1,8.142,
spanner,259.64,27811,1,8.440,
spanner,259.65,27812,1,8.073,
spanner,259.66,27813,1,7.805,
spanner,259.66,27814,1,8.085,
spanner,259.67,27815,1,7.958,
spanner,259.68,27816,1,10.299,
spanner,259.69,27817,1,10.005,
spanner,259.70,27818,1,11.274,
spanner,259.71,27819,1,8.689,
spanner,259.72,27820,1,8.341,
spanner,259.73,27821,1,7.979,
spanner,259.74,27822,1,9.641,
spanner,259.75,27823,1,9.815,
spanner,259.76,27824,1,8.385,
spanner,259.77,27825,1,8.439,
spanner,259.77,27826,1,11.345,
spanner,259.78,27827,1,9.150,
spanner,259.79,27828,1,10.025,
spanner,259.80,27829,1,9.309,
spanner,259.81,27830,1,8.096,
spanner,259.82,27831,1,7.854,
spanner,259.83,27832,1,9.061,
spanner,259.84,27833,1,10.832,
spanner,259.85,27834,1,10.896,
spanner,259.86,27835,1,10.480,
spanner,259.87,27836,1,10.809,
spanner,259.88,27837,1,11.461,
spanner,259.89,27838,1,12.794,
spanner,259.91,27839,1,11.736,
spanner,259.92,27840,1,12.349,
spanner,259.93,27841,1,12.761,
spanner,259.94,27842,1,11.990,
spanner,259.96,27843,1,12.240,
spanner,259.97,27844,1,12.614,
spanner,259.98,27845,1,15.007,
spanner,260.00,27846,1,14.581,
spanner,260.01,27847,1,12.541,
spanner,260.02,27848,1,11.904,
spanner,260.03,27849,1,12.970,
spanner,260.05,27850,1,13.261,
spanner,260.06,27851,1,15.175,
spanner,260.08,27852,1,13.268,
spanner,260.09,27853,1,14.110,
spanner,260.10,27854,1,14.382,
spanner,260.12,27855,1,14.730,
spanner,260.13,27856,1,14.122,
spanner,260.15,27857,1,11.873,
spanner,260.16,27858,1,11.149,
spanner,260.17,27859,1,10.826,
spanner,260.18,27860,1,11.186,
spanner,260.19,27861,1,10.864,
spanner,260.20,27862,1,12.009,
spanner,260.21,27863,1,8.798,
spanner,260.22,27864,1,8.697,
spanner,260.23,27865,1,8.163,
spanner,260.24,27866,1,7.315,
spanner,260.25,27867,1,6.972,
spanner,260.26,27868,1,6.778,
spanner,260.26,27869,1,6.658,
spanner,260.27,27870,1,6.694,
spanner,260.28,27871,1,6.660,
spanner,260.28,27872,1,6.387,
spanner,260.29,27873,1,6.137,
spanner,260.29,27874,1,5.931,
spanner,260.30,27875,1,5.664,
spanner,260.31,27876,1,6.086,
spanner,260.31,27877,1,6.441,
spanner,260.32,27878,1,7.367,
spanner,260.33,27879,1,7.421,
spanner,260.33,27880,1,6.349,
spanner,260.34,27881,1,6.925,
spanner,260.35,27882,1,8.799,
spanner,260.36,27883,1,10.762,
spanner,260.37,27884,1,10.039,
spanner,260.38,27885,1,10.449,
spanner,260.39,27886,1,9.648,
spanner,260.40,27887,1,9.220,
spanner,260.41,27888,1,8.530,
spanner,260.41,27889,1,8.431,
spanner,260.42,27890,1,7.863,
spanner,260.43,27891,1,7.675,
spanner,260.44,27892,1,6.712,
spanner,260.45,27893,1,7.353,
spanner,260.45,27894,1,7.614,
spanner,260.46,27895,1,8.249,
spanner,260.47,27896,1,7.908,
spanner,260.48,27897,1,7.137,
spanner,260.48,27898,1,7.251,
spanner,260.49,27899,1,6.969,
spanner,260.50,27900,1,7.961,
spanner,260.51,27901,1,7.167,
spanner,260.51,27902,1,8.724,
spanner,260.52,27903,1,6.931,
spanner,260.53,27904,1,7.335,
spanner,260.54,27905,1,7.570,
spanner,260.54,27906,1,7.621,
spanner,260.55,27907,1,9.622,
spanner,260.56,27908,1,9.787,
spanner,260.57,27909,1,8.985,
spanner,260.58,27910,1,9.456,
spanner,260.59,27911,1,10.227,
spanner,260.60,27912,1,11.873,
spanner,260.61,27913,1,12.701,
spanner,260.62,27914,1,12.821,
spanner,260.64,27915,1,11.759,
spanner,260.65,27916,1,10.062,
spanner,260.66,27917,1,9.647,
spanner,260.67,27918,1,11.696,
spanner,260.68,27919,1,11.522,
spanner,260.69,27920,1,11.125,
spanner,260.70,27921,1,10.946,
spanner,260.71,27922,1,8.232,
spanner,260.72,27923,1,6.443,
spanner,260.73,27924,1,6.669,
spanner,260.74,27925,1,6.804,
spanner,260.74,27926,1,6.965,
spanner,260.75,27927,1,6.418,
spanner,260.76,27928,1,8.383,
spanner,260.76,27929,1,9.145,
spanner,260.77,27930,1,7.603,
spanner,260.78,27931,1,6.953,
spanner,260.79,27932,1,6.075,
spanner,260.79,27933,1,7.165,
spanner,260.80,27934,1,8.077,
spanner,260.81,27935,1,7.543,
spanner,260.82,27936,1,8.079,
spanner,260.83,27937,1,9.528,
spanner,260.84,27938,1,8.855,
spanner,260.84,27939,1,8.065,
spanner,260.85,27940,1,10.846,
spanner,260.86,27941,1,10.396,
spanner,260.87,27942,1,10.657,
spanner,260.88,27943,1,9.286,
spanner,260.89,27944,1,9.061,
spanner,260.90,27945,1,6.899,
spanner,260.91,27946,1,7.100,
spanner,260.92,27947,1,6.632,
spanner,260.92,27948,1,8.705,
spanner,260.93,27949,1,8.479,
spanner,260.94,27950,1,7.758,
spanner,260.95,27951,1,7.691,
spanner,260.96,27952,1,7.156,
spanner,260.96,27953,1,7.276,
spanner,260.97,27954,1,6.928,
spanner,260.98,27955,1,7.161,
spanner,260.98,27956,1,6.975,
spanner,260.99,27957,1,6.979,
spanner,261.00,27958,1,7.419,
spanner,261.01,27959,1,7.417,
spanner,261.01,27960,1,7.071,
spanner,261.02,27961,1,7.083,
spanner,261.03,27962,1,7.984,
spanner,261.04,27963,1,6.676,
spanner,261.04,27964,1,6.604,
spanner,261.05,27965,1,7.474,
spanner,261.06,27966,1,7.763,
spanner,261.06,27967,1,7.285,
spanner,261.07,27968,1,7.373,
spanner,261.08,27969,1,6.550,
spanner,261.09,27970,1,6.973,
spanner,261.09,27971,1,6.891,
spanner,261.10,27972,1,7.525,
spanner,261.11,27973,1,8.277,
spanner,261.12,27974,1,9.534,
spanner,261.13,27975,1,10.270,
spanner,261.14,27976,1,10.698,
spanner,261.15,27977,1,10.399,
spanner,261.16,27978,1,11.256,
spanner,261.17,27979,1,11.833,
spanner,261.18,27980,1,12.234,
spanner,261.19,27981,1,11.102,
spanner,261.20,27982,1,12.967,
spanner,261.22,27983,1,9.773,
spanner,261.23,27984,1,7.722,
spanner,261.23,27985,1,8.451,
spanner,261.24,27986,1,8.160,
spanner,261.25,27987,1,8.424,
spanner,261.26,27988,1,7.058,
spanner,261.27,27989,1,7.826,
spanner,261.27,27990,1,7.846,
spanner,261.28,27991,1,11.095,
spanner,261.29,27992,1,10.295,
spanner,261.30,27993,1,8.825,
spanner,261.31,27994,1,8.279,
spanner,261.32,27995,1,8.311,
spanner,261.33,27996,1,7.903,
spanner,261.34,27997,1,8.111,
spanner,261.34,27998,1,7.739,
spanner,261.35,27999,1,7.231,
spanner,261.36,28000,1,6.813,
spanner,261.37,28001,1,7.659,
spanner,261.37,28002,1,9.535,
spanner,261.38,28003,1,10.381,
spanner,261.39,28004,1,11.653,
spanner,261.41,28005,1,11.543,
spanner,261.42,28006,1,11.269,
spanner,261.43,28007,1,13.715,
spanner,261.44,28008,1,11.009,
spanner,261.45,28009,1,12.291,
spanner,261.47,28010,1,12.053,
spanner,261.48,28011,1,9.501,
spanner,261.49,28012,1,10.862,
spanner,261.50,28013,1,11.866,
spanner,261.51,28014,1,9.842,
spanner,261.52,28015,1,7.985,
spanner,261.53,28016,1,8.890,
spanner,261.54,28017,1,7.849,
spanner,261.55,28018,1,7.967,
spanner,261.55,28019,1,7.867,
spanner,261.56,28020,1,7.196,
spanner,261.57,28021,1,7.469,
spanner,261.58,28022,1,8.644,
spanner,261.58,28023,1,8.809,
spanner,261.59,28024,1,9.890,
spanner,261.60,28025,1,11.296,
spanner,261.61,28026,1,11.326,
spanner,261.63,28027,1,12.914,
spanner,261.64,28028,1,11.437,
spanner,261.65,28029,1,8.607,
spanner,261.66,28030,1,7.528,
spanner,261.67,28031,1,8.025,
spanner,261.67,28032,1,9.265,
spanner,261.68,28033,1,9.766,
spanner,261.69,28034,1,8.809,
spanner,261.70,28035,1,11.355,
spanner,261.71,28036,1,12.270,
spanner,261.73,28037,1,14.994,
spanner,261.74,28038,1,9.556,
spanner,261.75,28039,1,10.495,
spanner,261.76,28040,1,12.299,
spanner,261.77,28041,1,9.198,
spanner,261.78,28042,1,69.981,
spanner,261.85,28043,1,16.043,
spanner,261.87,28044,1,83.222,
spanner,261.95,28045,1,14.233,
spanner,261.97,28046,1,81.995,
spanner,262.05,28047,1,13.507,
spanner,262.06,28048,1,79.973,
spanner,262.14,28049,1,17.240,
spanner,262.16,28050,1,77.779,
spanner,262.24,28051,1,13.905,
spanner,262.25,28052,1,13.068,
spanner,262.26,28053,1,16.892,
spanner,262.28,28054,1,11.138,
spanner,262.29,28055,1,6.751,
spanner,262.30,28056,1,7.302,
spanner,262.31,28057,1,34.039,
spanner,262.34,28058,1,9.960,
spanner,262.35,28059,1,8.874,
spanner,262.36,28060,1,11.367,
spanner,262.37,28061,1,15.743,
spanner,262.39,28062,1,6.684,
spanner,262.39,28063,1,6.518,
spanner,262.40,28064,1,6.041,
spanner,262.41,28065,1,33.921,
spanner,262.44,28066,1,11.589,
spanner,262.45,28067,1,13.078,
spanner,262.47,28068,1,13.515,
spanner,262.48,28069,1,11.993,
spanner,262.49,28070,1,6.289,
spanner,262.50,28071,1,7.506,
spanner,262.50,28072,1,7.120,
spanner,262.51,28073,1,7.253,
spanner,262.52,28074,1,8.571,
spanner,262.53,28075,1,9.468,
spanner,262.54,28076,1,9.550,
spanner,262.55,28077,1,8.548,
spanner,262.56,28078,1,8.136,
spanner,262.56,28079,1,6.913,
spanner,262.57,28080,1,8.925,
spanner,262.58,28081,1,9.651,
spanner,262.59,28082,1,10.613,
spanner,262.60,28083,1,12.049,
spanner,262.61,28084,1,7.118,
spanner,262.62,28085,1,6.552,
spanner,262.63,28086,1,6.137,
spanner,262.63,28087,1,7.804,
spanner,262.64,28088,1,7.996,
spanner,262.65,28089,1,7.056,
spanner,262.65,28090,1,6.753,
spanner,262.66,28091,1,5.796,
spanner,262.67,28092,1,6.382,
spanner,262.67,28093,1,5.911,
spanner,262.68,28094,1,5.987,
spanner,262.69,28095,1,5.812,
spanner,262.69,28096,1,6.127,
spanner,262.70,28097,1,6.559,
spanner,262.70,28098,1,7.675,
spanner,262.71,28099,1,6.453,
spanner,262.72,28100,1,7.328,
spanner,262.73,28101,1,5.970,
spanner,262.73,28102,1,7.074,
spanner,262.74,28103,1,8.130,
spanner,262.75,28104,1,7.627,
spanner,262.75,28105,1,6.697,
spanner,262.76,28106,1,6.502,
spanner,262.77,28107,1,6.174,
spanner,262.77,28108,1,6.846,
spanner,262.78,28109,1,6.920,
spanner,262.79,28110,1,7.483,
spanner,262.80,28111,1,8.704,
spanner,262.80,28112,1,6.665,
spanner,262.81,28113,1,6.348,
spanner,262.82,28114,1,6.181,
spanner,262.82,28115,1,6.561,
spanner,262.83,28116,1,6.731,
spanner,262.84,28117,1,6.262,
spanner,262.84,28118,1,6.204,
spanner,262.85,28119,1,6.743,
spanner,262.86,28120,1,7.103,
spanner,262.86,28121,1,6.652,
spanner,262.87,28122,1,8.184,
spanner,262.88,28123,1,8.395,
spanner,262.89,28124,1,7.189,
spanner,262.89,28125,1,6.720,
spanner,262.90,28126,1,6.407,
spanner,262.91,28127,1,7.399,
spanner,262.91,28128,1,6.993,
spanner,262.92,28129,1,7.760,
spanner,262.93,28130,1,8.111,
spanner,262.94,28131,1,7.214,
spanner,262.94,28132,1,7.856,
spanner,262.95,28133,1,8.133,
spanner,262.96,28134,1,6.983,
spanner,262.97,28135,1,6.966,
spanner,262.97,28136,1,6.923,
spanner,262.98,28137,1,7.929,
spanner,262.99,28138,1,7.610,
spanner,263.00,28139,1,6.885,
spanner,263.00,28140,1,7.705,
spanner,263.01,28141,1,7.798,
spanner,263.02,28142,1,9.851,
spanner,263.03,28143,1,8.157,
spanner,263.04,28144,1,7.937,
spanner,263.05,28145,1,8.317,
spanner,263.05,28146,1,7.887,
spanner,263.06,28147,1,8.497,
spanner,263.07,28148,1,8.553,
spanner,263.08,28149,1,7.610,
spanner,263.09,28150,1,7.953,
spanner,263.09,28151,1,8.831,
spanner,263.10,28152,1,10.471,
spanner,263.11,28153,1,8.814,
spanner,263.12,28154,1,7.481,
spanner,263.13,28155,1,7.411,
spanner,263.14,28156,1,9.676,
spanner,263.15,28157,1,11.331,
spanner,263.16,28158,1,12.570,
spanner,263.17,28159,1,12.196,
spanner,263.18,28160,1,8.442,
spanner,263.19,28161,1,8.150,
spanner,263.20,28162,1,10.111,
spanner,263.21,28163,1,9.548,
spanner,263.22,28164,1,7.788,
spanner,263.23,28165,1,8.994,
spanner,263.24,28166,1,9.049,
spanner,263.25,28167,1,8.603,
spanner,263.25,28168,1,9.421,
spanner,263.26,28169,1,8.456,
spanner,263.27,28170,1,8.730,
spanner,263.28,28171,1,8.246,
spanner,263.29,28172,1,7.690,
spanner,263.30,28173,1,9.695,
spanner,263.31,28174,1,10.056,
spanner,263.32,28175,1,8.600,
spanner,263.33,28176,1,11.324,
spanner,263.34,28177,1,9.401,
spanner,263.35,28178,1,8.752,
spanner,263.36,28179,1,9.247,
spanner,263.36,28180,1,8.021,
spanner,263.37,28181,1,11.864,
spanner,263.38,28182,1,10.437,
spanner,263.40,28183,1,9.307,
spanner,263.40,28184,1,13.243,
spanner,263.42,28185,1,12.411,
spanner,263.43,28186,1,10.556,
spanner,263.44,28187,1,9.632,
spanner,263.45,28188,1,9.850,
spanner,263.46,28189,1,8.480,
spanner,263.47,28190,1,9.326,
spanner,263.48,28191,1,9.181,
spanner,263.49,28192,1,6.831,
spanner,263.49,28193,1,7.742,
spanner,263.50,28194,1,7.757,
spanner,263.51,28195,1,9.323,
spanner,263.52,28196,1,9.250,
spanner,263.53,28197,1,8.851,
spanner,263.54,28198,1,9.004,
spanner,263.55,28199,1,8.231,
spanner,263.55,28200,1,7.822,
spanner,263.56,28201,1,7.885,
spanner,263.57,28202,1,8.771,
spanner,263.58,28203,1,8.138,
spanner,263.59,28204,1,11.576,
spanner,263.60,28205,1,10.329,
spanner,263.61,28206,1,8.457,
spanner,263.62,28207,1,8.215,
spanner,263.63,28208,1,7.875,
spanner,263.63,28209,1,8.211,
spanner,263.64,28210,1,8.254,
spanner,263.65,28211,1,7.792,
spanner,263.66,28212,1,8.054,
spanner,263.67,28213,1,8.496,
spanner,263.68,28214,1,8.077,
spanner,263.68,28215,1,8.154,
spanner,263.69,28216,1,8.799,
spanner,263.70,28217,1,10.010,
spanner,263.71,28218,1,9.649,
spanner,263.72,28219,1,9.213,
spanner,263.73,28220,1,9.960,
spanner,263.74,28221,1,10.488,
spanner,263.75,28222,1,10.812,
spanner,263.76,28223,1,8.920,
spanner,263.77,28224,1,9.797,
spanner,263.78,28225,1,10.921,
spanner,263.79,28226,1,10.320,
spanner,263.80,28227,1,12.160,
spanner,263.81,28228,1,9.555,
spanner,263.82,28229,1,8.959,
spanner,263.83,28230,1,8.814,
spanner,263.84,28231,1,10.500,
spanner,263.85,28232,1,9.875,
spanner,263.86,28233,1,9.422,
spanner,263.87,28234,1,7.916,
spanner,263.88,28235,1,8.579,
spanner,263.89,28236,1,8.529,
spanner,263.90,28237,1,9.077,
spanner,263.90,28238,1,10.810,
spanner,263.92,28239,1,11.662,
spanner,263.93,28240,1,12.959,
spanner,263.94,28241,1,11.963,
spanner,263.95,28242,1,11.464,
spanner,263.96,28243,1,11.924,
spanner,263.98,28244,1,13.329,
spanner,263.99,28245,1,16.078,
spanner,264.00,28246,1,12.637,
spanner,264.02,28247,1,11.744,
spanner,264.03,28248,1,11.386,
spanner,264.04,28249,1,13.514,
spanner,264.05,28250,1,12.856,
spanner,264.07,28251,1,10.413,
spanner,264.08,28252,1,6.706,
spanner,264.08,28253,1,5.606,
spanner,264.09,28254,1,5.793,
spanner,264.10,28255,1,6.612,
spanner,264.10,28256,1,6.648,
spanner,264.11,28257,1,6.605,
spanner,264.12,28258,1,6.906,
spanner,264.12,28259,1,6.867,
spanner,264.13,28260,1,6.805,
spanner,264.14,28261,1,7.141,
spanner,264.14,28262,1,9.589,
spanner,264.15,28263,1,8.364,
spanner,264.16,28264,1,9.930,
spanner,264.17,28265,1,9.264,
spanner,264.18,28266,1,8.758,
spanner,264.19,28267,1,8.758,
spanner,264.20,28268,1,7.922,
spanner,264.21,28269,1,8.121,
spanner,264.21,28270,1,6.989,
spanner,264.22,28271,1,6.322,
spanner,264.23,28272,1,6.386,
spanner,264.23,28273,1,6.476,
spanner,264.24,28274,1,7.254,
spanner,264.25,28275,1,7.699,
spanner,264.26,28276,1,10.825,
spanner,264.27,28277,1,11.061,
spanner,264.28,28278,1,10.510,
spanner,264.29,28279,1,7.624,
spanner,264.30,28280,1,6.659,
spanner,264.30,28281,1,7.018,
spanner,264.31,28282,1,8.784,
spanner,264.32,28283,1,10.143,
spanner,264.33,28284,1,9.723,
spanner,264.34,28285,1,7.701,
spanner,264.35,28286,1,6.998,
spanner,264.35,28287,1,6.356,
spanner,264.36,28288,1,6.633,
spanner,264.37,28289,1,6.947,
spanner,264.37,28290,1,6.907,
spanner,264.38,28291,1,6.510,
spanner,264.39,28292,1,6.318,
spanner,264.39,28293,1,8.922,
spanner,264.40,28294,1,8.899,
spanner,264.41,28295,1,8.781,
spanner,264.42,28296,1,8.194,
spanner,264.43,28297,1,8.712,
spanner,264.44,28298,1,9.083,
spanner,264.45,28299,1,10.465,
spanner,264.46,28300,1,10.205,
spanner,264.47,28301,1,9.839,
spanner,264.48,28302,1,10.838,
spanner,264.49,28303,1,8.126,
spanner,264.50,28304,1,8.971,
spanner,264.50,28305,1,9.865,
spanner,264.51,28306,1,9.735,
spanner,264.52,28307,1,8.210,
spanner,264.53,28308,1,7.131,
spanner,264.54,28309,1,7.327,
spanner,264.55,28310,1,9.028,
spanner,264.56,28311,1,9.637,
spanner,264.57,28312,1,10.571,
spanner,264.58,28313,1,7.669,
spanner,264.58,28314,1,9.588,
spanner,264.59,28315,1,10.928,
spanner,264.60,28316,1,8.296,
spanner,264.61,28317,1,6.772,
spanner,264.62,28318,1,6.713,
spanner,264.63,28319,1,6.177,
spanner,264.63,28320,1,6.488,
spanner,264.64,28321,1,6.820,
spanner,264.65,28322,1,8.037,
spanner,264.65,28323,1,6.678,
spanner,264.66,28324,1,6.676,
spanner,264.67,28325,1,6.478,
spanner,264.67,28326,1,7.579,
spanner,264.68,28327,1,7.967,
spanner,264.69,28328,1,9.895,
spanner,264.70,28329,1,10.871,
spanner,264.71,28330,1,9.419,
spanner,264.72,28331,1,8.498,
spanner,264.73,28332,1,7.413,
spanner,264.74,28333,1,7.100,
spanner,264.74,28334,1,7.430,
spanner,264.75,28335,1,6.968,
spanner,264.76,28336,1,7.428,
spanner,264.77,28337,1,7.127,
spanner,264.77,28338,1,6.747,
spanner,264.78,28339,1,6.987,
spanner,264.79,28340,1,6.957,
spanner,264.79,28341,1,7.225,
spanner,264.80,28342,1,7.403,
spanner,264.81,28343,1,7.351,
spanner,264.82,28344,1,6.750,
spanner,264.82,28345,1,6.981,
spanner,264.83,28346,1,7.062,
spanner,264.84,28347,1,7.000,
spanner,264.84,28348,1,7.191,
spanner,264.85,28349,1,7.832,
spanner,264.86,28350,1,8.980,
spanner,264.87,28351,1,8.433,
spanner,264.88,28352,1,10.905,
spanner,264.89,28353,1,9.560,
spanner,264.90,28354,1,7.242,
spanner,264.90,28355,1,7.407,
spanner,264.91,28356,1,8.846,
spanner,264.92,28357,1,8.225,
spanner,264.93,28358,1,8.153,
spanner,264.94,28359,1,11.318,
spanner,264.95,28360,1,11.371,
spanner,264.96,28361,1,10.719,
spanner,264.97,28362,1,10.005,
spanner,264.98,28363,1,9.897,
spanner,264.99,28364,1,9.869,
spanner,265.00,28365,1,12.302,
spanner,265.01,28366,1,9.824,
spanner,265.02,28367,1,10.778,
spanner,265.03,28368,1,10.470,
spanner,265.04,28369,1,8.442,
spanner,265.05,28370,1,11.553,
spanner,265.06,28371,1,10.343,
spanner,265.07,28372,1,8.529,
spanner,265.08,28373,1,8.000,
spanner,265.09,28374,1,8.413,
spanner,265.10,28375,1,8.265,
spanner,265.11,28376,1,7.571,
spanner,265.11,28377,1,7.178,
spanner,265.12,28378,1,6.976,
spanner,265.13,28379,1,7.256,
spanner,265.14,28380,1,7.291,
spanner,265.14,28381,1,7.257,
spanner,265.15,28382,1,7.561,
spanner,265.16,28383,1,7.078,
spanner,265.17,28384,1,7.236,
spanner,265.17,28385,1,7.013,
spanner,265.18,28386,1,8.695,
spanner,265.19,28387,1,7.998,
spanner,265.20,28388,1,7.041,
spanner,265.20,28389,1,8.324,
spanner,265.21,28390,1,6.874,
spanner,265.22,28391,1,7.466,
spanner,265.23,28392,1,7.385,
spanner,265.23,28393,1,7.219,
spanner,265.24,28394,1,7.579,
spanner,265.25,28395,1,10.488,
spanner,265.26,28396,1,10.880,
spanner,265.27,28397,1,9.897,
spanner,265.28,28398,1,9.023,
spanner,265.29,28399,1,12.032,
spanner,265.30,28400,1,12.672,
spanner,265.31,28401,1,13.950,
spanner,265.33,28402,1,12.862,
spanner,265.34,28403,1,11.695,
spanner,265.35,28404,1,10.704,
spanner,265.36,28405,1,10.846,
spanner,265.37,28406,1,12.320,
spanner,265.39,28407,1,9.052,
spanner,265.40,28408,1,8.408,
spanner,265.40,28409,1,8.987,
spanner,265.41,28410,1,8.914,
spanner,265.42,28411,1,12.673,
spanner,265.43,28412,1,11.184,
spanner,265.45,28413,1,12.737,
spanner,265.46,28414,1,12.880,
spanner,265.47,28415,1,13.226,
spanner,265.48,28416,1,12.987,
spanner,265.50,28417,1,12.210,
spanner,265.51,28418,1,12.152,
spanner,265.52,28419,1,11.707,
spanner,265.53,28420,1,12.349,
spanner,265.55,28421,1,12.741,
spanner,265.56,28422,1,14.463,
spanner,265.57,28423,1,13.893,
spanner,265.59,28424,1,12.414,
spanner,265.60,28425,1,13.600,
spanner,265.61,28426,1,12.010,
spanner,265.63,28427,1,11.914,
spanner,265.64,28428,1,11.527,
spanner,265.65,28429,1,13.585,
spanner,265.66,28430,1,13.970,
spanner,265.68,28431,1,12.321,
spanner,265.69,28432,1,13.566,
spanner,265.70,28433,1,12.997,
spanner,265.72,28434,1,9.353,
spanner,265.73,28435,1,9.138,
spanner,265.73,28436,1,7.952,
spanner,265.74,28437,1,8.384,
spanner,265.75,28438,1,9.100,
spanner,265.76,28439,1,9.451,
spanner,265.77,28440,1,9.217,
spanner,265.78,28441,1,8.778,
spanner,265.79,28442,1,9.376,
spanner,265.80,28443,1,8.503,
spanner,265.81,28444,1,9.680,
spanner,265.82,28445,1,10.541,
spanner,265.83,28446,1,10.294,
spanner,265.84,28447,1,11.008,
spanner,265.85,28448,1,13.294,
spanner,265.86,28449,1,11.801,
spanner,265.87,28450,1,12.439,
spanner,265.89,28451,1,11.519,
spanner,265.90,28452,1,8.935,
spanner,265.91,28453,1,9.316,
spanner,265.91,28454,1,8.852,
spanner,265.92,28455,1,8.163,
spanner,265.93,28456,1,9.123,
spanner,265.94,28457,1,10.481,
spanner,265.95,28458,1,12.783,
spanner,265.96,28459,1,13.228,
spanner,265.98,28460,1,12.010,
spanner,265.99,28461,1,10.637,
spanner,266.00,28462,1,11.552,
spanner,266.01,28463,1,12.029,
spanner,266.02,28464,1,13.699,
spanner,266.04,28465,1,15.589,
spanner,266.05,28466,1,13.581,
spanner,266.07,28467,1,11.962,
spanner,266.08,28468,1,13.820,
spanner,266.09,28469,1,9.885,
spanner,266.10,28470,1,8.699,
spanner,266.11,28471,1,8.556,
spanner,266.12,28472,1,8.990,
spanner,266.13,28473,1,10.112,
spanner,266.14,28474,1,12.810,
spanner,266.15,28475,1,13.662,
spanner,266.17,28476,1,14.311,
spanner,266.18,28477,1,11.403,
spanner,266.19,28478,1,11.003,
spanner,266.20,28479,1,9.861,
spanner,266.21,28480,1,10.246,
spanner,266.22,28481,1,9.766,
spanner,266.23,28482,1,8.539,
spanner,266.24,28483,1,5.949,
spanner,266.25,28484,1,6.573,
spanner,266.25,28485,1,7.026,
spanner,266.26,28486,1,8.732,
spanner,266.27,28487,1,9.121,
spanner,266.28,28488,1,7.332,
spanner,266.29,28489,1,6.422,
spanner,266.29,28490,1,6.796,
spanner,266.30,28491,1,7.819,
spanner,266.31,28492,1,9.738,
spanner,266.32,28493,1,8.819,
spanner,266.33,28494,1,9.303,
spanner,266.34,28495,1,10.443,
spanner,266.35,28496,1,9.444,
spanner,266.36,28497,1,7.692,
spanner,266.36,28498,1,9.822,
spanner,266.37,28499,1,10.347,
spanner,266.38,28500,1,8.760,
spanner,266.39,28501,1,8.073,
spanner,266.40,28502,1,8.516,
spanner,266.41,28503,1,9.200,
spanner,266.42,28504,1,7.681,
spanner,266.43,28505,1,7.071,
spanner,266.43,28506,1,6.661,
spanner,266.44,28507,1,7.102,
spanner,266.45,28508,1,9.398,
spanner,266.46,28509,1,10.269,
spanner,266.47,28510,1,8.853,
spanner,266.48,28511,1,7.473,
spanner,266.48,28512,1,7.682,
spanner,266.49,28513,1,6.650,
spanner,266.50,28514,1,7.173,
spanner,266.50,28515,1,6.681,
spanner,266.51,28516,1,5.878,
spanner,266.52,28517,1,6.874,
spanner,266.52,28518,1,6.380,
spanner,266.53,28519,1,6.679,
spanner,266.54,28520,1,8.639,
spanner,266.55,28521,1,9.417,
spanner,266.56,28522,1,9.652,
spanner,266.56,28523,1,7.208,
spanner,266.57,28524,1,6.674,
spanner,266.58,28525,1,6.701,
spanner,266.59,28526,1,6.509,
spanner,266.59,28527,1,6.030,
spanner,266.60,28528,1,6.442,
spanner,266.60,28529,1,6.104,
spanner,266.61,28530,1,5.848,
spanner,266.62,28531,1,6.451,
spanner,266.62,28532,1,7.095,
spanner,266.63,28533,1,6.659,
spanner,266.64,28534,1,6.157,
spanner,266.64,28535,1,6.320,
spanner,266.65,28536,1,6.058,
spanner,266.66,28537,1,5.885,
spanner,266.66,28538,1,7.506,
spanner,266.67,28539,1,8.663,
spanner,266.68,28540,1,8.242,
spanner,266.69,28541,1,7.494,
spanner,266.69,28542,1,9.240,
spanner,266.70,28543,1,9.152,
spanner,266.71,28544,1,7.294,
spanner,266.72,28545,1,7.137,
spanner,266.73,28546,1,7.432,
spanner,266.73,28547,1,9.840,
spanner,266.74,28548,1,9.001,
spanner,266.75,28549,1,8.273,
spanner,266.76,28550,1,7.332,
spanner,266.77,28551,1,7.055,
spanner,266.78,28552,1,7.207,
spanner,266.78,28553,1,6.996,
spanner,266.79,28554,1,6.742,
spanner,266.80,28555,1,7.242,
spanner,266.80,28556,1,6.719,
spanner,266.81,28557,1,6.508,
spanner,266.82,28558,1,6.869,
spanner,266.82,28559,1,6.332,
spanner,266.83,28560,1,6.783,
spanner,266.84,28561,1,8.259,
spanner,266.85,28562,1,8.813,
spanner,266.85,28563,1,9.989,
spanner,266.86,28564,1,7.842,
spanner,266.87,28565,1,8.072,
spanner,266.88,28566,1,6.932,
spanner,266.89,28567,1,7.534,
spanner,266.89,28568,1,7.330,
spanner,266.90,28569,1,8.145,
spanner,266.91,28570,1,8.110,
spanner,266.92,28571,1,8.032,
spanner,266.93,28572,1,9.434,
spanner,266.94,28573,1,11.122,
spanner,266.95,28574,1,8.287,
spanner,266.96,28575,1,8.393,
spanner,266.96,28576,1,7.460,
spanner,266.97,28577,1,7.124,
spanner,266.98,28578,1,6.701,
spanner,266.99,28579,1,7.321,
spanner,266.99,28580,1,7.347,
spanner,267.00,28581,1,7.235,
spanner,267.01,28582,1,7.056,
spanner,267.01,28583,1,8.230,
spanner,267.02,28584,1,8.076,
spanner,267.03,28585,1,7.707,
spanner,267.04,28586,1,6.987,
spanner,267.05,28587,1,6.833,
spanner,267.05,28588,1,8.144,
spanner,267.06,28589,1,8.276,
spanner,267.07,28590,1,7.839,
spanner,267.08,28591,1,7.759,
spanner,267.08,28592,1,6.875,
spanner,267.09,28593,1,6.716,
spanner,267.10,28594,1,6.632,
spanner,267.10,28595,1,6.413,
spanner,267.11,28596,1,6.618,
spanner,267.12,28597,1,6.725,
spanner,267.12,28598,1,7.332,
spanner,267.13,28599,1,9.897,
spanner,267.14,28600,1,10.713,
spanner,267.15,28601,1,8.861,
spanner,267.16,28602,1,9.010,
spanner,267.17,28603,1,7.915,
spanner,267.18,28604,1,7.382,
spanner,267.19,28605,1,7.402,
spanner,267.19,28606,1,7.336,
spanner,267.20,28607,1,7.698,
spanner,267.21,28608,1,8.300,
spanner,267.22,28609,1,8.678,
spanner,267.23,28610,1,8.764,
spanner,267.23,28611,1,10.164,
spanner,267.24,28612,1,11.760,
spanner,267.26,28613,1,10.427,
spanner,267.27,28614,1,12.893,
spanner,267.28,28615,1,10.982,
spanner,267.29,28616,1,8.729,
spanner,267.30,28617,1,7.070,
spanner,267.31,28618,1,7.963,
spanner,267.31,28619,1,8.282,
spanner,267.32,28620,1,8.739,
spanner,267.33,28621,1,8.774,
spanner,267.34,28622,1,10.114,
spanner,267.35,28623,1,9.857,
spanner,267.36,28624,1,9.750,
spanner,267.37,28625,1,10.587,
spanner,267.38,28626,1,12.951,
spanner,267.39,28627,1,12.188,
spanner,267.41,28628,1,9.912,
spanner,267.42,28629,1,9.648,
spanner,267.43,28630,1,8.025,
spanner,267.43,28631,1,7.665,
spanner,267.44,28632,1,9.162,
spanner,267.45,28633,1,10.267,
spanner,267.46,28634,1,10.124,
spanner,267.47,28635,1,12.649,
spanner,267.48,28636,1,11.562,
spanner,267.50,28637,1,9.064,
spanner,267.50,28638,1,10.281,
spanner,267.52,28639,1,12.547,
spanner,267.53,28640,1,9.551,
spanner,267.54,28641,1,12.397,
spanner,267.55,28642,1,14.168,
spanner,267.56,28643,1,9.813,
spanner,267.57,28644,1,10.597,
spanner,267.58,28645,1,12.971,
spanner,267.60,28646,1,10.915,
spanner,267.61,28647,1,9.084,
spanner,267.62,28648,1,8.336,
spanner,267.63,28649,1,9.594,
spanner,267.64,28650,1,10.053,
spanner,267.65,28651,1,8.615,
spanner,267.65,28652,1,8.313,
spanner,267.66,28653,1,8.922,
spanner,267.67,28654,1,8.793,
spanner,267.68,28655,1,9.200,
spanner,267.69,28656,1,10.959,
spanner,267.70,28657,1,12.349,
spanner,267.71,28658,1,8.983,
spanner,267.72,28659,1,7.829,
spanner,267.73,28660,1,7.838,
spanner,267.74,28661,1,8.715,
spanner,267.75,28662,1,8.727,
spanner,267.76,28663,1,9.346,
spanner,267.76,28664,1,10.091,
spanner,267.77,28665,1,8.284,
spanner,267.78,28666,1,8.204,
spanner,267.79,28667,1,8.371,
spanner,267.80,28668,1,8.626,
spanner,267.81,28669,1,9.230,
spanner,267.82,28670,1,10.141,
spanner,267.83,28671,1,10.405,
spanner,267.84,28672,1,9.208,
spanner,267.85,28673,1,8.274,
spanner,267.86,28674,1,8.120,
spanner,267.86,28675,1,8.345,
spanner,267.87,28676,1,8.329,
spanner,267.88,28677,1,8.628,
spanner,267.89,28678,1,8.288,
spanner,267.90,28679,1,8.315,
spanner,267.91,28680,1,8.293,
spanner,267.91,28681,1,8.798,
spanner,267.92,28682,1,8.764,
spanner,267.93,28683,1,10.291,
spanner,267.94,28684,1,9.009,
spanner,267.95,28685,1,8.297,
spanner,267.96,28686,1,8.245,
spanner,267.97,28687,1,8.227,
spanner,267.98,28688,1,8.652,
spanner,267.98,28689,1,8.483,
spanner,267.99,28690,1,7.995,
spanner,268.00,28691,1,8.793,
spanner,268.01,28692,1,11.145,
spanner,268.02,28693,1,9.922,
spanner,268.03,28694,1,8.573,
spanner,268.04,28695,1,8.692,
spanner,268.05,28696,1,8.143,
spanner,268.06,28697,1,8.811,
spanner,268.07,28698,1,11.065,
spanner,268.08,28699,1,13.488,
spanner,268.09,28700,1,12.478,
spanner,268.10,28701,1,13.121,
spanner,268.12,28702,1,14.227,
spanner,268.13,28703,1,14.233,
spanner,268.14,28704,1,14.999,
spanner,268.16,28705,1,11.702,
spanner,268.17,28706,1,9.462,
spanner,268.18,28707,1,8.858,
spanner,268.19,28708,1,8.753,
spanner,268.20,28709,1,9.591,
spanner,268.21,28710,1,10.762,
spanner,268.22,28711,1,11.006,
spanner,268.23,28712,1,11.374,
spanner,268.24,28713,1,12.119,
spanner,268.25,28714,1,10.755,
spanner,268.26,28715,1,11.204,
spanner,268.28,28716,1,10.438,
spanner,268.29,28717,1,10.250,
spanner,268.30,28718,1,9.503,
spanner,268.31,28719,1,9.049,
spanner,268.32,28720,1,9.715,
spanner,268.32,28721,1,8.846,
spanner,268.33,28722,1,12.806,
spanner,268.35,28723,1,12.219,
spanner,268.36,28724,1,11.589,
spanner,268.37,28725,1,11.781,
spanner,268.38,28726,1,9.961,
spanner,268.39,28727,1,10.900,
spanner,268.40,28728,1,10.967,
spanner,268.41,28729,1,12.574,
spanner,268.43,28730,1,10.417,
spanner,268.44,28731,1,10.842,
spanner,268.45,28732,1,12.230,
spanner,268.46,28733,1,12.683,
spanner,268.47,28734,1,11.565,
spanner,268.48,28735,1,13.067,
spanner,268.50,28736,1,10.791,
spanner,268.51,28737,1,12.956,
spanner,268.52,28738,1,13.989,
spanner,268.54,28739,1,9.929,
spanner,268.55,28740,1,10.814,
spanner,268.56,28741,1,11.259,
spanner,268.57,28742,1,10.679,
spanner,268.58,28743,1,10.545,
spanner,268.59,28744,1,9.499,
spanner,268.60,28745,1,9.824,
spanner,268.61,28746,1,10.748,
spanner,268.62,28747,1,11.155,
spanner,268.63,28748,1,11.408,
spanner,268.64,28749,1,8.708,
spanner,268.65,28750,1,6.757,
spanner,268.66,28751,1,6.529,
spanner,268.66,28752,1,6.133,
spanner,268.67,28753,1,6.728,
spanner,268.68,28754,1,8.945,
spanner,268.69,28755,1,10.837,
spanner,268.70,28756,1,9.544,
spanner,268.71,28757,1,7.940,
spanner,268.71,28758,1,6.777,
spanner,268.72,28759,1,7.389,
spanner,268.73,28760,1,7.776,
spanner,268.74,28761,1,9.056,
spanner,268.75,28762,1,9.772,
spanner,268.76,28763,1,6.942,
spanner,268.76,28764,1,5.965,
spanner,268.77,28765,1,6.433,
spanner,268.77,28766,1,6.741,
spanner,268.78,28767,1,7.007,
spanner,268.79,28768,1,6.365,
spanner,268.80,28769,1,7.094,
spanner,268.80,28770,1,5.970,
spanner,268.81,28771,1,6.200,
spanner,268.81,28772,1,6.537,
spanner,268.82,28773,1,6.526,
spanner,268.83,28774,1,6.985,
spanner,268.83,28775,1,7.721,
spanner,268.84,28776,1,9.968,
spanner,268.85,28777,1,7.695,
spanner,268.86,28778,1,7.000,
spanner,268.87,28779,1,8.399,
spanner,268.88,28780,1,10.973,
spanner,268.89,28781,1,10.888,
spanner,268.90,28782,1,10.708,
spanner,268.91,28783,1,9.917,
spanner,268.92,28784,1,9.184,
spanner,268.93,28785,1,8.148,
spanner,268.94,28786,1,8.441,
spanner,268.94,28787,1,9.245,
spanner,268.95,28788,1,9.011,
spanner,268.96,28789,1,8.479,
spanner,268.97,28790,1,9.594,
spanner,268.98,28791,1,7.580,
spanner,268.99,28792,1,6.933,
spanner,269.00,28793,1,7.128,
spanner,269.00,28794,1,7.271,
spanner,269.01,28795,1,7.179,
spanner,269.02,28796,1,6.584,
spanner,269.02,28797,1,6.490,
spanner,269.03,28798,1,6.563,
spanner,269.04,28799,1,6.704,
spanner,269.04,28800,1,6.337,
spanner,269.05,28801,1,6.809,
spanner,269.06,28802,1,6.996,
spanner,269.06,28803,1,8.034,
spanner,269.07,28804,1,9.341,
spanner,269.08,28805,1,7.907,
spanner,269.09,28806,1,7.156,
spanner,269.10,28807,1,7.277,
spanner,269.10,28808,1,7.118,
spanner,269.11,28809,1,6.602,
spanner,269.12,28810,1,7.605,
spanner,269.12,28811,1,11.023,
spanner,269.14,28812,1,10.145,
spanner,269.15,28813,1,10.283,
spanner,269.16,28814,1,10.610,
spanner,269.17,28815,1,10.091,
spanner,269.18,28816,1,8.358,
spanner,269.19,28817,1,6.811,
spanner,269.19,28818,1,7.029,
spanner,269.20,28819,1,7.129,
spanner,269.21,28820,1,10.294,
spanner,269.22,28821,1,11.958,
spanner,269.23,28822,1,13.024,
spanner,269.24,28823,1,10.187,
spanner,269.25,28824,1,11.033,
spanner,269.26,28825,1,11.919,
spanner,269.28,28826,1,9.834,
spanner,269.29,28827,1,11.207,
spanner,269.30,28828,1,10.450,
spanner,269.31,28829,1,11.963,
spanner,269.32,28830,1,12.004,
spanner,269.33,28831,1,11.641,
spanner,269.34,28832,1,11.218,
spanner,269.35,28833,1,11.233,
spanner,269.37,28834,1,9.894,
spanner,269.38,28835,1,9.276,
spanner,269.38,28836,1,9.359,
spanner,269.39,28837,1,8.108,
spanner,269.40,28838,1,10.202,
spanner,269.41,28839,1,9.810,
spanner,269.42,28840,1,11.477,
spanner,269.43,28841,1,8.799,
spanner,269.44,28842,1,9.474,
spanner,269.45,28843,1,10.943,
spanner,269.46,28844,1,12.524,
spanner,269.48,28845,1,10.706,
spanner,269.49,28846,1,9.707,
spanner,269.50,28847,1,8.416,
spanner,269.50,28848,1,9.372,
spanner,269.51,28849,1,9.626,
spanner,269.52,28850,1,12.285,
spanner,269.54,28851,1,11.474,
spanner,269.55,28852,1,11.796,
spanner,269.56,28853,1,10.749,
spanner,269.57,28854,1,8.282,
spanner,269.58,28855,1,7.712,
spanner,269.59,28856,1,7.292,
spanner,269.59,28857,1,7.154,
spanner,269.60,28858,1,7.112,
spanner,269.61,28859,1,6.886,
spanner,269.61,28860,1,6.810,
spanner,269.62,28861,1,7.084,
spanner,269.63,28862,1,7.913,
spanner,269.64,28863,1,7.792,
spanner,269.64,28864,1,7.421,
spanner,269.65,28865,1,7.029,
spanner,269.66,28866,1,7.695,
spanner,269.67,28867,1,7.411,
spanner,269.67,28868,1,7.446,
spanner,269.68,28869,1,7.078,
spanner,269.69,28870,1,7.715,
spanner,269.70,28871,1,7.728,
spanner,269.70,28872,1,9.565,
spanner,269.71,28873,1,8.759,
spanner,269.72,28874,1,8.183,
spanner,269.73,28875,1,8.817,
spanner,269.74,28876,1,8.766,
spanner,269.75,28877,1,8.430,
spanner,269.76,28878,1,8.523,
spanner,269.77,28879,1,8.257,
spanner,269.77,28880,1,8.694,
spanner,269.78,28881,1,10.009,
spanner,269.79,28882,1,11.490,
spanner,269.80,28883,1,10.601,
spanner,269.81,28884,1,10.663,
spanner,269.83,28885,1,8.729,
spanner,269.83,28886,1,8.280,
spanner,269.84,28887,1,7.998,
spanner,269.85,28888,1,10.332,
spanner,269.86,28889,1,11.660,
spanner,269.87,28890,1,12.197,
spanner,269.88,28891,1,10.296,
spanner,269.90,28892,1,10.661,
spanner,269.91,28893,1,11.434,
spanner,269.92,28894,1,12.778,
spanner,269.93,28895,1,13.399,
spanner,269.94,28896,1,12.905,
spanner,269.96,28897,1,13.088,
spanner,269.97,28898,1,12.768,
spanner,269.98,28899,1,12.523,
spanner,270.00,28900,1,13.134,
spanner,270.01,28901,1,14.423,
spanner,270.02,28902,1,12.211,
spanner,270.03,28903,1,10.562,
spanner,270.05,28904,1,10.887,
spanner,270.06,28905,1,12.884,
spanner,270.07,28906,1,11.479,
spanner,270.08,28907,1,10.042,
spanner,270.09,28908,1,10.430,
spanner,270.10,28909,1,8.533,
spanner,270.11,28910,1,7.433,
spanner,270.12,28911,1,6.689,
spanner,270.12,28912,1,6.623,
spanner,270.13,28913,1,7.637,
spanner,270.14,28914,1,7.684,
spanner,270.15,28915,1,9.513,
spanner,270.16,28916,1,8.431,
spanner,270.16,28917,1,9.062,
spanner,270.17,28918,1,10.133,
spanner,270.18,28919,1,8.331,
spanner,270.19,28920,1,6.711,
spanner,270.20,28921,1,7.436,
spanner,270.21,28922,1,8.378,
spanner,270.21,28923,1,7.147,
spanner,270.22,28924,1,6.252,
spanner,270.23,28925,1,6.723,
spanner,270.23,28926,1,6.619,
spanner,270.24,28927,1,6.403,
spanner,270.25,28928,1,6.339,
spanner,270.25,28929,1,6.289,
spanner,270.26,28930,1,7.076,
spanner,270.27,28931,1,6.283,
spanner,270.27,28932,1,6.027,
spanner,270.28,28933,1,6.506,
spanner,270.29,28934,1,6.811,
spanner,270.29,28935,1,6.651,
spanner,270.30,28936,1,6.473,
spanner,270.31,28937,1,7.699,
spanner,270.31,28938,1,7.889,
spanner,270.32,28939,1,8.112,
spanner,270.33,28940,1,8.713,
spanner,270.34,28941,1,8.431,
spanner,270.35,28942,1,8.174,
spanner,270.36,28943,1,5.919,
spanner,270.36,28944,1,6.553,
spanner,270.37,28945,1,6.137,
spanner,270.37,28946,1,6.864,
spanner,270.38,28947,1,7.878,
spanner,270.39,28948,1,6.655,
spanner,270.40,28949,1,7.031,
spanner,270.40,28950,1,6.902,
spanner,270.41,28951,1,6.609,
spanner,270.42,28952,1,7.216,
spanner,270.42,28953,1,7.668,
spanner,270.43,28954,1,7.063,
spanner,270.44,28955,1,6.452,
spanner,270.44,28956,1,6.157,
spanner,270.45,28957,1,5.709,
spanner,270.46,28958,1,5.941,
spanner,270.46,28959,1,5.651,
spanner,270.47,28960,1,5.700,
spanner,270.47,28961,1,5.871,
spanner,270.48,28962,1,6.768,
spanner,270.49,28963,1,6.725,
spanner,270.49,28964,1,7.121,
spanner,270.50,28965,1,5.940,
spanner,270.51,28966,1,7.553,
spanner,270.51,28967,1,7.826,
spanner,270.52,28968,1,9.197,
spanner,270.53,28969,1,7.382,
spanner,270.54,28970,1,12.711,
spanner,270.55,28971,1,7.354,
spanner,270.56,28972,1,8.451,
spanner,270.57,28973,1,8.235,
spanner,270.58,28974,1,7.096,
spanner,270.58,28975,1,6.547,
spanner,270.59,28976,1,6.554,
spanner,270.60,28977,1,7.162,
spanner,270.60,28978,1,6.530,
spanner,270.61,28979,1,7.222,
spanner,270.62,28980,1,6.581,
spanner,270.62,28981,1,6.737,
spanner,270.63,28982,1,7.258,
spanner,270.64,28983,1,7.119,
spanner,270.64,28984,1,7.038,
spanner,270.65,28985,1,6.904,
spanner,270.66,28986,1,6.225,
spanner,270.67,28987,1,6.959,
spanner,270.67,28988,1,6.751,
spanner,270.68,28989,1,7.316,
spanner,270.69,28990,1,7.044,
spanner,270.69,28991,1,7.100,
spanner,270.70,28992,1,7.774,
spanner,270.71,28993,1,7.248,
spanner,270.72,28994,1,6.758,
spanner,270.72,28995,1,6.373,
spanner,270.73,28996,1,6.994,
spanner,270.74,28997,1,7.699,
spanner,270.74,28998,1,7.654,
spanner,270.75,28999,1,7.241,
spanner,270.76,29000,1,7.647,
spanner,270.77,29001,1,7.774,
spanner,270.77,29002,1,9.974,
spanner,270.78,29003,1,7.472,
spanner,270.79,29004,1,7.003,
spanner,270.80,29005,1,8.023,
spanner,270.81,29006,1,6.693,
spanner,270.81,29007,1,7.049,
spanner,270.82,29008,1,7.085,
spanner,270.83,29009,1,8.283,
spanner,270.84,29010,1,7.907,
spanner,270.84,29011,1,8.656,
spanner,270.85,29012,1,10.434,
spanner,270.86,29013,1,10.064,
spanner,270.87,29014,1,9.108,
spanner,270.88,29015,1,8.313,
spanner,270.89,29016,1,9.590,
spanner,270.90,29017,1,9.099,
spanner,270.91,29018,1,9.524,
spanner,270.92,29019,1,9.287,
spanner,270.93,29020,1,10.640,
spanner,270.94,29021,1,12.927,
spanner,270.95,29022,1,13.221,
spanner,270.97,29023,1,8.462,
spanner,270.97,29024,1,7.396,
spanner,270.98,29025,1,7.883,
spanner,270.99,29026,1,6.639,
spanner,271.00,29027,1,6.719,
spanner,271.00,29028,1,39.259,
spanner,271.04,29029,1,11.699,
spanner,271.05,29030,1,10.641,
spanner,271.06,29031,1,10.173,
spanner,271.07,29032,1,9.299,
spanner,271.08,29033,1,7.595,
spanner,271.09,29034,1,7.305,
spanner,271.10,29035,1,7.449,
spanner,271.11,29036,1,7.294,
spanner,271.11,29037,1,7.335,
spanner,271.12,29038,1,9.477,
spanner,271.13,29039,1,10.640,
spanner,271.14,29040,1,9.168,
spanner,271.15,29041,1,8.862,
spanner,271.16,29042,1,10.209,
spanner,271.17,29043,1,7.432,
spanner,271.18,29044,1,7.275,
spanner,271.18,29045,1,7.849,
spanner,271.19,29046,1,9.456,
spanner,271.20,29047,1,9.217,
spanner,271.21,29048,1,8.276,
spanner,271.22,29049,1,9.185,
spanner,271.23,29050,1,8.551,
spanner,271.24,29051,1,8.162,
spanner,271.24,29052,1,7.703,
spanner,271.25,29053,1,9.251,
spanner,271.26,29054,1,11.339,
spanner,271.27,29055,1,9.560,
spanner,271.28,29056,1,9.895,
spanner,271.29,29057,1,10.076,
spanner,271.30,29058,1,11.980,
spanner,271.31,29059,1,9.780,
spanner,271.32,29060,1,12.286,
spanner,271.34,29061,1,11.215,
spanner,271.35,29062,1,11.532,
spanner,271.36,29063,1,8.918,
spanner,271.37,29064,1,9.796,
spanner,271.38,29065,1,8.701,
spanner,271.39,29066,1,10.432,
spanner,271.40,29067,1,11.387,
spanner,271.41,29068,1,9.157,
spanner,271.42,29069,1,7.901,
spanner,271.43,29070,1,7.877,
spanner,271.43,29071,1,8.167,
spanner,271.44,29072,1,7.656,
spanner,271.45,29073,1,7.857,
spanner,271.46,29074,1,8.228,
spanner,271.47,29075,1,8.098,
spanner,271.47,29076,1,7.440,
spanner,271.48,29077,1,8.705,
spanner,271.49,29078,1,11.123,
spanner,271.50,29079,1,10.478,
spanner,271.51,29080,1,10.195,
spanner,271.52,29081,1,11.376,
spanner,271.53,29082,1,10.466,
spanner,271.54,29083,1,10.418,
spanner,271.55,29084,1,11.682,
spanner,271.57,29085,1,13.133,
spanner,271.58,29086,1,13.099,
spanner,271.59,29087,1,12.205,
spanner,271.61,29088,1,11.074,
spanner,271.62,29089,1,11.214,
spanner,271.63,29090,1,11.330,
spanner,271.64,29091,1,11.644,
spanner,271.65,29092,1,13.832,
spanner,271.66,29093,1,13.840,
spanner,271.68,29094,1,10.509,
spanner,271.69,29095,1,8.258,
spanner,271.70,29096,1,8.278,
spanner,271.71,29097,1,10.089,
spanner,271.72,29098,1,7.890,
spanner,271.72,29099,1,7.883,
spanner,271.73,29100,1,8.060,
spanner,271.74,29101,1,8.456,
spanner,271.75,29102,1,8.890,
spanner,271.76,29103,1,7.860,
spanner,271.76,29104,1,7.730,
spanner,271.77,29105,1,7.514,
spanner,271.78,29106,1,7.875,
spanner,271.79,29107,1,7.732,
spanner,271.80,29108,1,7.871,
spanner,271.80,29109,1,7.515,
spanner,271.81,29110,1,7.461,
spanner,271.82,29111,1,7.652,
spanner,271.83,29112,1,7.456,
spanner,271.83,29113,1,8.840,
spanner,271.84,29114,1,9.490,
spanner,271.85,29115,1,8.159,
spanner,271.86,29116,1,8.133,
spanner,271.87,29117,1,7.543,
spanner,271.88,29118,1,8.728,
spanner,271.89,29119,1,10.656,
spanner,271.90,29120,1,10.198,
spanner,271.91,29121,1,10.240,
spanner,271.92,29122,1,13.542,
spanner,271.93,29123,1,10.183,
spanner,271.94,29124,1,8.634,
spanner,271.95,29125,1,8.215,
spanner,271.96,29126,1,8.367,
spanner,271.97,29127,1,8.734,
spanner,271.97,29128,1,8.596,
spanner,271.98,29129,1,8.433,
spanner,271.99,29130,1,8.632,
spanner,272.00,29131,1,8.821,
spanner,272.01,29132,1,8.775,
spanner,272.02,29133,1,10.014,
spanner,272.03,29134,1,10.495,
spanner,272.04,29135,1,11.327,
spanner,272.05,29136,1,8.861,
spanner,272.06,29137,1,8.695,
spanner,272.07,29138,1,8.744,
spanner,272.08,29139,1,10.609,
spanner,272.09,29140,1,9.284,
spanner,272.10,29141,1,10.274,
spanner,272.11,29142,1,7.411,
spanner,272.11,29143,1,8.096,
spanner,272.12,29144,1,8.753,
spanner,272.13,29145,1,8.007,
spanner,272.14,29146,1,6.463,
spanner,272.15,29147,1,7.261,
spanner,272.15,29148,1,6.863,
spanner,272.16,29149,1,7.416,
spanner,272.17,29150,1,8.160,
spanner,272.17,29151,1,9.312,
spanner,272.18,29152,1,7.563,
spanner,272.19,29153,1,9.730,
spanner,272.20,29154,1,9.578,
spanner,272.21,29155,1,9.008,
spanner,272.22,29156,1,9.211,
spanner,272.23,29157,1,10.319,
spanner,272.24,29158,1,11.159,
spanner,272.25,29159,1,8.941,
spanner,272.26,29160,1,9.497,
spanner,272.27,29161,1,9.498,
spanner,272.28,29162,1,9.828,
spanner,272.29,29163,1,9.008,
spanner,272.30,29164,1,8.678,
spanner,272.31,29165,1,7.431,
spanner,272.31,29166,1,6.987,
spanner,272.32,29167,1,6.504,
spanner,272.33,29168,1,8.167,
spanner,272.34,29169,1,9.167,
spanner,272.35,29170,1,9.494,
spanner,272.35,29171,1,9.688,
spanner,272.36,29172,1,8.805,
spanner,272.37,29173,1,7.262,
spanner,272.38,29174,1,6.518,
spanner,272.39,29175,1,6.247,
spanner,272.39,29176,1,6.215,
spanner,272.40,29177,1,6.880,
spanner,272.41,29178,1,8.183,
spanner,272.41,29179,1,7.855,
spanner,272.42,29180,1,13.844,
spanner,272.44,29181,1,9.951,
spanner,272.45,29182,1,8.607,
spanner,272.46,29183,1,7.134,
spanner,272.46,29184,1,7.159,
spanner,272.47,29185,1,10.084,
spanner,272.48,29186,1,10.609,
spanner,272.49,29187,1,17.824,
spanner,272.51,29188,1,7.853,
spanner,272.52,29189,1,7.335,
spanner,272.52,29190,1,6.919,
spanner,272.53,29191,1,6.882,
spanner,272.54,29192,1,6.966,
spanner,272.54,29193,1,6.964,
spanner,272.55,29194,1,9.419,
spanner,272.56,29195,1,15.918,
spanner,272.58,29196,1,7.528,
spanner,272.58,29197,1,6.409,
spanner,272.59,29198,1,6.500,
spanner,272.60,29199,1,7.051,
spanner,272.60,29200,1,6.813,
spanner,272.61,29201,1,6.471,
spanner,272.62,29202,1,7.279,
spanner,272.62,29203,1,6.862,
spanner,272.63,29204,1,6.975,
spanner,272.64,29205,1,7.535,
spanner,272.65,29206,1,15.752,
spanner,272.66,29207,1,9.537,
spanner,272.67,29208,1,7.604,
spanner,272.68,29209,1,7.309,
spanner,272.69,29210,1,8.018,
spanner,272.69,29211,1,6.991,
spanner,272.70,29212,1,9.429,
spanner,272.71,29213,1,7.343,
spanner,272.72,29214,1,6.591,
spanner,272.73,29215,1,6.936,
spanner,272.73,29216,1,6.701,
spanner,272.74,29217,1,6.878,
spanner,272.75,29218,1,8.766,
spanner,272.75,29219,1,9.419,
spanner,272.76,29220,1,8.833,
spanner,272.77,29221,1,7.613,
spanner,272.78,29222,1,8.901,
spanner,272.79,29223,1,6.730,
spanner,272.80,29224,1,6.969,
spanner,272.80,29225,1,6.668,
spanner,272.81,29226,1,6.470,
spanner,272.82,29227,1,6.287,
spanner,272.82,29228,1,6.223,
spanner,272.83,29229,1,6.485,
spanner,272.84,29230,1,7.312,
spanner,272.84,29231,1,7.452,
spanner,272.85,29232,1,7.279,
spanner,272.86,29233,1,6.981,
spanner,272.86,29234,1,6.838,
spanner,272.87,29235,1,8.095,
spanner,272.88,29236,1,7.575,
spanner,272.89,29237,1,7.279,
spanner,272.89,29238,1,7.529,
spanner,272.90,29239,1,7.231,
spanner,272.91,29240,1,7.185,
spanner,272.92,29241,1,7.007,
spanner,272.92,29242,1,7.491,
spanner,272.93,29243,1,7.410,
spanner,272.94,29244,1,7.035,
spanner,272.95,29245,1,6.878,
spanner,272.95,29246,1,6.875,
spanner,272.96,29247,1,6.741,
spanner,272.97,29248,1,6.883,
spanner,272.97,29249,1,7.886,
spanner,272.98,29250,1,9.724,
spanner,272.99,29251,1,8.762,
spanner,273.00,29252,1,8.270,
spanner,273.01,29253,1,8.069,
spanner,273.02,29254,1,9.040,
spanner,273.03,29255,1,10.923,
spanner,273.04,29256,1,10.881,
spanner,273.05,29257,1,8.764,
spanner,273.06,29258,1,7.723,
spanner,273.06,29259,1,7.501,
spanner,273.07,29260,1,7.346,
spanner,273.08,29261,1,7.159,
spanner,273.09,29262,1,7.751,
spanner,273.09,29263,1,8.873,
spanner,273.10,29264,1,10.727,
spanner,273.11,29265,1,10.557,
spanner,273.12,29266,1,11.491,
spanner,273.14,29267,1,12.253,
spanner,273.15,29268,1,7.969,
spanner,273.16,29269,1,7.838,
spanner,273.16,29270,1,8.997,
spanner,273.17,29271,1,8.075,
spanner,273.18,29272,1,7.726,
spanner,273.19,29273,1,7.445,
spanner,273.20,29274,1,7.736,
spanner,273.20,29275,1,8.286,
spanner,273.21,29276,1,8.576,
spanner,273.22,29277,1,7.973,
spanner,273.23,29278,1,7.547,
spanner,273.24,29279,1,7.705,
spanner,273.24,29280,1,7.720,
spanner,273.25,29281,1,7.080,
spanner,273.26,29282,1,7.315,
spanner,273.27,29283,1,7.224,
spanner,273.27,29284,1,8.756,
spanner,273.28,29285,1,10.077,
spanner,273.29,29286,1,10.680,
spanner,273.30,29287,1,9.773,
spanner,273.31,29288,1,11.564,
spanner,273.32,29289,1,11.237,
spanner,273.34,29290,1,9.098,
spanner,273.34,29291,1,8.741,
spanner,273.35,29292,1,8.305,
spanner,273.36,29293,1,8.038,
spanner,273.37,29294,1,7.712,
spanner,273.38,29295,1,7.377,
spanner,273.39,29296,1,7.939,
spanner,273.39,29297,1,7.385,
spanner,273.40,29298,1,7.408,
spanner,273.41,29299,1,7.741,
spanner,273.42,29300,1,7.332,
spanner,273.42,29301,1,7.898,
spanner,273.43,29302,1,10.108,
spanner,273.44,29303,1,8.332,
spanner,273.45,29304,1,9.361,
spanner,273.46,29305,1,10.514,
spanner,273.47,29306,1,9.675,
spanner,273.48,29307,1,9.408,
spanner,273.49,29308,1,8.624,
spanner,273.50,29309,1,9.160,
spanner,273.51,29310,1,8.918,
spanner,273.52,29311,1,9.157,
spanner,273.52,29312,1,10.147,
spanner,273.53,29313,1,9.883,
spanner,273.54,29314,1,9.686,
spanner,273.55,29315,1,11.970,
spanner,273.57,29316,1,12.554,
spanner,273.58,29317,1,12.456,
spanner,273.59,29318,1,12.560,
spanner,273.60,29319,1,12.671,
spanner,273.62,29320,1,12.618,
spanner,273.63,29321,1,12.561,
spanner,273.64,29322,1,12.544,
spanner,273.65,29323,1,14.185,
spanner,273.67,29324,1,11.365,
spanner,273.68,29325,1,10.368,
spanner,273.69,29326,1,11.461,
spanner,273.70,29327,1,12.739,
spanner,273.71,29328,1,8.691,
spanner,273.72,29329,1,8.566,
spanner,273.73,29330,1,9.990,
spanner,273.74,29331,1,12.586,
spanner,273.75,29332,1,12.242,
spanner,273.77,29333,1,12.218,
spanner,273.78,29334,1,14.705,
spanner,273.79,29335,1,10.162,
spanner,273.80,29336,1,9.176,
spanner,273.81,29337,1,13.232,
spanner,273.83,29338,1,11.600,
spanner,273.84,29339,1,9.628,
spanner,273.85,29340,1,8.764,
spanner,273.86,29341,1,11.224,
spanner,273.87,29342,1,10.278,
spanner,273.88,29343,1,8.644,
spanner,273.89,29344,1,8.685,
spanner,273.90,29345,1,8.033,
spanner,273.90,29346,1,8.495,
spanner,273.91,29347,1,8.587,
spanner,273.92,29348,1,8.361,
spanner,273.93,29349,1,8.404,
spanner,273.94,29350,1,8.863,
spanner,273.95,29351,1,8.373,
spanner,273.96,29352,1,8.465,
spanner,273.96,29353,1,8.897,
spanner,273.97,29354,1,8.679,
spanner,273.98,29355,1,6.880,
spanner,273.99,29356,1,6.728,
spanner,274.00,29357,1,6.270,
spanner,274.00,29358,1,6.331,
spanner,274.01,29359,1,8.026,
spanner,274.02,29360,1,6.231,
spanner,274.02,29361,1,6.597,
spanner,274.03,29362,1,7.732,
spanner,274.04,29363,1,7.515,
spanner,274.04,29364,1,7.490,
spanner,274.05,29365,1,6.882,
spanner,274.06,29366,1,7.312,
spanner,274.07,29367,1,6.978,
spanner,274.07,29368,1,6.812,
spanner,274.08,29369,1,8.523,
spanner,274.09,29370,1,7.417,
spanner,274.10,29371,1,7.187,
spanner,274.10,29372,1,6.323,
spanner,274.11,29373,1,5.580,
spanner,274.11,29374,1,6.048,
spanner,274.12,29375,1,6.035,
spanner,274.13,29376,1,6.026,
spanner,274.13,29377,1,5.836,
spanner,274.14,29378,1,5.697,
spanner,274.14,29379,1,6.231,
spanner,274.15,29380,1,8.017,
spanner,274.16,29381,1,7.949,
spanner,274.17,29382,1,6.380,
spanner,274.17,29383,1,6.812,
spanner,274.18,29384,1,6.570,
spanner,274.19,29385,1,6.989,
spanner,274.19,29386,1,7.374,
spanner,274.20,29387,1,6.979,
spanner,274.21,29388,1,7.761,
spanner,274.22,29389,1,8.282,
spanner,274.22,29390,1,7.924,
spanner,274.23,29391,1,8.507,
spanner,274.24,29392,1,8.659,
spanner,274.25,29393,1,9.077,
spanner,274.26,29394,1,7.442,
spanner,274.27,29395,1,8.581,
spanner,274.27,29396,1,8.068,
spanner,274.28,29397,1,7.666,
spanner,274.29,29398,1,6.379,
spanner,274.30,29399,1,7.092,
spanner,274.30,29400,1,8.776,
spanner,274.31,29401,1,9.324,
spanner,274.32,29402,1,8.180,
spanner,274.33,29403,1,6.767,
spanner,274.34,29404,1,6.660,
spanner,274.34,29405,1,6.630,
spanner,274.35,29406,1,6.527,
spanner,274.36,29407,1,6.155,
spanner,274.36,29408,1,6.680,
spanner,274.37,29409,1,6.472,
spanner,274.38,29410,1,7.401,
spanner,274.38,29411,1,7.136,
spanner,274.39,29412,1,6.845,
spanner,274.40,29413,1,6.325,
spanner,274.40,29414,1,6.209,
spanner,274.41,29415,1,7.928,
spanner,274.42,29416,1,9.725,
spanner,274.43,29417,1,8.619,
spanner,274.44,29418,1,9.767,
spanner,274.45,29419,1,9.616,
spanner,274.46,29420,1,7.754,
spanner,274.46,29421,1,10.270,
spanner,274.47,29422,1,11.727,
spanner,274.49,29423,1,8.017,
spanner,274.49,29424,1,8.679,
spanner,274.50,29425,1,7.003,
spanner,274.51,29426,1,8.139,
spanner,274.52,29427,1,7.435,
spanner,274.53,29428,1,6.915,
spanner,274.53,29429,1,6.725,
spanner,274.54,29430,1,9.678,
spanner,274.55,29431,1,13.005,
spanner,274.56,29432,1,9.590,
spanner,274.57,29433,1,9.388,
spanner,274.58,29434,1,8.046,
spanner,274.59,29435,1,7.046,
spanner,274.60,29436,1,6.794,
spanner,274.60,29437,1,8.548,
spanner,274.61,29438,1,7.404,
spanner,274.62,29439,1,6.751,
spanner,274.63,29440,1,9.530,
spanner,274.64,29441,1,11.189,
spanner,274.65,29442,1,9.456,
spanner,274.66,29443,1,10.631,
spanner,274.67,29444,1,9.553,
spanner,274.68,29445,1,11.507,
spanner,274.69,29446,1,12.267,
spanner,274.70,29447,1,11.446,
spanner,274.71,29448,1,10.240,
spanner,274.72,29449,1,8.606,
spanner,274.73,29450,1,8.557,
spanner,274.74,29451,1,8.767,
spanner,274.75,29452,1,7.843,
spanner,274.76,29453,1,7.472,
spanner,274.76,29454,1,7.539,
spanner,274.77,29455,1,7.874,
spanner,274.78,29456,1,7.569,
spanner,274.79,29457,1,7.894,
spanner,274.79,29458,1,7.915,
spanner,274.80,29459,1,7.925,
spanner,274.81,29460,1,9.560,
spanner,274.82,29461,1,9.411,
spanner,274.83,29462,1,10.759,
spanner,274.84,29463,1,7.559,
spanner,274.85,29464,1,7.786,
spanner,274.86,29465,1,7.745,
spanner,274.86,29466,1,6.973,
spanner,274.87,29467,1,6.920,
spanner,274.88,29468,1,7.562,
spanner,274.88,29469,1,8.111,
spanner,274.89,29470,1,7.355,
spanner,274.90,29471,1,7.557,
spanner,274.91,29472,1,8.188,
spanner,274.92,29473,1,7.925,
spanner,274.92,29474,1,8.440,
spanner,274.93,29475,1,8.545,
spanner,274.94,29476,1,8.353,
spanner,274.95,29477,1,8.121,
spanner,274.96,29478,1,8.534,
spanner,274.97,29479,1,9.432,
spanner,274.98,29480,1,8.580,
spanner,274.98,29481,1,7.182,
spanner,274.99,29482,1,8.251,
spanner,275.00,29483,1,6.762,
spanner,275.01,29484,1,7.881,
spanner,275.01,29485,1,6.720,
spanner,275.02,29486,1,6.596,
spanner,275.03,29487,1,6.468,
spanner,275.03,29488,1,6.784,
spanner,275.04,29489,1,7.063,
spanner,275.05,29490,1,7.049,
spanner,275.06,29491,1,6.996,
spanner,275.06,29492,1,7.108,
spanner,275.07,29493,1,8.186,
spanner,275.08,29494,1,8.334,
spanner,275.09,29495,1,7.384,
spanner,275.09,29496,1,7.512,
spanner,275.10,29497,1,8.832,
spanner,275.11,29498,1,8.931,
spanner,275.12,29499,1,8.929,
spanner,275.13,29500,1,8.868,
spanner,275.14,29501,1,8.526,
spanner,275.15,29502,1,10.107,
spanner,275.16,29503,1,8.940,
spanner,275.16,29504,1,11.360,
spanner,275.18,29505,1,9.057,
spanner,275.18,29506,1,8.630,
spanner,275.19,29507,1,7.141,
spanner,275.20,29508,1,7.366,
spanner,275.21,29509,1,9.616,
spanner,275.22,29510,1,8.487,
spanner,275.23,29511,1,8.620,
spanner,275.23,29512,1,10.253,
spanner,275.25,29513,1,11.765,
spanner,275.26,29514,1,10.870,
spanner,275.27,29515,1,12.637,
spanner,275.28,29516,1,13.302,
spanner,275.29,29517,1,12.071,
spanner,275.31,29518,1,10.207,
spanner,275.32,29519,1,13.129,
spanner,275.33,29520,1,12.024,
spanner,275.34,29521,1,10.264,
spanner,275.35,29522,1,11.719,
spanner,275.36,29523,1,12.004,
spanner,275.38,29524,1,11.800,
spanner,275.39,29525,1,11.754,
spanner,275.40,29526,1,11.701,
spanner,275.41,29527,1,11.468,
spanner,275.42,29528,1,11.306,
spanner,275.43,29529,1,10.714,
spanner,275.44,29530,1,13.565,
spanner,275.46,29531,1,11.614,
spanner,275.47,29532,1,11.480,
spanner,275.48,29533,1,11.917,
spanner,275.49,29534,1,10.721,
spanner,275.50,29535,1,8.068,
spanner,275.51,29536,1,8.118,
spanner,275.52,29537,1,8.104,
spanner,275.53,29538,1,8.195,
spanner,275.54,29539,1,8.294,
spanner,275.55,29540,1,9.942,
spanner,275.56,29541,1,11.423,
spanner,275.57,29542,1,11.699,
spanner,275.58,29543,1,10.400,
spanner,275.59,29544,1,10.957,
spanner,275.60,29545,1,11.722,
spanner,275.61,29546,1,10.633,
spanner,275.62,29547,1,10.912,
spanner,275.63,29548,1,13.367,
spanner,275.65,29549,1,11.739,
spanner,275.66,29550,1,12.954,
spanner,275.67,29551,1,12.213,
spanner,275.68,29552,1,11.785,
spanner,275.70,29553,1,13.452,
spanner,275.71,29554,1,9.558,
spanner,275.72,29555,1,9.119,
spanner,275.73,29556,1,9.743,
spanner,275.74,29557,1,9.454,
spanner,275.75,29558,1,8.741,
spanner,275.76,29559,1,9.457,
spanner,275.77,29560,1,11.252,
spanner,275.78,29561,1,12.475,
spanner,275.79,29562,1,15.415,
spanner,275.80,29563,1,11.940,
spanner,275.82,29564,1,10.601,
spanner,275.83,29565,1,8.520,
spanner,275.84,29566,1,9.909,
spanner,275.85,29567,1,11.391,
spanner,275.86,29568,1,11.998,
spanner,275.87,29569,1,13.131,
spanner,275.88,29570,1,11.909,
spanner,275.89,29571,1,10.887,
spanner,275.91,29572,1,9.763,
spanner,275.91,29573,1,9.579,
spanner,275.92,29574,1,11.563,
spanner,275.94,29575,1,13.251,
spanner,275.95,29576,1,13.221,
spanner,275.96,29577,1,12.426,
spanner,275.98,29578,1,11.579,
spanner,275.99,29579,1,9.365,
spanner,276.00,29580,1,9.261,
spanner,276.01,29581,1,12.554,
spanner,276.02,29582,1,9.986,
spanner,276.03,29583,1,9.001,
spanner,276.04,29584,1,9.489,
spanner,276.05,29585,1,6.628,
spanner,276.05,29586,1,6.876,
spanner,276.06,29587,1,7.060,
spanner,276.07,29588,1,6.972,
spanner,276.07,29589,1,7.070,
spanner,276.08,29590,1,6.856,
spanner,276.09,29591,1,6.370,
spanner,276.09,29592,1,6.987,
spanner,276.10,29593,1,6.602,
spanner,276.11,29594,1,6.696,
spanner,276.12,29595,1,8.672,
spanner,276.12,29596,1,9.289,
spanner,276.13,29597,1,9.250,
spanner,276.14,29598,1,8.198,
spanner,276.15,29599,1,6.932,
spanner,276.16,29600,1,6.175,
spanner,276.16,29601,1,7.748,
spanner,276.17,29602,1,10.203,
spanner,276.18,29603,1,8.348,
spanner,276.19,29604,1,6.859,
spanner,276.20,29605,1,6.527,
spanner,276.20,29606,1,6.792,
spanner,276.21,29607,1,6.799,
spanner,276.22,29608,1,7.629,
spanner,276.22,29609,1,7.449,
spanner,276.23,29610,1,6.695,
spanner,276.24,29611,1,6.228,
spanner,276.25,29612,1,6.127,
spanner,276.25,29613,1,6.010,
spanner,276.26,29614,1,5.718,
spanner,276.26,29615,1,5.932,
spanner,276.27,29616,1,5.919,
spanner,276.28,29617,1,5.934,
spanner,276.28,29618,1,6.928,
spanner,276.29,29619,1,7.662,
spanner,276.30,29620,1,8.507,
spanner,276.30,29621,1,10.522,
spanner,276.31,29622,1,9.759,
spanner,276.32,29623,1,9.093,
spanner,276.33,29624,1,9.291,
spanner,276.34,29625,1,8.397,
spanner,276.35,29626,1,6.810,
spanner,276.36,29627,1,5.916,
spanner,276.36,29628,1,10.180,
spanner,276.37,29629,1,6.878,
spanner,276.38,29630,1,6.360,
spanner,276.39,29631,1,5.832,
spanner,276.39,29632,1,6.066,
spanner,276.40,29633,1,5.935,
spanner,276.41,29634,1,5.937,
spanner,276.41,29635,1,5.629,
spanner,276.42,29636,1,6.043,
spanner,276.42,29637,1,5.430,
spanner,276.43,29638,1,5.880,
spanner,276.43,29639,1,5.727,
spanner,276.44,29640,1,5.998,
spanner,276.45,29641,1,6.723,
spanner,276.45,29642,1,9.349,
spanner,276.46,29643,1,8.671,
spanner,276.47,29644,1,8.420,
spanner,276.48,29645,1,9.034,
spanner,276.49,29646,1,7.921,
spanner,276.50,29647,1,8.888,
spanner,276.51,29648,1,8.712,
spanner,276.51,29649,1,8.941,
spanner,276.52,29650,1,9.523,
spanner,276.53,29651,1,8.528,
spanner,276.54,29652,1,7.006,
spanner,276.55,29653,1,6.910,
spanner,276.56,29654,1,6.437,
spanner,276.56,29655,1,6.555,
spanner,276.57,29656,1,6.826,
spanner,276.58,29657,1,7.029,
spanner,276.58,29658,1,6.789,
spanner,276.59,29659,1,6.425,
spanner,276.60,29660,1,6.233,
spanner,276.60,29661,1,6.014,
spanner,276.61,29662,1,7.111,
spanner,276.62,29663,1,8.203,
spanner,276.62,29664,1,7.592,
spanner,276.63,29665,1,8.370,
spanner,276.64,29666,1,8.763,
spanner,276.65,29667,1,7.279,
spanner,276.66,29668,1,7.543,
spanner,276.66,29669,1,8.889,
spanner,276.67,29670,1,9.664,
spanner,276.68,29671,1,9.697,
spanner,276.69,29672,1,11.246,
spanner,276.70,29673,1,10.998,
spanner,276.71,29674,1,8.371,
spanner,276.72,29675,1,7.178,
spanner,276.73,29676,1,6.792,
spanner,276.74,29677,1,8.781,
spanner,276.75,29678,1,9.309,
spanner,276.75,29679,1,8.087,
spanner,276.76,29680,1,9.661,
spanner,276.77,29681,1,10.820,
spanner,276.78,29682,1,13.206,
spanner,276.80,29683,1,9.681,
spanner,276.81,29684,1,10.131,
spanner,276.82,29685,1,10.570,
spanner,276.83,29686,1,9.989,
spanner,276.84,29687,1,12.282,
spanner,276.85,29688,1,11.761,
spanner,276.86,29689,1,10.514,
spanner,276.87,29690,1,10.216,
spanner,276.88,29691,1,11.664,
spanner,276.89,29692,1,10.950,
spanner,276.90,29693,1,10.906,
spanner,276.92,29694,1,9.287,
spanner,276.92,29695,1,7.632,
spanner,276.93,29696,1,7.171,
spanner,276.94,29697,1,6.754,
spanner,276.95,29698,1,7.803,
spanner,276.95,29699,1,9.219,
spanner,276.96,29700,1,7.106,
spanner,276.97,29701,1,7.363,
spanner,276.98,29702,1,8.517,
spanner,276.99,29703,1,7.179,
spanner,276.99,29704,1,7.589,
spanner,277.00,29705,1,7.457,
spanner,277.01,29706,1,7.839,
spanner,277.02,29707,1,7.874,
spanner,277.02,29708,1,7.313,
spanner,277.03,29709,1,7.476,
spanner,277.04,29710,1,7.369,
spanner,277.05,29711,1,7.526,
spanner,277.05,29712,1,6.760,
spanner,277.06,29713,1,7.888,
spanner,277.07,29714,1,10.431,
spanner,277.08,29715,1,10.199,
spanner,277.09,29716,1,9.105,
spanner,277.10,29717,1,8.350,
spanner,277.11,29718,1,8.311,
spanner,277.12,29719,1,7.342,
spanner,277.12,29720,1,7.037,
spanner,277.13,29721,1,14.398,
spanner,277.14,29722,1,7.859,
spanner,277.15,29723,1,7.579,
spanner,277.16,29724,1,7.357,
spanner,277.17,29725,1,6.891,
spanner,277.17,29726,1,8.499,
spanner,277.18,29727,1,8.610,
spanner,277.19,29728,1,9.378,
spanner,277.20,29729,1,9.696,
spanner,277.21,29730,1,8.676,
spanner,277.22,29731,1,10.887,
spanner,277.23,29732,1,8.662,
spanner,277.24,29733,1,8.139,
spanner,277.25,29734,1,8.182,
spanner,277.26,29735,1,10.086,
spanner,277.27,29736,1,10.747,
spanner,277.28,29737,1,9.673,
spanner,277.29,29738,1,9.178,
spanner,277.30,29739,1,9.582,
spanner,277.30,29740,1,8.225,
spanner,277.31,29741,1,8.252,
spanner,277.32,29742,1,10.102,
spanner,277.33,29743,1,10.134,
spanner,277.34,29744,1,12.700,
spanner,277.35,29745,1,9.202,
spanner,277.36,29746,1,8.432,
spanner,277.37,29747,1,8.441,
spanner,277.38,29748,1,8.496,
spanner,277.39,29749,1,7.822,
spanner,277.40,29750,1,8.436,
spanner,277.41,29751,1,9.722,
spanner,277.42,29752,1,11.380,
spanner,277.43,29753,1,12.230,
spanner,277.44,29754,1,12.134,
spanner,277.45,29755,1,11.626,
spanner,277.46,29756,1,9.833,
spanner,277.47,29757,1,10.016,
spanner,277.48,29758,1,11.950,
spanner,277.49,29759,1,11.558,
spanner,277.51,29760,1,11.444,
spanner,277.52,29761,1,12.329,
spanner,277.53,29762,1,11.483,
spanner,277.54,29763,1,8.662,
spanner,277.55,29764,1,9.021,
spanner,277.56,29765,1,8.350,
spanner,277.57,29766,1,10.838,
spanner,277.58,29767,1,12.828,
spanner,277.59,29768,1,14.088,
spanner,277.61,29769,1,14.168,
spanner,277.62,29770,1,13.204,
spanner,277.63,29771,1,12.569,
spanner,277.65,29772,1,12.925,
spanner,277.66,29773,1,13.185,
spanner,277.67,29774,1,13.939,
spanner,277.69,29775,1,14.351,
spanner,277.70,29776,1,13.473,
spanner,277.71,29777,1,8.301,
spanner,277.72,29778,1,7.999,
spanner,277.73,29779,1,8.255,
spanner,277.74,29780,1,11.771,
spanner,277.75,29781,1,13.060,
spanner,277.76,29782,1,12.650,
spanner,277.78,29783,1,13.775,
spanner,277.79,29784,1,14.040,
spanner,277.80,29785,1,12.014,
spanner,277.82,29786,1,9.765,
spanner,277.83,29787,1,9.301,
spanner,277.84,29788,1,10.084,
spanner,277.85,29789,1,13.125,
spanner,277.86,29790,1,13.975,
spanner,277.87,29791,1,13.382,
spanner,277.89,29792,1,12.073,
spanner,277.90,29793,1,10.023,
spanner,277.91,29794,1,10.445,
spanner,277.92,29795,1,9.701,
spanner,277.93,29796,1,9.543,
spanner,277.94,29797,1,9.387,
spanner,277.95,29798,1,9.207,
spanner,277.96,29799,1,10.190,
spanner,277.97,29800,1,9.012,
spanner,277.98,29801,1,8.831,
spanner,277.99,29802,1,10.802,
spanner,278.00,29803,1,10.845,
spanner,278.01,29804,1,11.144,
spanner,278.02,29805,1,10.315,
spanner,278.03,29806,1,11.969,
spanner,278.04,29807,1,8.550,
spanner,278.05,29808,1,6.716,
spanner,278.06,29809,1,6.575,
spanner,278.06,29810,1,6.310,
spanner,278.07,29811,1,6.803,
spanner,278.08,29812,1,6.621,
spanner,278.08,29813,1,9.052,
spanner,278.09,29814,1,9.312,
spanner,278.10,29815,1,7.912,
spanner,278.11,29816,1,7.795,
spanner,278.12,29817,1,8.403,
spanner,278.12,29818,1,8.696,
spanner,278.13,29819,1,8.646,
spanner,278.14,29820,1,7.983,
spanner,278.15,29821,1,7.351,
spanner,278.16,29822,1,9.147,
spanner,278.17,29823,1,7.981,
spanner,278.17,29824,1,9.067,
spanner,278.18,29825,1,10.190,
spanner,278.19,29826,1,9.657,
spanner,278.20,29827,1,8.902,
spanner,278.21,29828,1,6.799,
spanner,278.22,29829,1,7.003,
spanner,278.23,29830,1,7.702,
spanner,278.23,29831,1,9.095,
spanner,278.24,29832,1,7.225,
spanner,278.25,29833,1,7.973,
spanner,278.26,29834,1,9.482,
spanner,278.27,29835,1,9.858,
spanner,278.28,29836,1,9.524,
spanner,278.29,29837,1,8.419,
spanner,278.30,29838,1,7.684,
spanner,278.30,29839,1,8.406,
spanner,278.31,29840,1,9.216,
spanner,278.32,29841,1,7.663,
spanner,278.33,29842,1,8.364,
spanner,278.34,29843,1,7.440,
spanner,278.35,29844,1,7.417,
spanner,278.35,29845,1,10.411,
spanner,278.36,29846,1,8.550,
spanner,278.37,29847,1,8.536,
spanner,278.38,29848,1,10.380,
spanner,278.39,29849,1,9.091,
spanner,278.40,29850,1,8.609,
spanner,278.41,29851,1,10.259,
spanner,278.42,29852,1,9.757,
spanner,278.43,29853,1,7.660,
spanner,278.44,29854,1,7.037,
spanner,278.44,29855,1,7.219,
spanner,278.45,29856,1,9.151,
spanner,278.46,29857,1,7.175,
spanner,278.47,29858,1,6.757,
spanner,278.47,29859,1,6.672,
spanner,278.48,29860,1,5.831,
spanner,278.49,29861,1,6.389,
spanner,278.49,29862,1,7.408,
spanner,278.50,29863,1,7.382,
spanner,278.51,29864,1,6.808,
spanner,278.51,29865,1,6.573,
spanner,278.52,29866,1,6.211,
spanner,278.53,29867,1,6.611,
spanner,278.53,29868,1,7.137,
spanner,278.54,29869,1,6.802,
spanner,278.55,29870,1,6.411,
spanner,278.55,29871,1,6.825,
spanner,278.56,29872,1,8.685,
spanner,278.57,29873,1,8.751,
spanner,278.58,29874,1,7.812,
spanner,278.59,29875,1,7.071,
spanner,278.59,29876,1,9.895,
spanner,278.60,29877,1,9.856,
spanner,278.61,29878,1,10.463,
spanner,278.62,29879,1,9.594,
spanner,278.63,29880,1,8.834,
spanner,278.64,29881,1,7.767,
spanner,278.65,29882,1,10.600,
spanner,278.66,29883,1,9.772,
spanner,278.67,29884,1,7.430,
spanner,278.68,29885,1,7.311,
spanner,278.69,29886,1,6.674,
spanner,278.69,29887,1,7.394,
spanner,278.70,29888,1,9.653,
spanner,278.71,29889,1,8.199,
spanner,278.72,29890,1,6.985,
spanner,278.72,29891,1,9.031,
spanner,278.73,29892,1,10.023,
spanner,278.74,29893,1,8.476,
spanner,278.75,29894,1,7.049,
spanner,278.76,29895,1,6.836,
spanner,278.77,29896,1,6.975,
spanner,278.77,29897,1,6.442,
spanner,278.78,29898,1,6.370,
spanner,278.79,29899,1,6.679,
spanner,278.79,29900,1,7.836,
spanner,278.80,29901,1,8.381,
spanner,278.81,29902,1,13.182,
spanner,278.82,29903,1,9.341,
spanner,278.83,29904,1,7.515,
spanner,278.84,29905,1,7.104,
spanner,278.85,29906,1,7.492,
spanner,278.85,29907,1,6.897,
spanner,278.86,29908,1,7.125,
spanner,278.87,29909,1,6.674,
spanner,278.87,29910,1,6.786,
spanner,278.88,29911,1,7.295,
spanner,278.89,29912,1,7.510,
spanner,278.90,29913,1,7.228,
spanner,278.90,29914,1,6.665,
spanner,278.91,29915,1,6.689,
spanner,278.92,29916,1,7.458,
spanner,278.92,29917,1,6.883,
spanner,278.93,29918,1,6.642,
spanner,278.94,29919,1,6.801,
spanner,278.94,29920,1,7.322,
spanner,278.95,29921,1,8.526,
spanner,278.96,29922,1,9.361,
spanner,278.97,29923,1,8.295,
spanner,278.98,29924,1,9.089,
spanner,278.99,29925,1,9.449,
spanner,279.00,29926,1,9.563,
spanner,279.01,29927,1,11.189,
spanner,279.02,29928,1,10.224,
spanner,279.03,29929,1,12.781,
spanner,279.04,29930,1,9.934,
spanner,279.05,29931,1,7.751,
spanner,279.06,29932,1,7.365,
spanner,279.07,29933,1,7.541,
spanner,279.07,29934,1,9.710,
spanner,279.08,29935,1,10.716,
spanner,279.09,29936,1,11.240,
spanner,279.11,29937,1,10.014,
spanner,279.12,29938,1,8.633,
spanner,279.12,29939,1,11.191,
spanner,279.14,29940,1,10.826,
spanner,279.15,29941,1,12.186,
spanner,279.16,29942,1,10.390,
spanner,279.17,29943,1,9.232,
spanner,279.18,29944,1,9.244,
spanner,279.19,29945,1,10.363,
spanner,279.20,29946,1,11.192,
spanner,279.21,29947,1,11.185,
spanner,279.22,29948,1,10.513,
spanner,279.23,29949,1,12.506,
spanner,279.24,29950,1,13.233,
spanner,279.26,29951,1,10.744,
spanner,279.27,29952,1,11.818,
spanner,279.28,29953,1,12.288,
spanner,279.29,29954,1,11.537,
spanner,279.30,29955,1,10.190,
spanner,279.31,29956,1,11.736,
spanner,279.33,29957,1,9.607,
spanner,279.34,29958,1,8.482,
spanner,279.34,29959,1,7.631,
spanner,279.35,29960,1,9.604,
spanner,279.36,29961,1,10.491,
spanner,279.37,29962,1,10.590,
spanner,279.38,29963,1,8.269,
spanner,279.39,29964,1,7.908,
spanner,279.40,29965,1,7.530,
spanner,279.41,29966,1,7.601,
spanner,279.41,29967,1,9.456,
spanner,279.42,29968,1,9.871,
spanner,279.43,29969,1,11.846,
spanner,279.44,29970,1,11.937,
spanner,279.46,29971,1,13.134,
spanner,279.47,29972,1,10.303,
spanner,279.48,29973,1,10.642,
spanner,279.49,29974,1,12.799,
spanner,279.50,29975,1,12.295,
spanner,279.52,29976,1,10.386,
spanner,279.53,29977,1,11.960,
spanner,279.54,29978,1,9.713,
spanner,279.55,29979,1,8.825,
spanner,279.56,29980,1,9.225,
spanner,279.57,29981,1,9.047,
spanner,279.58,29982,1,12.373,
spanner,279.59,29983,1,9.484,
spanner,279.60,29984,1,8.575,
spanner,279.61,29985,1,8.314,
spanner,279.61,29986,1,8.462,
spanner,279.62,29987,1,10.238,
spanner,279.63,29988,1,12.100,
spanner,279.65,29989,1,11.839,
spanner,279.66,29990,1,11.150,
spanner,279.67,29991,1,12.682,
spanner,279.68,29992,1,12.361,
spanner,279.69,29993,1,12.764,
spanner,279.71,29994,1,12.668,
spanner,279.72,29995,1,8.876,
spanner,279.73,29996,1,9.205,
spanner,279.74,29997,1,10.050,
spanner,279.75,29998,1,8.271,
spanner,279.76,29999,1,7.404,
spanner,279.76,30000,1,6.612,
spanner,279.77,30001,1,5.705,
spanner,279.78,30002,1,5.821,
spanner,279.78,30003,1,10.487,
spanner,279.79,30004,1,6.776,
spanner,279.80,30005,1,6.937,
spanner,279.81,30006,1,8.248,
spanner,279.81,30007,1,6.695,
spanner,279.82,30008,1,7.032,
spanner,279.83,30009,1,7.468,
spanner,279.84,30010,1,7.144,
spanner,279.84,30011,1,7.588,
spanner,279.85,30012,1,7.512,
spanner,279.86,30013,1,6.711,
spanner,279.86,30014,1,6.853,
spanner,279.87,30015,1,6.282,
spanner,279.88,30016,1,6.063,
spanner,279.88,30017,1,7.184,
spanner,279.89,30018,1,6.542,
spanner,279.90,30019,1,8.193,
spanner,279.91,30020,1,7.420,
spanner,279.91,30021,1,9.408,
spanner,279.92,30022,1,9.175,
spanner,279.93,30023,1,6.970,
spanner,279.94,30024,1,6.567,
spanner,279.95,30025,1,6.464,
spanner,279.95,30026,1,6.953,
spanner,279.96,30027,1,6.679,
spanner,279.97,30028,1,6.381,
spanner,279.97,30029,1,6.578,
spanner,279.98,30030,1,9.431,
spanner,279.99,30031,1,11.193,
spanner,280.00,30032,1,10.137,
spanner,280.01,30033,1,11.041,
spanner,280.02,30034,1,10.553,
spanner,280.03,30035,1,10.468,
spanner,280.04,30036,1,10.153,
spanner,280.05,30037,1,11.925,
spanner,280.06,30038,1,11.916,
spanner,280.08,30039,1,11.625,
spanner,280.09,30040,1,10.627,
spanner,280.10,30041,1,9.831,
spanner,280.11,30042,1,13.792,
spanner,280.12,30043,1,11.358,
spanner,280.13,30044,1,10.098,
spanner,280.14,30045,1,9.315,
spanner,280.15,30046,1,9.180,
spanner,280.16,30047,1,8.182,
spanner,280.17,30048,1,8.930,
spanner,280.18,30049,1,9.249,
spanner,280.19,30050,1,7.073,
spanner,280.20,30051,1,6.725,
spanner,280.20,30052,1,8.415,
spanner,280.21,30053,1,9.086,
spanner,280.22,30054,1,8.449,
spanner,280.23,30055,1,6.561,
spanner,280.23,30056,1,8.086,
spanner,280.24,30057,1,7.225,
spanner,280.25,30058,1,7.860,
spanner,280.26,30059,1,9.257,
spanner,280.27,30060,1,7.032,
spanner,280.27,30061,1,8.633,
spanner,280.28,30062,1,8.856,
spanner,280.29,30063,1,10.156,
spanner,280.30,30064,1,10.768,
spanner,280.31,30065,1,10.670,
spanner,280.32,30066,1,10.592,
spanner,280.33,30067,1,8.694,
spanner,280.34,30068,1,6.907,
spanner,280.35,30069,1,7.570,
spanner,280.36,30070,1,8.901,
spanner,280.37,30071,1,7.104,
spanner,280.37,30072,1,7.756,
spanner,280.38,30073,1,11.147,
spanner,280.39,30074,1,9.554,
spanner,280.40,30075,1,9.248,
spanner,280.41,30076,1,10.800,
spanner,280.42,30077,1,8.158,
spanner,280.43,30078,1,7.078,
spanner,280.44,30079,1,6.829,
spanner,280.44,30080,1,6.718,
spanner,280.45,30081,1,7.056,
spanner,280.46,30082,1,8.294,
spanner,280.47,30083,1,7.790,
spanner,280.47,30084,1,7.164,
spanner,280.48,30085,1,10.130,
spanner,280.49,30086,1,9.033,
spanner,280.50,30087,1,9.071,
spanner,280.51,30088,1,9.632,
spanner,280.52,30089,1,9.570,
spanner,280.53,30090,1,9.418,
spanner,280.54,30091,1,10.233,
spanner,280.55,30092,1,9.814,
spanner,280.56,30093,1,8.793,
spanner,280.57,30094,1,6.986,
spanner,280.57,30095,1,6.641,
spanner,280.58,30096,1,8.093,
spanner,280.59,30097,1,8.323,
spanner,280.60,30098,1,11.170,
spanner,280.61,30099,1,9.671,
spanner,280.62,30100,1,10.211,
spanner,280.63,30101,1,10.409,
spanner,280.64,30102,1,10.487,
spanner,280.65,30103,1,9.722,
spanner,280.66,30104,1,8.796,
spanner,280.67,30105,1,10.235,
spanner,280.68,30106,1,8.953,
spanner,280.69,30107,1,7.995,
spanner,280.70,30108,1,7.962,
spanner,280.70,30109,1,8.107,
spanner,280.71,30110,1,7.357,
spanner,280.72,30111,1,7.432,
spanner,280.73,30112,1,7.275,
spanner,280.73,30113,1,7.073,
spanner,280.74,30114,1,7.541,
spanner,280.75,30115,1,7.640,
spanner,280.76,30116,1,8.321,
spanner,280.76,30117,1,8.070,
spanner,280.77,30118,1,7.762,
spanner,280.78,30119,1,7.912,
spanner,280.79,30120,1,7.303,
spanner,280.80,30121,1,8.373,
spanner,280.80,30122,1,8.117,
spanner,280.81,30123,1,8.169,
spanner,280.82,30124,1,7.021,
spanner,280.83,30125,1,6.785,
spanner,280.83,30126,1,6.984,
spanner,280.84,30127,1,6.793,
spanner,280.85,30128,1,10.001,
spanner,280.86,30129,1,8.151,
spanner,280.87,30130,1,8.228,
spanner,280.87,30131,1,11.847,
spanner,280.89,30132,1,11.506,
spanner,280.90,30133,1,9.971,
spanner,280.91,30134,1,10.177,
spanner,280.92,30135,1,9.804,
spanner,280.93,30136,1,9.361,
spanner,280.94,30137,1,8.021,
spanner,280.95,30138,1,7.866,
spanner,280.95,30139,1,7.336,
spanner,280.96,30140,1,8.104,
spanner,280.97,30141,1,7.518,
spanner,280.98,30142,1,9.494,
spanner,280.99,30143,1,7.107,
spanner,280.99,30144,1,7.076,
spanner,281.00,30145,1,7.909,
spanner,281.01,30146,1,31.279,
spanner,281.04,30147,1,10.670,
spanner,281.05,30148,1,12.689,
spanner,281.06,30149,1,11.887,
spanner,281.08,30150,1,8.620,
spanner,281.08,30151,1,7.895,
spanner,281.09,30152,1,7.481,
spanner,281.10,30153,1,7.891,
spanner,281.11,30154,1,7.583,
spanner,281.11,30155,1,7.798,
spanner,281.12,30156,1,7.676,
spanner,281.13,30157,1,8.062,
spanner,281.14,30158,1,8.374,
spanner,281.15,30159,1,10.127,
spanner,281.16,30160,1,10.103,
spanner,281.17,30161,1,10.366,
spanner,281.18,30162,1,14.504,
spanner,281.19,30163,1,12.376,
spanner,281.20,30164,1,13.232,
spanner,281.22,30165,1,10.602,
spanner,281.23,30166,1,9.541,
spanner,281.24,30167,1,10.456,
spanner,281.25,30168,1,8.777,
spanner,281.26,30169,1,8.928,
spanner,281.27,30170,1,11.506,
spanner,281.28,30171,1,9.684,
spanner,281.29,30172,1,10.232,
spanner,281.30,30173,1,11.882,
spanner,281.31,30174,1,11.995,
spanner,281.32,30175,1,11.250,
spanner,281.33,30176,1,10.002,
spanner,281.34,30177,1,9.668,
spanner,281.35,30178,1,8.919,
spanner,281.36,30179,1,8.877,
spanner,281.37,30180,1,11.187,
spanner,281.38,30181,1,10.692,
spanner,281.39,30182,1,10.231,
spanner,281.40,30183,1,8.584,
spanner,281.41,30184,1,8.761,
spanner,281.42,30185,1,7.705,
spanner,281.43,30186,1,10.089,
spanner,281.44,30187,1,11.481,
spanner,281.45,30188,1,12.437,
spanner,281.46,30189,1,14.611,
spanner,281.48,30190,1,12.745,
spanner,281.49,30191,1,12.966,
spanner,281.50,30192,1,12.869,
spanner,281.52,30193,1,13.223,
spanner,281.53,30194,1,12.814,
spanner,281.54,30195,1,10.524,
spanner,281.55,30196,1,11.283,
spanner,281.56,30197,1,11.194,
spanner,281.57,30198,1,12.210,
spanner,281.59,30199,1,11.220,
spanner,281.60,30200,1,11.496,
spanner,281.61,30201,1,12.585,
spanner,281.62,30202,1,14.456,
spanner,281.64,30203,1,13.878,
spanner,281.65,30204,1,9.972,
spanner,281.66,30205,1,8.714,
spanner,281.67,30206,1,8.325,
spanner,281.68,30207,1,8.270,
spanner,281.69,30208,1,8.353,
spanner,281.69,30209,1,8.317,
spanner,281.70,30210,1,10.353,
spanner,281.71,30211,1,9.675,
spanner,281.72,30212,1,8.968,
spanner,281.73,30213,1,8.872,
spanner,281.74,30214,1,8.770,
spanner,281.75,30215,1,8.868,
spanner,281.76,30216,1,9.455,
spanner,281.77,30217,1,9.576,
spanner,281.78,30218,1,9.942,
spanner,281.79,30219,1,10.234,
spanner,281.80,30220,1,11.950,
spanner,281.81,30221,1,12.519,
spanner,281.82,30222,1,14.401,
spanner,281.84,30223,1,14.335,
spanner,281.85,30224,1,13.572,
spanner,281.87,30225,1,9.350,
spanner,281.87,30226,1,10.660,
spanner,281.89,30227,1,10.882,
spanner,281.90,30228,1,11.487,
spanner,281.91,30229,1,11.708,
spanner,281.92,30230,1,10.594,
spanner,281.93,30231,1,11.390,
spanner,281.94,30232,1,10.852,
spanner,281.95,30233,1,10.610,
spanner,281.96,30234,1,10.029,
spanner,281.97,30235,1,10.072,
spanner,281.98,30236,1,9.512,
spanner,281.99,30237,1,9.320,
spanner,282.00,30238,1,9.931,
spanner,282.01,30239,1,10.018,
spanner,282.02,30240,1,10.161,
spanner,282.03,30241,1,9.729,
spanner,282.04,30242,1,10.154,
spanner,282.05,30243,1,11.285,
spanner,282.06,30244,1,11.113,
spanner,282.07,30245,1,8.095,
spanner,282.08,30246,1,9.989,
spanner,282.09,30247,1,10.234,
spanner,282.10,30248,1,8.804,
spanner,282.11,30249,1,10.327,
spanner,282.12,30250,1,10.831,
spanner,282.13,30251,1,9.392,
spanner,282.14,30252,1,10.954,
spanner,282.15,30253,1,11.323,
spanner,282.17,30254,1,10.557,
spanner,282.18,30255,1,11.301,
spanner,282.19,30256,1,10.892,
spanner,282.20,30257,1,11.993,
spanner,282.21,30258,1,10.819,
spanner,282.22,30259,1,9.600,
spanner,282.23,30260,1,9.214,
spanner,282.24,30261,1,10.003,
spanner,282.25,30262,1,10.330,
spanner,282.26,30263,1,10.211,
spanner,282.27,30264,1,10.184,
spanner,282.28,30265,1,10.630,
spanner,282.29,30266,1,12.060,
spanner,282.30,30267,1,10.561,
spanner,282.31,30268,1,11.667,
spanner,282.33,30269,1,8.639,
spanner,282.33,30270,1,9.912,
spanner,282.34,30271,1,10.363,
spanner,282.35,30272,1,10.139,
spanner,282.36,30273,1,12.365,
spanner,282.38,30274,1,11.295,
spanner,282.39,30275,1,8.680,
spanner,282.40,30276,1,7.961,
spanner,282.41,30277,1,7.237,
spanner,282.41,30278,1,6.913,
spanner,282.42,30279,1,6.808,
spanner,282.43,30280,1,6.567,
spanner,282.43,30281,1,6.962,
spanner,282.44,30282,1,9.086,
spanner,282.45,30283,1,6.877,
spanner,282.46,30284,1,6.536,
spanner,282.46,30285,1,7.012,
spanner,282.47,30286,1,7.211,
spanner,282.48,30287,1,7.326,
spanner,282.48,30288,1,7.089,
spanner,282.49,30289,1,6.705,
spanner,282.50,30290,1,6.246,
spanner,282.50,30291,1,6.265,
spanner,282.51,30292,1,7.378,
spanner,282.52,30293,1,9.433,
spanner,282.53,30294,1,10.414,
spanner,282.54,30295,1,8.409,
spanner,282.55,30296,1,8.270,
spanner,282.55,30297,1,8.450,
spanner,282.56,30298,1,7.245,
spanner,282.57,30299,1,6.909,
spanner,282.58,30300,1,6.959,
spanner,282.58,30301,1,6.564,
spanner,282.59,30302,1,7.818,
spanner,282.60,30303,1,7.357,
spanner,282.61,30304,1,6.987,
spanner,282.61,30305,1,7.130,
spanner,282.62,30306,1,6.907,
spanner,282.63,30307,1,6.991,
spanner,282.63,30308,1,6.951,
spanner,282.64,30309,1,7.295,
spanner,282.65,30310,1,7.884,
spanner,282.66,30311,1,7.647,
spanner,282.66,30312,1,7.329,
spanner,282.67,30313,1,7.605,
spanner,282.68,30314,1,6.788,
spanner,282.69,30315,1,7.618,
spanner,282.69,30316,1,7.631,
spanner,282.70,30317,1,7.879,
spanner,282.71,30318,1,7.139,
spanner,282.72,30319,1,6.915,
spanner,282.72,30320,1,7.132,
spanner,282.73,30321,1,7.215,
spanner,282.74,30322,1,7.575,
spanner,282.75,30323,1,8.306,
spanner,282.75,30324,1,6.774,
spanner,282.76,30325,1,8.049,
spanner,282.77,30326,1,9.930,
spanner,282.78,30327,1,7.318,
spanner,282.79,30328,1,7.203,
spanner,282.79,30329,1,7.427,
spanner,282.80,30330,1,6.733,
spanner,282.81,30331,1,7.122,
spanner,282.81,30332,1,7.940,
spanner,282.82,30333,1,8.221,
spanner,282.83,30334,1,7.994,
spanner,282.84,30335,1,10.606,
spanner,282.85,30336,1,10.234,
spanner,282.86,30337,1,11.587,
spanner,282.87,30338,1,9.339,
spanner,282.88,30339,1,8.378,
spanner,282.89,30340,1,7.964,
spanner,282.90,30341,1,8.165,
spanner,282.91,30342,1,9.519,
spanner,282.91,30343,1,9.529,
spanner,282.92,30344,1,7.516,
spanner,282.93,30345,1,8.782,
spanner,282.94,30346,1,9.117,
spanner,282.95,30347,1,8.814,
spanner,282.96,30348,1,10.277,
spanner,282.97,30349,1,11.008,
spanner,282.98,30350,1,10.313,
spanner,282.99,30351,1,10.587,
spanner,283.00,30352,1,7.287,
spanner,283.01,30353,1,7.831,
spanner,283.02,30354,1,7.823,
spanner,283.02,30355,1,7.695,
spanner,283.03,30356,1,7.244,
spanner,283.04,30357,1,6.969,
spanner,283.05,30358,1,7.529,
spanner,283.05,30359,1,7.991,
spanner,283.06,30360,1,8.729,
spanner,283.07,30361,1,9.256,
spanner,283.08,30362,1,11.855,
spanner,283.09,30363,1,10.027,
spanner,283.10,30364,1,10.165,
spanner,283.11,30365,1,10.895,
spanner,283.12,30366,1,9.795,
spanner,283.13,30367,1,12.307,
spanner,283.15,30368,1,14.989,
spanner,283.16,30369,1,11.457,
spanner,283.17,30370,1,10.623,
spanner,283.18,30371,1,10.105,
spanner,283.19,30372,1,9.319,
spanner,283.20,30373,1,11.016,
spanner,283.21,30374,1,12.038,
spanner,283.22,30375,1,10.470,
spanner,283.24,30376,1,8.176,
spanner,283.24,30377,1,8.933,
spanner,283.25,30378,1,13.154,
spanner,283.27,30379,1,11.829,
spanner,283.28,30380,1,9.508,
spanner,283.29,30381,1,8.293,
spanner,283.30,30382,1,8.904,
spanner,283.30,30383,1,10.016,
spanner,283.31,30384,1,12.334,
spanner,283.33,30385,1,11.812,
spanner,283.34,30386,1,11.015,
spanner,283.35,30387,1,11.812,
spanner,283.36,30388,1,12.972,
spanner,283.37,30389,1,13.604,
spanner,283.39,30390,1,13.245,
spanner,283.40,30391,1,12.156,
spanner,283.41,30392,1,12.825,
spanner,283.43,30393,1,9.539,
spanner,283.44,30394,1,9.427,
spanner,283.45,30395,1,8.733,
spanner,283.45,30396,1,9.138,
spanner,283.46,30397,1,9.104,
spanner,283.47,30398,1,8.845,
spanner,283.48,30399,1,9.182,
spanner,283.49,30400,1,8.538,
spanner,283.50,30401,1,8.682,
spanner,283.51,30402,1,9.881,
spanner,283.52,30403,1,8.542,
spanner,283.53,30404,1,8.246,
spanner,283.54,30405,1,9.918,
spanner,283.55,30406,1,11.024,
spanner,283.56,30407,1,12.995,
spanner,283.57,30408,1,12.251,
spanner,283.58,30409,1,9.523,
spanner,283.59,30410,1,8.594,
spanner,283.60,30411,1,8.506,
spanner,283.61,30412,1,8.402,
spanner,283.62,30413,1,8.820,
spanner,283.63,30414,1,9.463,
spanner,283.64,30415,1,12.172,
spanner,283.65,30416,1,13.195,
spanner,283.66,30417,1,12.732,
spanner,283.67,30418,1,12.619,
spanner,283.69,30419,1,14.570,
spanner,283.70,30420,1,15.802,
spanner,283.72,30421,1,9.653,
spanner,283.73,30422,1,10.497,
spanner,283.74,30423,1,9.517,
spanner,283.75,30424,1,9.097,
spanner,283.76,30425,1,8.501,
spanner,283.76,30426,1,9.137,
spanner,283.77,30427,1,10.611,
spanner,283.78,30428,1,13.485,
spanner,283.80,30429,1,12.671,
spanner,283.81,30430,1,11.450,
spanner,283.82,30431,1,11.259,
spanner,283.83,30432,1,9.450,
spanner,283.84,30433,1,9.199,
spanner,283.85,30434,1,12.647,
spanner,283.86,30435,1,13.222,
spanner,283.88,30436,1,12.964,
spanner,283.89,30437,1,13.897,
spanner,283.90,30438,1,13.410,
spanner,283.92,30439,1,13.772,
spanner,283.93,30440,1,12.937,
spanner,283.94,30441,1,13.495,
spanner,283.96,30442,1,12.978,
spanner,283.97,30443,1,13.592,
spanner,283.98,30444,1,13.854,
spanner,284.00,30445,1,11.541,
spanner,284.01,30446,1,12.879,
spanner,284.02,30447,1,11.263,
spanner,284.03,30448,1,9.580,
spanner,284.04,30449,1,10.482,
spanner,284.05,30450,1,12.270,
spanner,284.07,30451,1,11.723,
spanner,284.08,30452,1,11.416,
spanner,284.09,30453,1,10.387,
spanner,284.10,30454,1,7.784,
spanner,284.11,30455,1,9.266,
spanner,284.12,30456,1,10.847,
spanner,284.13,30457,1,8.423,
spanner,284.14,30458,1,7.243,
spanner,284.14,30459,1,6.720,
spanner,284.15,30460,1,8.185,
spanner,284.16,30461,1,8.613,
spanner,284.17,30462,1,9.315,
spanner,284.18,30463,1,9.241,
spanner,284.19,30464,1,7.524,
spanner,284.19,30465,1,6.798,
spanner,284.20,30466,1,6.688,
spanner,284.21,30467,1,7.288,
spanner,284.22,30468,1,6.694,
spanner,284.22,30469,1,8.401,
spanner,284.23,30470,1,7.861,
spanner,284.24,30471,1,7.377,
spanner,284.25,30472,1,6.963,
spanner,284.25,30473,1,6.608,
spanner,284.26,30474,1,6.085,
spanner,284.27,30475,1,6.310,
spanner,284.27,30476,1,6.475,
spanner,284.28,30477,1,5.903,
spanner,284.28,30478,1,6.249,
spanner,284.29,30479,1,7.254,
spanner,284.30,30480,1,8.758,
spanner,284.31,30481,1,7.631,
spanner,284.31,30482,1,8.414,
spanner,284.32,30483,1,6.772,
spanner,284.33,30484,1,6.457,
spanner,284.34,30485,1,6.725,
spanner,284.34,30486,1,6.392,
spanner,284.35,30487,1,6.348,
spanner,284.36,30488,1,5.974,
spanner,284.36,30489,1,5.703,
spanner,284.37,30490,1,6.871,
spanner,284.37,30491,1,6.644,
spanner,284.38,30492,1,6.585,
spanner,284.39,30493,1,6.500,
spanner,284.39,30494,1,5.955,
spanner,284.40,30495,1,6.861,
spanner,284.41,30496,1,6.751,
spanner,284.41,30497,1,8.070,
spanner,284.42,30498,1,7.574,
spanner,284.43,30499,1,6.898,
spanner,284.44,30500,1,6.752,
spanner,284.44,30501,1,6.459,
spanner,284.45,30502,1,7.172,
spanner,284.46,30503,1,6.469,
spanner,284.46,30504,1,7.252,
spanner,284.47,30505,1,6.507,
spanner,284.48,30506,1,7.227,
spanner,284.48,30507,1,7.091,
spanner,284.49,30508,1,7.216,
spanner,284.50,30509,1,7.656,
spanner,284.51,30510,1,8.472,
spanner,284.51,30511,1,9.580,
spanner,284.52,30512,1,7.997,
spanner,284.53,30513,1,7.710,
spanner,284.54,30514,1,6.514,
spanner,284.55,30515,1,6.158,
spanner,284.55,30516,1,6.045,
spanner,284.56,30517,1,6.419,
spanner,284.57,30518,1,6.761,
spanner,284.57,30519,1,6.749,
spanner,284.58,30520,1,6.620,
spanner,284.59,30521,1,6.202,
spanner,284.59,30522,1,7.332,
spanner,284.60,30523,1,7.213,
spanner,284.61,30524,1,7.021,
spanner,284.61,30525,1,6.995,
spanner,284.62,30526,1,6.853,
spanner,284.63,30527,1,6.658,
spanner,284.63,30528,1,6.845,
spanner,284.64,30529,1,7.913,
spanner,284.65,30530,1,7.052,
spanner,284.66,30531,1,8.699,
spanner,284.66,30532,1,9.814,
spanner,284.67,30533,1,9.620,
spanner,284.68,30534,1,10.771,
spanner,284.70,30535,1,13.295,
spanner,284.71,30536,1,11.251,
spanner,284.72,30537,1,8.158,
spanner,284.73,30538,1,7.481,
spanner,284.74,30539,1,7.201,
spanner,284.74,30540,1,9.013,
spanner,284.75,30541,1,9.270,
spanner,284.76,30542,1,10.240,
spanner,284.77,30543,1,8.431,
spanner,284.78,30544,1,7.677,
spanner,284.79,30545,1,8.336,
spanner,284.80,30546,1,8.709,
spanner,284.80,30547,1,8.855,
spanner,284.81,30548,1,9.893,
spanner,284.82,30549,1,9.966,
spanner,284.83,30550,1,9.014,
spanner,284.84,30551,1,9.039,
spanner,284.85,30552,1,12.507,
spanner,284.86,30553,1,11.796,
spanner,284.88,30554,1,11.096,
spanner,284.89,30555,1,10.909,
spanner,284.90,30556,1,10.258,
spanner,284.91,30557,1,10.557,
spanner,284.92,30558,1,11.415,
spanner,284.93,30559,1,10.013,
spanner,284.94,30560,1,7.826,
spanner,284.95,30561,1,9.956,
spanner,284.96,30562,1,10.963,
spanner,284.97,30563,1,12.750,
spanner,284.98,30564,1,11.878,
spanner,284.99,30565,1,9.664,
spanner,285.00,30566,1,9.727,
spanner,285.01,30567,1,10.867,
spanner,285.02,30568,1,8.966,
spanner,285.03,30569,1,7.318,
spanner,285.04,30570,1,8.275,
spanner,285.05,30571,1,8.424,
spanner,285.06,30572,1,8.075,
spanner,285.07,30573,1,7.125,
spanner,285.07,30574,1,7.027,
spanner,285.08,30575,1,6.805,
spanner,285.09,30576,1,6.929,
spanner,285.09,30577,1,6.880,
spanner,285.10,30578,1,6.606,
spanner,285.11,30579,1,6.659,
spanner,285.11,30580,1,7.030,
spanner,285.12,30581,1,7.540,
spanner,285.13,30582,1,8.575,
spanner,285.14,30583,1,8.197,
spanner,285.15,30584,1,8.162,
spanner,285.15,30585,1,9.374,
spanner,285.16,30586,1,9.591,
spanner,285.17,30587,1,11.741,
spanner,285.18,30588,1,9.727,
spanner,285.19,30589,1,8.393,
spanner,285.20,30590,1,7.867,
spanner,285.21,30591,1,7.871,
spanner,285.22,30592,1,7.365,
spanner,285.23,30593,1,7.819,
spanner,285.23,30594,1,7.894,
spanner,285.24,30595,1,8.713,
spanner,285.25,30596,1,10.795,
spanner,285.26,30597,1,10.941,
spanner,285.27,30598,1,9.641,
spanner,285.28,30599,1,10.602,
spanner,285.29,30600,1,13.073,
spanner,285.31,30601,1,10.970,
spanner,285.32,30602,1,10.315,
spanner,285.33,30603,1,11.010,
spanner,285.34,30604,1,11.897,
spanner,285.35,30605,1,9.571,
spanner,285.36,30606,1,8.495,
spanner,285.37,30607,1,7.994,
spanner,285.38,30608,1,8.193,
spanner,285.38,30609,1,7.991,
spanner,285.39,30610,1,8.025,
spanner,285.40,30611,1,7.655,
spanner,285.41,30612,1,8.002,
spanner,285.42,30613,1,8.302,
spanner,285.42,30614,1,8.776,
spanner,285.43,30615,1,10.592,
spanner,285.44,30616,1,11.322,
spanner,285.46,30617,1,9.597,
spanner,285.46,30618,1,8.425,
spanner,285.47,30619,1,9.680,
spanner,285.48,30620,1,9.101,
spanner,285.49,30621,1,8.238,
spanner,285.50,30622,1,9.145,
spanner,285.51,30623,1,7.507,
spanner,285.52,30624,1,8.294,
spanner,285.53,30625,1,9.622,
spanner,285.53,30626,1,12.167,
spanner,285.55,30627,1,11.882,
spanner,285.56,30628,1,11.880,
spanner,285.57,30629,1,13.167,
spanner,285.58,30630,1,12.129,
spanner,285.60,30631,1,11.953,
spanner,285.61,30632,1,11.558,
spanner,285.62,30633,1,11.771,
spanner,285.63,30634,1,14.055,
spanner,285.65,30635,1,13.171,
spanner,285.66,30636,1,12.327,
spanner,285.67,30637,1,12.317,
spanner,285.68,30638,1,11.369,
spanner,285.70,30639,1,10.198,
spanner,285.71,30640,1,10.424,
spanner,285.72,30641,1,8.818,
spanner,285.72,30642,1,9.161,
spanner,285.73,30643,1,9.937,
spanner,285.74,30644,1,11.691,
spanner,285.76,30645,1,11.844,
spanner,285.77,30646,1,12.369,
spanner,285.78,30647,1,10.844,
spanner,285.79,30648,1,11.880,
spanner,285.80,30649,1,12.250,
spanner,285.82,30650,1,12.258,
spanner,285.83,30651,1,12.310,
spanner,285.84,30652,1,12.400,
spanner,285.85,30653,1,13.175,
spanner,285.87,30654,1,12.237,
spanner,285.88,30655,1,12.354,
spanner,285.89,30656,1,12.497,
spanner,285.90,30657,1,12.528,
spanner,285.92,30658,1,12.808,
spanner,285.93,30659,1,14.161,
spanner,285.94,30660,1,14.215,
spanner,285.96,30661,1,12.883,
spanner,285.97,30662,1,11.041,
spanner,285.98,30663,1,11.289,
spanner,285.99,30664,1,12.839,
spanner,286.00,30665,1,14.208,
spanner,286.02,30666,1,14.823,
spanner,286.03,30667,1,15.347,
spanner,286.05,30668,1,15.789,
spanner,286.07,30669,1,14.742,
spanner,286.08,30670,1,12.094,
spanner,286.09,30671,1,13.804,
spanner,286.11,30672,1,13.031,
spanner,286.12,30673,1,11.348,
spanner,286.13,30674,1,9.894,
spanner,286.14,30675,1,12.654,
spanner,286.15,30676,1,11.601,
spanner,286.16,30677,1,12.513,
spanner,286.18,30678,1,12.249,
spanner,286.19,30679,1,9.821,
spanner,286.20,30680,1,7.926,
spanner,286.21,30681,1,8.552,
spanner,286.22,30682,1,8.523,
spanner,286.22,30683,1,9.622,
spanner,286.23,30684,1,9.408,
spanner,286.24,30685,1,6.759,
spanner,286.25,30686,1,6.261,
spanner,286.26,30687,1,5.949,
spanner,286.26,30688,1,7.790,
spanner,286.27,30689,1,9.593,
spanner,286.28,30690,1,9.369,
spanner,286.29,30691,1,8.436,
spanner,286.30,30692,1,6.832,
spanner,286.30,30693,1,6.322,
spanner,286.31,30694,1,6.777,
spanner,286.32,30695,1,6.524,
spanner,286.32,30696,1,6.663,
spanner,286.33,30697,1,6.356,
spanner,286.34,30698,1,5.820,
spanner,286.34,30699,1,5.933,
spanner,286.35,30700,1,5.837,
spanner,286.36,30701,1,6.652,
spanner,286.36,30702,1,7.421,
spanner,286.37,30703,1,6.925,
spanner,286.38,30704,1,6.735,
spanner,286.38,30705,1,12.973,
spanner,286.40,30706,1,7.424,
spanner,286.40,30707,1,6.408,
spanner,286.41,30708,1,6.404,
spanner,286.42,30709,1,6.437,
spanner,286.42,30710,1,8.079,
spanner,286.43,30711,1,7.360,
spanner,286.44,30712,1,8.108,
spanner,286.45,30713,1,6.559,
spanner,286.45,30714,1,6.211,
spanner,286.46,30715,1,6.456,
spanner,286.47,30716,1,6.932,
spanner,286.47,30717,1,6.557,
spanner,286.48,30718,1,6.947,
spanner,286.49,30719,1,6.131,
spanner,286.49,30720,1,5.760,
spanner,286.50,30721,1,6.051,
spanner,286.50,30722,1,6.174,
spanner,286.51,30723,1,6.369,
spanner,286.52,30724,1,6.483,
spanner,286.52,30725,1,6.169,
spanner,286.53,30726,1,6.280,
spanner,286.54,30727,1,6.367,
spanner,286.54,30728,1,6.475,
spanner,286.55,30729,1,7.272,
spanner,286.56,30730,1,6.956,
spanner,286.56,30731,1,7.034,
spanner,286.57,30732,1,6.000,
spanner,286.58,30733,1,6.362,
spanner,286.58,30734,1,6.605,
spanner,286.59,30735,1,6.913,
spanner,286.60,30736,1,7.450,
spanner,286.60,30737,1,8.289,
spanner,286.61,30738,1,8.970,
spanner,286.62,30739,1,9.877,
spanner,286.63,30740,1,8.261,
spanner,286.64,30741,1,8.083,
spanner,286.65,30742,1,7.544,
spanner,286.65,30743,1,7.433,
spanner,286.66,30744,1,6.874,
spanner,286.67,30745,1,7.966,
spanner,286.68,30746,1,7.429,
spanner,286.68,30747,1,6.853,
spanner,286.69,30748,1,9.895,
spanner,286.70,30749,1,10.659,
spanner,286.71,30750,1,6.854,
spanner,286.72,30751,1,6.402,
spanner,286.73,30752,1,7.796,
spanner,286.73,30753,1,6.972,
spanner,286.74,30754,1,8.422,
spanner,286.75,30755,1,9.998,
spanner,286.76,30756,1,8.038,
spanner,286.77,30757,1,8.636,
spanner,286.78,30758,1,8.643,
spanner,286.78,30759,1,8.802,
spanner,286.79,30760,1,10.407,
spanner,286.80,30761,1,7.932,
spanner,286.81,30762,1,11.160,
spanner,286.82,30763,1,10.359,
spanner,286.83,30764,1,9.452,
spanner,286.84,30765,1,8.976,
spanner,286.85,30766,1,7.329,
spanner,286.86,30767,1,8.596,
spanner,286.87,30768,1,8.721,
spanner,286.88,30769,1,10.221,
spanner,286.89,30770,1,9.440,
spanner,286.90,30771,1,9.593,
spanner,286.91,30772,1,10.540,
spanner,286.92,30773,1,10.463,
spanner,286.93,30774,1,11.539,
spanner,286.94,30775,1,9.558,
spanner,286.95,30776,1,7.800,
spanner,286.96,30777,1,7.896,
spanner,286.96,30778,1,7.009,
spanner,286.97,30779,1,9.276,
spanner,286.98,30780,1,8.688,
spanner,286.99,30781,1,7.560,
spanner,287.00,30782,1,10.425,
spanner,287.01,30783,1,9.541,
spanner,287.02,30784,1,9.040,
spanner,287.03,30785,1,7.807,
spanner,287.03,30786,1,7.089,
spanner,287.04,30787,1,6.816,
spanner,287.05,30788,1,7.275,
spanner,287.05,30789,1,9.116,
spanner,287.06,30790,1,8.448,
spanner,287.07,30791,1,9.561,
spanner,287.08,30792,1,11.313,
spanner,287.09,30793,1,12.606,
spanner,287.11,30794,1,12.306,
spanner,287.12,30795,1,11.280,
spanner,287.13,30796,1,10.371,
spanner,287.14,30797,1,9.315,
spanner,287.15,30798,1,8.043,
spanner,287.16,30799,1,9.670,
spanner,287.17,30800,1,11.456,
spanner,287.18,30801,1,11.957,
spanner,287.19,30802,1,13.107,
spanner,287.20,30803,1,11.796,
spanner,287.22,30804,1,9.877,
spanner,287.23,30805,1,8.286,
spanner,287.23,30806,1,9.574,
spanner,287.24,30807,1,9.776,
spanner,287.25,30808,1,8.977,
spanner,287.26,30809,1,10.316,
spanner,287.27,30810,1,9.169,
spanner,287.28,30811,1,11.401,
spanner,287.29,30812,1,11.338,
spanner,287.30,30813,1,8.784,
spanner,287.31,30814,1,8.625,
spanner,287.32,30815,1,9.125,
spanner,287.33,30816,1,10.537,
spanner,287.34,30817,1,13.049,
spanner,287.35,30818,1,9.682,
spanner,287.36,30819,1,9.952,
spanner,287.37,30820,1,11.302,
spanner,287.39,30821,1,11.015,
spanner,287.40,30822,1,11.882,
spanner,287.41,30823,1,10.780,
spanner,287.42,30824,1,10.842,
spanner,287.43,30825,1,10.840,
spanner,287.44,30826,1,10.847,
spanner,287.45,30827,1,10.840,
spanner,287.46,30828,1,10.483,
spanner,287.47,30829,1,8.793,
spanner,287.48,30830,1,8.690,
spanner,287.49,30831,1,11.751,
spanner,287.50,30832,1,12.797,
spanner,287.52,30833,1,13.329,
spanner,287.53,30834,1,13.781,
spanner,287.54,30835,1,10.405,
spanner,287.55,30836,1,11.502,
spanner,287.57,30837,1,9.938,
spanner,287.58,30838,1,8.012,
spanner,287.58,30839,1,8.036,
spanner,287.59,30840,1,7.966,
spanner,287.60,30841,1,8.090,
spanner,287.61,30842,1,9.316,
spanner,287.62,30843,1,7.976,
spanner,287.62,30844,1,7.943,
spanner,287.63,30845,1,9.880,
spanner,287.64,30846,1,9.321,
spanner,287.65,30847,1,8.163,
spanner,287.66,30848,1,11.354,
spanner,287.67,30849,1,11.880,
spanner,287.68,30850,1,11.767,
spanner,287.70,30851,1,10.523,
spanner,287.71,30852,1,9.648,
spanner,287.72,30853,1,8.962,
spanner,287.72,30854,1,7.984,
spanner,287.73,30855,1,8.484,
spanner,287.74,30856,1,8.329,
spanner,287.75,30857,1,7.639,
spanner,287.76,30858,1,7.751,
spanner,287.76,30859,1,9.841,
spanner,287.77,30860,1,8.897,
spanner,287.78,30861,1,8.679,
spanner,287.79,30862,1,12.965,
spanner,287.81,30863,1,11.065,
spanner,287.82,30864,1,11.828,
spanner,287.83,30865,1,10.790,
spanner,287.84,30866,1,11.784,
spanner,287.85,30867,1,11.784,
spanner,287.86,30868,1,12.229,
spanner,287.88,30869,1,12.842,
spanner,287.89,30870,1,10.752,
spanner,287.90,30871,1,10.661,
spanner,287.91,30872,1,10.867,
spanner,287.92,30873,1,12.176,
spanner,287.93,30874,1,12.446,
spanner,287.95,30875,1,12.049,
spanner,287.96,30876,1,13.607,
spanner,287.97,30877,1,13.634,
spanner,287.98,30878,1,12.307,
spanner,288.00,30879,1,12.420,
spanner,288.01,30880,1,12.644,
spanner,288.02,30881,1,13.953,
spanner,288.04,30882,1,11.283,
spanner,288.05,30883,1,9.716,
spanner,288.06,30884,1,9.579,
spanner,288.07,30885,1,11.600,
spanner,288.08,30886,1,11.074,
spanner,288.09,30887,1,11.773,
spanner,288.10,30888,1,14.225,
spanner,288.12,30889,1,12.305,
spanner,288.13,30890,1,13.536,
spanner,288.14,30891,1,14.535,
spanner,288.16,30892,1,12.382,
spanner,288.17,30893,1,12.250,
spanner,288.18,30894,1,13.033,
spanner,288.19,30895,1,12.576,
spanner,288.21,30896,1,12.953,
spanner,288.22,30897,1,12.858,
spanner,288.23,30898,1,9.683,
spanner,288.24,30899,1,9.765,
spanner,288.25,30900,1,9.866,
spanner,288.26,30901,1,8.917,
spanner,288.27,30902,1,10.406,
spanner,288.28,30903,1,9.561,
spanner,288.29,30904,1,6.574,
spanner,288.30,30905,1,6.195,
spanner,288.30,30906,1,6.999,
spanner,288.31,30907,1,8.034,
spanner,288.32,30908,1,7.477,
spanner,288.33,30909,1,6.555,
spanner,288.33,30910,1,7.962,
spanner,288.34,30911,1,7.837,
spanner,288.35,30912,1,6.768,
spanner,288.36,30913,1,7.186,
spanner,288.36,30914,1,8.003,
spanner,288.37,30915,1,7.110,
spanner,288.38,30916,1,8.842,
spanner,288.39,30917,1,9.983,
spanner,288.40,30918,1,9.661,
spanner,288.41,30919,1,9.931,
spanner,288.42,30920,1,8.491,
spanner,288.43,30921,1,9.496,
spanner,288.43,30922,1,9.618,
spanner,288.44,30923,1,8.914,
spanner,288.45,30924,1,9.120,
spanner,288.46,30925,1,9.043,
spanner,288.47,30926,1,6.937,
spanner,288.48,30927,1,7.352,
spanner,288.49,30928,1,8.987,
spanner,288.49,30929,1,9.512,
spanner,288.50,30930,1,10.362,
spanner,288.51,30931,1,9.021,
spanner,288.52,30932,1,8.599,
spanner,288.53,30933,1,8.697,
spanner,288.54,30934,1,10.370,
spanner,288.55,30935,1,11.117,
spanner,288.56,30936,1,9.651,
spanner,288.57,30937,1,8.241,
spanner,288.58,30938,1,8.351,
spanner,288.59,30939,1,7.956,
spanner,288.60,30940,1,7.469,
spanner,288.60,30941,1,6.903,
spanner,288.61,30942,1,8.444,
spanner,288.62,30943,1,7.748,
spanner,288.63,30944,1,7.581,
spanner,288.64,30945,1,8.456,
spanner,288.64,30946,1,8.878,
spanner,288.65,30947,1,7.380,
spanner,288.66,30948,1,7.174,
spanner,288.67,30949,1,6.151,
spanner,288.67,30950,1,5.500,
spanner,288.68,30951,1,6.071,
spanner,288.69,30952,1,7.003,
spanner,288.69,30953,1,6.835,
spanner,288.70,30954,1,7.780,
spanner,288.71,30955,1,8.645,
spanner,288.72,30956,1,7.894,
spanner,288.72,30957,1,9.449,
spanner,288.73,30958,1,9.522,
spanner,288.74,30959,1,7.727,
spanner,288.75,30960,1,6.963,
spanner,288.76,30961,1,7.129,
spanner,288.76,30962,1,9.254,
spanner,288.77,30963,1,7.083,
spanner,288.78,30964,1,6.717,
spanner,288.79,30965,1,7.700,
spanner,288.80,30966,1,8.874,
spanner,288.80,30967,1,9.796,
spanner,288.81,30968,1,10.418,
spanner,288.82,30969,1,8.071,
spanner,288.83,30970,1,7.553,
spanner,288.84,30971,1,6.709,
spanner,288.85,30972,1,7.421,
spanner,288.85,30973,1,7.369,
spanner,288.86,30974,1,7.824,
spanner,288.87,30975,1,7.248,
spanner,288.88,30976,1,7.385,
spanner,288.88,30977,1,8.280,
spanner,288.89,30978,1,7.672,
spanner,288.90,30979,1,8.231,
spanner,288.91,30980,1,7.501,
spanner,288.92,30981,1,7.591,
spanner,288.92,30982,1,9.532,
spanner,288.93,30983,1,8.155,
spanner,288.94,30984,1,8.329,
spanner,288.95,30985,1,8.552,
spanner,288.96,30986,1,10.176,
spanner,288.97,30987,1,9.205,
spanner,288.98,30988,1,12.452,
spanner,288.99,30989,1,10.688,
spanner,289.00,30990,1,11.822,
spanner,289.01,30991,1,9.836,
spanner,289.02,30992,1,9.788,
spanner,289.03,30993,1,7.569,
spanner,289.04,30994,1,9.080,
spanner,289.05,30995,1,9.521,
spanner,289.06,30996,1,9.138,
spanner,289.07,30997,1,7.931,
spanner,289.08,30998,1,8.424,
spanner,289.08,30999,1,11.111,
spanner,289.10,31000,1,9.688,
spanner,289.11,31001,1,10.971,
spanner,289.12,31002,1,12.945,
spanner,289.13,31003,1,12.341,
spanner,289.14,31004,1,9.653,
spanner,289.15,31005,1,7.990,
spanner,289.16,31006,1,8.503,
spanner,289.17,31007,1,7.811,
spanner,289.18,31008,1,7.365,
spanner,289.18,31009,1,7.397,
spanner,289.19,31010,1,7.390,
spanner,289.20,31011,1,7.337,
spanner,289.21,31012,1,8.631,
spanner,289.21,31013,1,7.773,
spanner,289.22,31014,1,8.189,
spanner,289.23,31015,1,7.701,
spanner,289.24,31016,1,7.024,
spanner,289.25,31017,1,6.671,
spanner,289.25,31018,1,8.353,
spanner,289.26,31019,1,8.520,
spanner,289.27,31020,1,9.256,
spanner,289.28,31021,1,11.718,
spanner,289.29,31022,1,13.353,
spanner,289.30,31023,1,10.466,
spanner,289.31,31024,1,9.244,
spanner,289.32,31025,1,10.312,
spanner,289.33,31026,1,8.905,
spanner,289.34,31027,1,8.405,
spanner,289.35,31028,1,7.874,
spanner,289.36,31029,1,7.599,
spanner,289.37,31030,1,7.522,
spanner,289.37,31031,1,7.589,
spanner,289.38,31032,1,7.188,
spanner,289.39,31033,1,7.245,
spanner,289.40,31034,1,9.596,
spanner,289.41,31035,1,10.905,
spanner,289.42,31036,1,10.971,
spanner,289.43,31037,1,13.275,
spanner,289.44,31038,1,11.586,
spanner,289.45,31039,1,9.987,
spanner,289.46,31040,1,7.822,
spanner,289.47,31041,1,7.609,
spanner,289.48,31042,1,8.478,
spanner,289.49,31043,1,8.068,
spanner,289.49,31044,1,8.345,
spanner,289.50,31045,1,8.921,
spanner,289.51,31046,1,8.854,
spanner,289.52,31047,1,9.228,
spanner,289.53,31048,1,7.750,
spanner,289.54,31049,1,8.265,
spanner,289.55,31050,1,8.071,
spanner,289.55,31051,1,7.628,
spanner,289.56,31052,1,8.127,
spanner,289.57,31053,1,8.497,
spanner,289.58,31054,1,8.236,
spanner,289.59,31055,1,8.061,
spanner,289.59,31056,1,8.977,
spanner,289.60,31057,1,8.643,
spanner,289.61,31058,1,7.127,
spanner,289.62,31059,1,8.933,
spanner,289.63,31060,1,10.766,
spanner,289.64,31061,1,8.893,
spanner,289.65,31062,1,9.424,
spanner,289.66,31063,1,11.421,
spanner,289.67,31064,1,9.326,
spanner,289.68,31065,1,10.415,
spanner,289.69,31066,1,13.023,
spanner,289.70,31067,1,13.287,
spanner,289.72,31068,1,11.107,
spanner,289.73,31069,1,9.950,
spanner,289.74,31070,1,9.874,
spanner,289.75,31071,1,9.748,
spanner,289.76,31072,1,11.666,
spanner,289.77,31073,1,10.137,
spanner,289.78,31074,1,10.170,
spanner,289.79,31075,1,8.714,
spanner,289.80,31076,1,8.514,
spanner,289.81,31077,1,7.702,
spanner,289.81,31078,1,9.069,
spanner,289.82,31079,1,10.264,
spanner,289.83,31080,1,13.283,
spanner,289.85,31081,1,10.846,
spanner,289.86,31082,1,12.509,
spanner,289.87,31083,1,9.555,
spanner,289.88,31084,1,8.982,
spanner,289.89,31085,1,8.335,
spanner,289.90,31086,1,9.574,
spanner,289.91,31087,1,10.369,
spanner,289.92,31088,1,8.865,
spanner,289.93,31089,1,8.293,
spanner,289.93,31090,1,10.618,
spanner,289.94,31091,1,10.124,
spanner,289.95,31092,1,12.375,
spanner,289.97,31093,1,12.654,
spanner,289.98,31094,1,10.549,
spanner,289.99,31095,1,10.806,
spanner,290.00,31096,1,11.158,
spanner,290.01,31097,1,9.648,
spanner,290.02,31098,1,10.989,
spanner,290.03,31099,1,12.149,
spanner,290.05,31100,1,10.309,
spanner,290.06,31101,1,9.946,
spanner,290.07,31102,1,13.246,
spanner,290.08,31103,1,10.773,
spanner,290.09,31104,1,9.596,
spanner,290.10,31105,1,10.455,
spanner,290.11,31106,1,11.591,
spanner,290.12,31107,1,10.844,
spanner,290.13,31108,1,9.651,
spanner,290.14,31109,1,10.912,
spanner,290.15,31110,1,11.600,
spanner,290.16,31111,1,11.565,
spanner,290.18,31112,1,9.335,
spanner,290.19,31113,1,9.707,
spanner,290.20,31114,1,10.042,
spanner,290.21,31115,1,10.492,
spanner,290.22,31116,1,12.315,
spanner,290.23,31117,1,12.524,
spanner,290.24,31118,1,10.680,
spanner,290.25,31119,1,10.487,
spanner,290.26,31120,1,11.992,
spanner,290.27,31121,1,9.987,
spanner,290.28,31122,1,10.277,
spanner,290.29,31123,1,9.444,
spanner,290.30,31124,1,9.850,
spanner,290.31,31125,1,11.445,
spanner,290.33,31126,1,11.672,
spanner,290.34,31127,1,10.478,
spanner,290.35,31128,1,11.466,
spanner,290.36,31129,1,8.758,
spanner,290.37,31130,1,10.562,
spanner,290.38,31131,1,12.889,
spanner,290.39,31132,1,12.144,
spanner,290.40,31133,1,13.930,
spanner,290.42,31134,1,11.195,
spanner,290.43,31135,1,7.230,
spanner,290.44,31136,1,6.698,
spanner,290.44,31137,1,8.408,
spanner,290.45,31138,1,7.688,
spanner,290.46,31139,1,9.744,
spanner,290.47,31140,1,10.552,
spanner,290.48,31141,1,8.708,
spanner,290.49,31142,1,8.091,
spanner,290.50,31143,1,6.597,
spanner,290.50,31144,1,9.705,
spanner,290.51,31145,1,8.427,
spanner,290.52,31146,1,7.810,
spanner,290.53,31147,1,9.072,
spanner,290.54,31148,1,8.239,
spanner,290.55,31149,1,6.862,
spanner,290.55,31150,1,6.722,
spanner,290.56,31151,1,6.484,
spanner,290.57,31152,1,8.106,
spanner,290.57,31153,1,7.355,
spanner,290.58,31154,1,8.035,
spanner,290.59,31155,1,6.409,
spanner,290.60,31156,1,6.417,
spanner,290.60,31157,1,6.526,
spanner,290.61,31158,1,19.856,
spanner,290.63,31159,1,10.477,
spanner,290.64,31160,1,10.293,
spanner,290.65,31161,1,6.593,
spanner,290.66,31162,1,7.303,
spanner,290.66,31163,1,7.160,
spanner,290.67,31164,1,6.623,
spanner,290.68,31165,1,7.043,
spanner,290.68,31166,1,6.246,
spanner,290.69,31167,1,7.996,
spanner,290.70,31168,1,6.628,
spanner,290.71,31169,1,7.225,
spanner,290.71,31170,1,7.094,
spanner,290.72,31171,1,6.189,
spanner,290.73,31172,1,5.769,
spanner,290.73,31173,1,5.689,
spanner,290.74,31174,1,5.998,
spanner,290.74,31175,1,7.046,
spanner,290.75,31176,1,6.855,
spanner,290.76,31177,1,6.705,
spanner,290.76,31178,1,7.679,
spanner,290.77,31179,1,8.628,
spanner,290.78,31180,1,8.566,
spanner,290.79,31181,1,9.995,
spanner,290.80,31182,1,8.195,
spanner,290.81,31183,1,6.340,
spanner,290.81,31184,1,6.585,
spanner,290.82,31185,1,6.233,
spanner,290.83,31186,1,6.995,
spanner,290.83,31187,1,7.203,
spanner,290.84,31188,1,6.780,
spanner,290.85,31189,1,6.231,
spanner,290.85,31190,1,6.209,
spanner,290.86,31191,1,7.564,
spanner,290.87,31192,1,7.706,
spanner,290.88,31193,1,6.991,
spanner,290.88,31194,1,7.283,
spanner,290.89,31195,1,7.286,
spanner,290.90,31196,1,7.293,
spanner,290.91,31197,1,7.522,
spanner,290.91,31198,1,6.356,
spanner,290.92,31199,1,8.328,
spanner,290.93,31200,1,9.361,
spanner,290.94,31201,1,8.880,
spanner,290.95,31202,1,10.349,
spanner,290.96,31203,1,8.011,
spanner,290.96,31204,1,7.176,
spanner,290.97,31205,1,7.697,
spanner,290.98,31206,1,7.928,
spanner,290.99,31207,1,6.714,
spanner,290.99,31208,1,7.049,
spanner,291.00,31209,1,7.168,
spanner,291.01,31210,1,7.513,
spanner,291.02,31211,1,7.345,
spanner,291.02,31212,1,7.487,
spanner,291.03,31213,1,7.016,
spanner,291.04,31214,1,6.670,
spanner,291.04,31215,1,6.931,
spanner,291.05,31216,1,7.344,
spanner,291.06,31217,1,8.895,
spanner,291.07,31218,1,6.788,
spanner,291.07,31219,1,6.421,
spanner,291.08,31220,1,6.530,
spanner,291.09,31221,1,6.255,
spanner,291.09,31222,1,8.533,
spanner,291.10,31223,1,8.708,
spanner,291.11,31224,1,7.134,
spanner,291.12,31225,1,8.462,
spanner,291.13,31226,1,9.129,
spanner,291.14,31227,1,11.659,
spanner,291.15,31228,1,11.668,
spanner,291.16,31229,1,11.286,
spanner,291.17,31230,1,11.730,
spanner,291.18,31231,1,11.866,
spanner,291.19,31232,1,8.054,
spanner,291.20,31233,1,9.652,
spanner,291.21,31234,1,8.701,
spanner,291.22,31235,1,10.990,
spanner,291.23,31236,1,11.471,
spanner,291.24,31237,1,11.317,
spanner,291.25,31238,1,10.376,
spanner,291.26,31239,1,12.452,
spanner,291.28,31240,1,12.433,
spanner,291.29,31241,1,11.044,
spanner,291.30,31242,1,10.947,
spanner,291.31,31243,1,13.247,
spanner,291.33,31244,1,11.739,
spanner,291.34,31245,1,11.812,
spanner,291.35,31246,1,11.236,
spanner,291.36,31247,1,10.726,
spanner,291.37,31248,1,10.308,
spanner,291.38,31249,1,9.982,
spanner,291.39,31250,1,10.941,
spanner,291.40,31251,1,11.327,
spanner,291.41,31252,1,9.876,
spanner,291.42,31253,1,9.387,
spanner,291.43,31254,1,9.041,
spanner,291.44,31255,1,9.738,
spanner,291.45,31256,1,10.638,
spanner,291.46,31257,1,10.529,
spanner,291.47,31258,1,12.000,
spanner,291.49,31259,1,11.778,
spanner,291.50,31260,1,12.030,
spanner,291.51,31261,1,12.923,
spanner,291.52,31262,1,10.785,
spanner,291.53,31263,1,8.347,
spanner,291.54,31264,1,8.116,
spanner,291.55,31265,1,7.636,
spanner,291.56,31266,1,8.042,
spanner,291.57,31267,1,9.806,
spanner,291.58,31268,1,12.438,
spanner,291.59,31269,1,11.227,
spanner,291.60,31270,1,9.365,
spanner,291.61,31271,1,8.392,
spanner,291.62,31272,1,9.180,
spanner,291.63,31273,1,14.924,
spanner,291.64,31274,1,12.811,
spanner,291.65,31275,1,11.035,
spanner,291.66,31276,1,12.376,
spanner,291.68,31277,1,10.558,
spanner,291.69,31278,1,8.539,
spanner,291.70,31279,1,9.357,
spanner,291.71,31280,1,9.039,
spanner,291.71,31281,1,7.672,
spanner,291.72,31282,1,9.836,
spanner,291.73,31283,1,8.380,
spanner,291.74,31284,1,8.958,
spanner,291.75,31285,1,8.808,
spanner,291.76,31286,1,8.191,
spanner,291.77,31287,1,8.216,
spanner,291.78,31288,1,10.260,
spanner,291.79,31289,1,10.224,
spanner,291.80,31290,1,8.899,
spanner,291.80,31291,1,7.925,
spanner,291.81,31292,1,7.281,
spanner,291.82,31293,1,8.432,
spanner,291.83,31294,1,10.040,
spanner,291.84,31295,1,9.460,
spanner,291.85,31296,1,9.089,
spanner,291.86,31297,1,8.824,
spanner,291.87,31298,1,8.393,
spanner,291.87,31299,1,8.307,
spanner,291.88,31300,1,8.809,
spanner,291.89,31301,1,8.352,
spanner,291.90,31302,1,9.055,
spanner,291.91,31303,1,8.155,
spanner,291.92,31304,1,8.473,
spanner,291.93,31305,1,8.864,
spanner,291.93,31306,1,8.553,
spanner,291.94,31307,1,8.545,
spanner,291.95,31308,1,8.193,
spanner,291.96,31309,1,8.285,
spanner,291.97,31310,1,7.965,
spanner,291.98,31311,1,9.037,
spanner,291.99,31312,1,9.127,
spanner,291.99,31313,1,8.103,
spanner,292.00,31314,1,8.474,
spanner,292.01,31315,1,8.256,
spanner,292.02,31316,1,8.399,
spanner,292.03,31317,1,9.416,
spanner,292.04,31318,1,9.499,
spanner,292.05,31319,1,8.586,
spanner,292.06,31320,1,8.697,
spanner,292.06,31321,1,8.966,
spanner,292.07,31322,1,9.969,
spanner,292.08,31323,1,8.169,
spanner,292.09,31324,1,8.359,
spanner,292.10,31325,1,8.510,
spanner,292.11,31326,1,8.602,
spanner,292.12,31327,1,8.858,
spanner,292.13,31328,1,10.036,
spanner,292.14,31329,1,9.848,
spanner,292.15,31330,1,8.838,
spanner,292.15,31331,1,8.531,
spanner,292.16,31332,1,10.054,
spanner,292.17,31333,1,11.379,
spanner,292.18,31334,1,12.591,
spanner,292.20,31335,1,13.203,
spanner,292.21,31336,1,11.984,
spanner,292.22,31337,1,10.036,
spanner,292.23,31338,1,12.630,
spanner,292.25,31339,1,13.352,
spanner,292.26,31340,1,11.854,
spanner,292.27,31341,1,9.714,
spanner,292.28,31342,1,10.237,
spanner,292.29,31343,1,10.681,
spanner,292.30,31344,1,9.070,
spanner,292.31,31345,1,8.561,
spanner,292.32,31346,1,7.329,
spanner,292.33,31347,1,6.456,
spanner,292.33,31348,1,7.761,
spanner,292.34,31349,1,10.992,
spanner,292.35,31350,1,9.746,
spanner,292.36,31351,1,7.271,
spanner,292.37,31352,1,6.157,
spanner,292.38,31353,1,5.909,
spanner,292.38,31354,1,6.378,
spanner,292.39,31355,1,8.422,
spanner,292.40,31356,1,9.404,
spanner,292.41,31357,1,7.903,
spanner,292.41,31358,1,7.342,
spanner,292.42,31359,1,7.232,
spanner,292.43,31360,1,8.842,
spanner,292.44,31361,1,8.897,
spanner,292.45,31362,1,6.957,
spanner,292.45,31363,1,7.036,
spanner,292.46,31364,1,11.465,
spanner,292.47,31365,1,8.957,
spanner,292.48,31366,1,8.948,
spanner,292.49,31367,1,8.737,
spanner,292.50,31368,1,9.028,
spanner,292.51,31369,1,8.685,
spanner,292.52,31370,1,10.941,
spanner,292.53,31371,1,11.101,
spanner,292.54,31372,1,7.646,
spanner,292.55,31373,1,6.757,
spanner,292.55,31374,1,6.752,
spanner,292.56,31375,1,6.525,
spanner,292.57,31376,1,6.356,
spanner,292.57,31377,1,6.023,
spanner,292.58,31378,1,6.649,
spanner,292.58,31379,1,6.643,
spanner,292.59,31380,1,6.296,
spanner,292.60,31381,1,6.528,
spanner,292.60,31382,1,7.588,
spanner,292.61,31383,1,7.382,
spanner,292.62,31384,1,5.995,
spanner,292.63,31385,1,6.431,
spanner,292.63,31386,1,7.066,
spanner,292.64,31387,1,7.669,
spanner,292.65,31388,1,7.178,
spanner,292.65,31389,1,7.078,
spanner,292.66,31390,1,7.668,
spanner,292.67,31391,1,6.689,
spanner,292.68,31392,1,7.290,
spanner,292.68,31393,1,6.144,
spanner,292.69,31394,1,6.665,
spanner,292.70,31395,1,7.489,
spanner,292.70,31396,1,11.570,
spanner,292.71,31397,1,7.739,
spanner,292.72,31398,1,9.272,
spanner,292.73,31399,1,9.604,
spanner,292.74,31400,1,9.007,
spanner,292.75,31401,1,7.705,
spanner,292.76,31402,1,9.254,
spanner,292.77,31403,1,10.238,
spanner,292.78,31404,1,16.293,
spanner,292.79,31405,1,16.194,
spanner,292.81,31406,1,8.449,
spanner,292.82,31407,1,7.753,
spanner,292.83,31408,1,7.086,
spanner,292.83,31409,1,7.144,
spanner,292.84,31410,1,6.794,
spanner,292.85,31411,1,10.615,
spanner,292.86,31412,1,11.267,
spanner,292.87,31413,1,8.004,
spanner,292.88,31414,1,7.679,
spanner,292.89,31415,1,7.192,
spanner,292.89,31416,1,6.665,
spanner,292.90,31417,1,7.089,
spanner,292.91,31418,1,6.826,
spanner,292.91,31419,1,7.134,
spanner,292.92,31420,1,6.886,
spanner,292.93,31421,1,6.728,
spanner,292.93,31422,1,7.055,
spanner,292.94,31423,1,7.447,
spanner,292.95,31424,1,16.511,
spanner,292.97,31425,1,8.473,
spanner,292.97,31426,1,9.778,
spanner,292.98,31427,1,9.259,
spanner,292.99,31428,1,7.856,
spanner,293.00,31429,1,7.646,
spanner,293.01,31430,1,7.817,
spanner,293.02,31431,1,7.518,
spanner,293.02,31432,1,7.752,
spanner,293.03,31433,1,8.585,
spanner,293.04,31434,1,8.701,
spanner,293.05,31435,1,8.298,
spanner,293.06,31436,1,8.422,
spanner,293.07,31437,1,7.949,
spanner,293.07,31438,1,8.113,
spanner,293.08,31439,1,8.413,
spanner,293.09,31440,1,7.753,
spanner,293.10,31441,1,8.425,
spanner,293.11,31442,1,8.047,
spanner,293.11,31443,1,8.083,
spanner,293.12,31444,1,8.173,
spanner,293.13,31445,1,8.092,
spanner,293.14,31446,1,7.813,
spanner,293.15,31447,1,8.168,
spanner,293.16,31448,1,8.256,
spanner,293.16,31449,1,7.771,
spanner,293.17,31450,1,8.224,
spanner,293.18,31451,1,10.749,
spanner,293.19,31452,1,11.215,
spanner,293.20,31453,1,12.244,
spanner,293.21,31454,1,9.429,
spanner,293.22,31455,1,8.625,
spanner,293.23,31456,1,8.828,
spanner,293.24,31457,1,8.087,
spanner,293.25,31458,1,10.406,
spanner,293.26,31459,1,10.083,
spanner,293.27,31460,1,8.828,
spanner,293.28,31461,1,11.460,
spanner,293.29,31462,1,10.210,
spanner,293.30,31463,1,9.642,
spanner,293.31,31464,1,9.252,
spanner,293.32,31465,1,7.999,
spanner,293.33,31466,1,11.968,
spanner,293.34,31467,1,11.329,
spanner,293.35,31468,1,9.128,
spanner,293.36,31469,1,7.964,
spanner,293.37,31470,1,9.701,
spanner,293.38,31471,1,11.260,
spanner,293.39,31472,1,12.259,
spanner,293.40,31473,1,12.665,
spanner,293.41,31474,1,9.589,
spanner,293.42,31475,1,6.809,
spanner,293.43,31476,1,7.672,
spanner,293.44,31477,1,8.789,
spanner,293.45,31478,1,9.238,
spanner,293.46,31479,1,8.067,
spanner,293.46,31480,1,8.324,
spanner,293.47,31481,1,9.721,
spanner,293.48,31482,1,11.825,
spanner,293.49,31483,1,12.493,
spanner,293.51,31484,1,11.728,
spanner,293.52,31485,1,10.619,
spanner,293.53,31486,1,10.954,
spanner,293.54,31487,1,12.205,
spanner,293.55,31488,1,9.907,
spanner,293.56,31489,1,9.304,
spanner,293.57,31490,1,8.958,
spanner,293.58,31491,1,8.997,
spanner,293.59,31492,1,9.311,
spanner,293.60,31493,1,8.401,
spanner,293.61,31494,1,10.319,
spanner,293.62,31495,1,8.720,
spanner,293.63,31496,1,7.837,
spanner,293.63,31497,1,7.811,
spanner,293.64,31498,1,7.932,
spanner,293.65,31499,1,8.030,
spanner,293.66,31500,1,7.626,
spanner,293.67,31501,1,7.863,
spanner,293.67,31502,1,8.793,
spanner,293.68,31503,1,8.101,
spanner,293.69,31504,1,8.492,
spanner,293.70,31505,1,8.907,
spanner,293.71,31506,1,8.758,
spanner,293.72,31507,1,8.684,
spanner,293.73,31508,1,8.159,
spanner,293.73,31509,1,7.440,
spanner,293.74,31510,1,8.267,
spanner,293.75,31511,1,9.427,
spanner,293.76,31512,1,9.824,
spanner,293.77,31513,1,9.770,
spanner,293.78,31514,1,12.469,
spanner,293.79,31515,1,12.145,
spanner,293.80,31516,1,11.125,
spanner,293.81,31517,1,10.837,
spanner,293.83,31518,1,9.794,
spanner,293.84,31519,1,10.996,
spanner,293.85,31520,1,8.536,
spanner,293.85,31521,1,8.417,
spanner,293.86,31522,1,8.823,
spanner,293.87,31523,1,8.327,
spanner,293.88,31524,1,8.206,
spanner,293.89,31525,1,8.223,
spanner,293.90,31526,1,8.776,
spanner,293.91,31527,1,8.393,
spanner,293.91,31528,1,8.284,
spanner,293.92,31529,1,7.929,
spanner,293.93,31530,1,8.450,
spanner,293.94,31531,1,8.328,
spanner,293.95,31532,1,8.649,
spanner,293.96,31533,1,8.027,
spanner,293.96,31534,1,7.711,
spanner,293.97,31535,1,7.799,
spanner,293.98,31536,1,8.024,
spanner,293.99,31537,1,9.063,
spanner,294.00,31538,1,10.171,
spanner,294.01,31539,1,11.271,
spanner,294.02,31540,1,9.992,
spanner,294.03,31541,1,9.254,
spanner,294.04,31542,1,9.529,
spanner,294.05,31543,1,9.229,
spanner,294.06,31544,1,9.614,
spanner,294.07,31545,1,8.556,
spanner,294.07,31546,1,8.590,
spanner,294.08,31547,1,8.701,
spanner,294.09,31548,1,10.945,
spanner,294.10,31549,1,11.899,
spanner,294.11,31550,1,11.402,
spanner,294.13,31551,1,11.742,
spanner,294.14,31552,1,10.838,
spanner,294.15,31553,1,10.508,
spanner,294.16,31554,1,13.186,
spanner,294.17,31555,1,12.279,
spanner,294.19,31556,1,12.258,
spanner,294.20,31557,1,12.556,
spanner,294.21,31558,1,10.366,
spanner,294.22,31559,1,8.669,
spanner,294.23,31560,1,8.607,
spanner,294.24,31561,1,9.636,
spanner,294.25,31562,1,9.482,
spanner,294.26,31563,1,9.265,
spanner,294.27,31564,1,10.223,
spanner,294.28,31565,1,7.862,
spanner,294.28,31566,1,8.274,
spanner,294.29,31567,1,11.180,
spanner,294.30,31568,1,9.028,
spanner,294.31,31569,1,8.325,
spanner,294.32,31570,1,6.867,
spanner,294.33,31571,1,7.163,
spanner,294.34,31572,1,8.203,
spanner,294.34,31573,1,10.866,
spanner,294.35,31574,1,10.998,
spanner,294.37,31575,1,9.646,
spanner,294.38,31576,1,9.421,
spanner,294.38,31577,1,9.860,
spanner,294.39,31578,1,11.632,
spanner,294.41,31579,1,11.451,
spanner,294.42,31580,1,9.183,
spanner,294.43,31581,1,9.471,
spanner,294.44,31582,1,9.886,
spanner,294.45,31583,1,11.283,
spanner,294.46,31584,1,10.933,
spanner,294.47,31585,1,12.120,
spanner,294.48,31586,1,11.431,
spanner,294.49,31587,1,9.083,
spanner,294.50,31588,1,7.721,
spanner,294.51,31589,1,6.592,
spanner,294.52,31590,1,6.845,
spanner,294.52,31591,1,9.052,
spanner,294.53,31592,1,12.254,
spanner,294.54,31593,1,7.847,
spanner,294.55,31594,1,7.515,
spanner,294.56,31595,1,7.223,
spanner,294.57,31596,1,8.962,
spanner,294.58,31597,1,11.731,
spanner,294.59,31598,1,11.874,
spanner,294.60,31599,1,11.114,
spanner,294.61,31600,1,12.526,
spanner,294.62,31601,1,12.491,
spanner,294.64,31602,1,11.709,
spanner,294.65,31603,1,11.486,
spanner,294.66,31604,1,10.865,
spanner,294.67,31605,1,9.696,
spanner,294.68,31606,1,10.419,
spanner,294.69,31607,1,11.932,
spanner,294.70,31608,1,12.236,
spanner,294.71,31609,1,9.796,
spanner,294.72,31610,1,7.934,
spanner,294.73,31611,1,7.509,
spanner,294.74,31612,1,7.166,
spanner,294.75,31613,1,7.189,
spanner,294.75,31614,1,7.118,
spanner,294.76,31615,1,7.192,
spanner,294.77,31616,1,9.805,
spanner,294.78,31617,1,11.136,
spanner,294.79,31618,1,11.640,
spanner,294.80,31619,1,11.890,
spanner,294.81,31620,1,8.073,
spanner,294.82,31621,1,6.766,
spanner,294.83,31622,1,6.930,
spanner,294.84,31623,1,7.982,
spanner,294.84,31624,1,6.827,
spanner,294.85,31625,1,7.075,
spanner,294.86,31626,1,6.812,
spanner,294.86,31627,1,6.840,
spanner,294.87,31628,1,7.805,
spanner,294.88,31629,1,7.445,
spanner,294.89,31630,1,7.376,
spanner,294.89,31631,1,7.127,
spanner,294.90,31632,1,8.315,
spanner,294.91,31633,1,8.696,
spanner,294.92,31634,1,10.623,
spanner,294.93,31635,1,11.128,
spanner,294.94,31636,1,8.693,
spanner,294.95,31637,1,10.050,
spanner,294.96,31638,1,7.370,
spanner,294.97,31639,1,6.568,
spanner,294.97,31640,1,8.071,
spanner,294.98,31641,1,9.625,
spanner,294.99,31642,1,9.540,
spanner,295.00,31643,1,12.813,
spanner,295.01,31644,1,10.785,
spanner,295.02,31645,1,9.423,
spanner,295.03,31646,1,12.748,
spanner,295.05,31647,1,10.076,
spanner,295.06,31648,1,8.356,
spanner,295.06,31649,1,9.607,
spanner,295.07,31650,1,11.190,
spanner,295.09,31651,1,10.961,
spanner,295.10,31652,1,11.008,
spanner,295.11,31653,1,12.647,
spanner,295.12,31654,1,11.279,
spanner,295.13,31655,1,9.682,
spanner,295.14,31656,1,10.903,
spanner,295.15,31657,1,10.871,
spanner,295.16,31658,1,9.836,
spanner,295.17,31659,1,9.959,
spanner,295.18,31660,1,10.990,
spanner,295.19,31661,1,8.180,
spanner,295.20,31662,1,8.726,
spanner,295.21,31663,1,7.132,
spanner,295.22,31664,1,7.411,
spanner,295.23,31665,1,7.590,
spanner,295.23,31666,1,7.297,
spanner,295.24,31667,1,8.008,
spanner,295.25,31668,1,7.646,
spanner,295.26,31669,1,7.611,
spanner,295.26,31670,1,7.084,
spanner,295.27,31671,1,8.834,
spanner,295.28,31672,1,11.861,
spanner,295.29,31673,1,11.827,
spanner,295.30,31674,1,12.654,
spanner,295.32,31675,1,10.747,
spanner,295.33,31676,1,9.799,
spanner,295.34,31677,1,9.039,
spanner,295.35,31678,1,8.297,
spanner,295.35,31679,1,9.237,
spanner,295.36,31680,1,11.909,
spanner,295.38,31681,1,8.438,
spanner,295.38,31682,1,10.524,
spanner,295.39,31683,1,9.991,
spanner,295.40,31684,1,8.285,
spanner,295.41,31685,1,9.013,
spanner,295.42,31686,1,9.264,
spanner,295.43,31687,1,10.730,
spanner,295.44,31688,1,11.052,
spanner,295.45,31689,1,8.773,
spanner,295.46,31690,1,7.869,
spanner,295.47,31691,1,7.181,
spanner,295.48,31692,1,7.358,
spanner,295.48,31693,1,7.748,
spanner,295.49,31694,1,7.524,
spanner,295.50,31695,1,9.157,
spanner,295.51,31696,1,11.024,
spanner,295.52,31697,1,12.161,
spanner,295.53,31698,1,12.001,
spanner,295.54,31699,1,13.106,
spanner,295.56,31700,1,10.444,
spanner,295.57,31701,1,8.700,
spanner,295.58,31702,1,10.506,
spanner,295.59,31703,1,12.250,
spanner,295.60,31704,1,12.225,
spanner,295.61,31705,1,10.623,
spanner,295.62,31706,1,12.090,
spanner,295.63,31707,1,10.081,
spanner,295.64,31708,1,9.325,
spanner,295.65,31709,1,9.253,
spanner,295.66,31710,1,8.332,
spanner,295.67,31711,1,9.463,
spanner,295.68,31712,1,11.570,
spanner,295.69,31713,1,14.702,
spanner,295.71,31714,1,10.781,
spanner,295.72,31715,1,8.468,
spanner,295.73,31716,1,7.873,
spanner,295.73,31717,1,7.641,
spanner,295.74,31718,1,8.631,
spanner,295.75,31719,1,7.789,
spanner,295.76,31720,1,8.260,
spanner,295.77,31721,1,8.165,
spanner,295.78,31722,1,8.512,
spanner,295.78,31723,1,8.515,
spanner,295.79,31724,1,10.227,
spanner,295.80,31725,1,9.045,
spanner,295.81,31726,1,8.206,
spanner,295.82,31727,1,8.240,
spanner,295.83,31728,1,10.599,
spanner,295.84,31729,1,11.268,
spanner,295.85,31730,1,13.495,
spanner,295.86,31731,1,13.505,
spanner,295.88,31732,1,12.866,
spanner,295.89,31733,1,13.279,
spanner,295.90,31734,1,10.590,
spanner,295.91,31735,1,10.102,
spanner,295.92,31736,1,11.623,
spanner,295.94,31737,1,11.529,
spanner,295.95,31738,1,11.639,
spanner,295.96,31739,1,13.261,
spanner,295.97,31740,1,12.914,
spanner,295.99,31741,1,10.220,
spanner,296.00,31742,1,12.723,
spanner,296.01,31743,1,11.423,
spanner,296.02,31744,1,13.135,
spanner,296.03,31745,1,13.174,
spanner,296.05,31746,1,12.533,
spanner,296.06,31747,1,12.081,
spanner,296.07,31748,1,12.412,
spanner,296.08,31749,1,11.055,
spanner,296.09,31750,1,12.536,
spanner,296.11,31751,1,13.135,
spanner,296.12,31752,1,13.444,
spanner,296.13,31753,1,11.726,
spanner,296.15,31754,1,9.317,
spanner,296.15,31755,1,9.711,
spanner,296.16,31756,1,10.805,
spanner,296.18,31757,1,12.634,
spanner,296.19,31758,1,13.004,
spanner,296.20,31759,1,14.314,
spanner,296.22,31760,1,15.174,
spanner,296.23,31761,1,14.606,
spanner,296.25,31762,1,12.334,
spanner,296.26,31763,1,10.975,
spanner,296.27,31764,1,11.440,
spanner,296.28,31765,1,13.021,
spanner,296.29,31766,1,13.818,
spanner,296.31,31767,1,13.241,
spanner,296.32,31768,1,10.567,
spanner,296.33,31769,1,11.616,
spanner,296.34,31770,1,13.880,
spanner,296.36,31771,1,13.417,
spanner,296.37,31772,1,13.154,
spanner,296.38,31773,1,11.695,
spanner,296.40,31774,1,12.410,
spanner,296.41,31775,1,13.860,
spanner,296.42,31776,1,13.180,
spanner,296.43,31777,1,11.967,
spanner,296.45,31778,1,13.104,
spanner,296.46,31779,1,9.811,
spanner,296.47,31780,1,12.110,
spanner,296.48,31781,1,12.744,
spanner,296.49,31782,1,13.547,
spanner,296.51,31783,1,9.529,
spanner,296.52,31784,1,7.263,
spanner,296.53,31785,1,6.843,
spanner,296.53,31786,1,6.776,
spanner,296.54,31787,1,8.350,
spanner,296.55,31788,1,6.852,
spanner,296.55,31789,1,6.084,
spanner,296.56,31790,1,7.005,
spanner,296.57,31791,1,6.754,
spanner,296.57,31792,1,6.457,
spanner,296.58,31793,1,6.099,
spanner,296.59,31794,1,6.188,
spanner,296.59,31795,1,7.419,
spanner,296.60,31796,1,9.197,
spanner,296.61,31797,1,11.830,
spanner,296.62,31798,1,10.845,
spanner,296.63,31799,1,10.528,
spanner,296.64,31800,1,11.725,
spanner,296.65,31801,1,10.383,
spanner,296.67,31802,1,10.185,
spanner,296.68,31803,1,11.248,
spanner,296.69,31804,1,12.600,
spanner,296.70,31805,1,13.027,
spanner,296.71,31806,1,11.350,
spanner,296.72,31807,1,9.464,
spanner,296.73,31808,1,9.896,
spanner,296.74,31809,1,7.459,
spanner,296.75,31810,1,6.248,
spanner,296.76,31811,1,7.159,
spanner,296.76,31812,1,6.754,
spanner,296.77,31813,1,7.366,
spanner,296.78,31814,1,6.732,
spanner,296.79,31815,1,7.406,
spanner,296.79,31816,1,8.079,
spanner,296.80,31817,1,8.519,
spanner,296.81,31818,1,9.361,
spanner,296.82,31819,1,8.016,
spanner,296.83,31820,1,7.265,
spanner,296.83,31821,1,8.286,
spanner,296.84,31822,1,9.969,
spanner,296.85,31823,1,12.247,
spanner,296.86,31824,1,10.197,
spanner,296.87,31825,1,9.483,
spanner,296.88,31826,1,10.077,
spanner,296.89,31827,1,10.210,
spanner,296.90,31828,1,7.014,
spanner,296.91,31829,1,6.862,
spanner,296.92,31830,1,6.949,
spanner,296.93,31831,1,7.525,
spanner,296.93,31832,1,8.543,
spanner,296.94,31833,1,9.979,
spanner,296.95,31834,1,10.978,
spanner,296.96,31835,1,7.904,
spanner,296.97,31836,1,6.775,
spanner,296.98,31837,1,6.554,
spanner,296.98,31838,1,6.379,
spanner,296.99,31839,1,6.283,
spanner,297.00,31840,1,6.210,
spanner,297.00,31841,1,6.332,
spanner,297.01,31842,1,7.344,
spanner,297.02,31843,1,6.697,
spanner,297.02,31844,1,6.129,
spanner,297.03,31845,1,7.338,
spanner,297.04,31846,1,8.329,
spanner,297.05,31847,1,9.088,
spanner,297.05,31848,1,8.545,
spanner,297.06,31849,1,8.873,
spanner,297.07,31850,1,11.834,
spanner,297.08,31851,1,11.448,
spanner,297.10,31852,1,10.687,
spanner,297.11,31853,1,9.569,
spanner,297.12,31854,1,11.388,
spanner,297.13,31855,1,10.965,
spanner,297.14,31856,1,10.740,
spanner,297.15,31857,1,10.479,
spanner,297.16,31858,1,11.380,
spanner,297.17,31859,1,10.034,
spanner,297.18,31860,1,7.779,
spanner,297.19,31861,1,7.686,
spanner,297.20,31862,1,10.406,
spanner,297.21,31863,1,10.954,
spanner,297.22,31864,1,8.250,
spanner,297.23,31865,1,7.911,
spanner,297.23,31866,1,7.574,
spanner,297.24,31867,1,8.046,
spanner,297.25,31868,1,10.364,
spanner,297.26,31869,1,12.779,
spanner,297.27,31870,1,10.302,
spanner,297.28,31871,1,10.613,
spanner,297.29,31872,1,11.794,
spanner,297.31,31873,1,11.721,
spanner,297.32,31874,1,10.446,
spanner,297.33,31875,1,9.512,
spanner,297.34,31876,1,10.486,
spanner,297.35,31877,1,11.360,
spanner,297.36,31878,1,10.752,
spanner,297.37,31879,1,8.748,
spanner,297.38,31880,1,10.418,
spanner,297.39,31881,1,10.546,
spanner,297.40,31882,1,11.398,
spanner,297.41,31883,1,9.029,
spanner,297.42,31884,1,9.967,
spanner,297.43,31885,1,11.461,
spanner,297.44,31886,1,11.658,
spanner,297.45,31887,1,10.640,
spanner,297.46,31888,1,10.471,
spanner,297.48,31889,1,8.953,
spanner,297.48,31890,1,9.203,
spanner,297.49,31891,1,7.213,
spanner,297.50,31892,1,7.692,
spanner,297.51,31893,1,7.594,
spanner,297.52,31894,1,8.726,
spanner,297.52,31895,1,7.900,
spanner,297.53,31896,1,8.067,
spanner,297.54,31897,1,9.220,
spanner,297.55,31898,1,6.791,
spanner,297.56,31899,1,7.193,
spanner,297.56,31900,1,7.848,
spanner,297.57,31901,1,8.879,
spanner,297.58,31902,1,11.438,
spanner,297.59,31903,1,8.928,
spanner,297.60,31904,1,8.094,
spanner,297.61,31905,1,8.276,
spanner,297.62,31906,1,7.543,
spanner,297.63,31907,1,9.048,
spanner,297.63,31908,1,9.699,
spanner,297.64,31909,1,11.980,
spanner,297.66,31910,1,10.639,
spanner,297.67,31911,1,9.291,
spanner,297.68,31912,1,8.472,
spanner,297.68,31913,1,7.805,
spanner,297.69,31914,1,8.020,
spanner,297.70,31915,1,9.466,
spanner,297.71,31916,1,8.806,
spanner,297.72,31917,1,8.121,
spanner,297.73,31918,1,8.194,
spanner,297.74,31919,1,8.309,
spanner,297.74,31920,1,8.244,
spanner,297.75,31921,1,7.966,
spanner,297.76,31922,1,9.252,
spanner,297.77,31923,1,7.905,
spanner,297.78,31924,1,8.186,
spanner,297.79,31925,1,8.254,
spanner,297.79,31926,1,8.735,
spanner,297.80,31927,1,7.785,
spanner,297.81,31928,1,8.440,
spanner,297.82,31929,1,8.651,
spanner,297.83,31930,1,8.803,
spanner,297.84,31931,1,10.172,
spanner,297.85,31932,1,11.965,
spanner,297.86,31933,1,10.267,
spanner,297.87,31934,1,9.167,
spanner,297.88,31935,1,8.758,
spanner,297.89,31936,1,8.822,
spanner,297.90,31937,1,9.461,
spanner,297.90,31938,1,11.124,
spanner,297.92,31939,1,11.848,
spanner,297.93,31940,1,9.614,
spanner,297.94,31941,1,7.799,
spanner,297.95,31942,1,8.917,
spanner,297.95,31943,1,10.183,
spanner,297.96,31944,1,9.901,
spanner,297.97,31945,1,8.432,
spanner,297.98,31946,1,8.493,
spanner,297.99,31947,1,7.233,
spanner,298.00,31948,1,8.338,
spanner,298.01,31949,1,8.081,
spanner,298.02,31950,1,7.941,
spanner,298.02,31951,1,9.312,
spanner,298.03,31952,1,9.738,
spanner,298.04,31953,1,9.399,
spanner,298.05,31954,1,8.885,
spanner,298.06,31955,1,10.213,
spanner,298.07,31956,1,11.829,
spanner,298.08,31957,1,12.813,
spanner,298.10,31958,1,13.448,
spanner,298.11,31959,1,12.658,
spanner,298.12,31960,1,12.721,
spanner,298.13,31961,1,12.849,
spanner,298.15,31962,1,15.017,
spanner,298.16,31963,1,13.590,
spanner,298.18,31964,1,14.163,
spanner,298.19,31965,1,12.946,
spanner,298.20,31966,1,16.147,
spanner,298.22,31967,1,14.189,
spanner,298.23,31968,1,10.219,
spanner,298.24,31969,1,9.023,
spanner,298.25,31970,1,9.034,
spanner,298.26,31971,1,9.208,
spanner,298.27,31972,1,11.514,
spanner,298.28,31973,1,11.016,
spanner,298.29,31974,1,12.724,
spanner,298.31,31975,1,11.456,
spanner,298.32,31976,1,12.984,
spanner,298.33,31977,1,12.221,
spanner,298.34,31978,1,11.936,
spanner,298.36,31979,1,11.389,
spanner,298.37,31980,1,13.546,
spanner,298.38,31981,1,13.837,
spanner,298.39,31982,1,13.286,
spanner,298.41,31983,1,12.672,
spanner,298.42,31984,1,11.156,
spanner,298.43,31985,1,8.766,
spanner,298.44,31986,1,7.466,
spanner,298.45,31987,1,6.821,
spanner,298.46,31988,1,6.614,
spanner,298.46,31989,1,7.976,
spanner,298.47,31990,1,7.989,
spanner,298.48,31991,1,7.987,
spanner,298.49,31992,1,8.585,
spanner,298.49,31993,1,11.279,
spanner,298.51,31994,1,10.872,
spanner,298.52,31995,1,11.141,
spanner,298.53,31996,1,10.027,
spanner,298.54,31997,1,11.631,
spanner,298.55,31998,1,10.135,
spanner,298.56,31999,1,11.153,
spanner,298.57,32000,1,11.159,
spanner,298.58,32001,1,10.439,
spanner,298.59,32002,1,9.276,
spanner,298.60,32003,1,7.048,
spanner,298.61,32004,1,9.581,
spanner,298.62,32005,1,10.771,
spanner,298.63,32006,1,9.353,
spanner,298.64,32007,1,7.403,
spanner,298.65,32008,1,7.515,
spanner,298.65,32009,1,7.561,
spanner,298.66,32010,1,6.445,
spanner,298.67,32011,1,6.820,
spanner,298.67,32012,1,7.882,
spanner,298.68,32013,1,7.479,
spanner,298.69,32014,1,9.532,
spanner,298.70,32015,1,12.507,
spanner,298.71,32016,1,11.352,
spanner,298.72,32017,1,9.116,
spanner,298.73,32018,1,8.030,
spanner,298.74,32019,1,8.056,
spanner,298.75,32020,1,7.088,
spanner,298.76,32021,1,6.518,
spanner,298.76,32022,1,7.199,
spanner,298.77,32023,1,6.631,
spanner,298.78,32024,1,5.931,
spanner,298.78,32025,1,7.038,
spanner,298.79,32026,1,7.370,
spanner,298.80,32027,1,7.417,
spanner,298.80,32028,1,6.653,
spanner,298.81,32029,1,6.609,
spanner,298.82,32030,1,6.770,
spanner,298.82,32031,1,6.645,
spanner,298.83,32032,1,6.402,
spanner,298.84,32033,1,6.222,
spanner,298.84,32034,1,6.996,
spanner,298.85,32035,1,7.930,
spanner,298.86,32036,1,9.437,
spanner,298.87,32037,1,8.149,
spanner,298.88,32038,1,6.932,
spanner,298.88,32039,1,7.682,
spanner,298.89,32040,1,6.816,
spanner,298.90,32041,1,7.147,
spanner,298.91,32042,1,6.685,
spanner,298.91,32043,1,7.225,
spanner,298.92,32044,1,7.066,
spanner,298.93,32045,1,7.146,
spanner,298.93,32046,1,7.019,
spanner,298.94,32047,1,6.126,
spanner,298.95,32048,1,6.958,
spanner,298.95,32049,1,7.321,
spanner,298.96,32050,1,8.369,
spanner,298.97,32051,1,7.848,
spanner,298.98,32052,1,7.540,
spanner,298.98,32053,1,7.535,
spanner,298.99,32054,1,7.409,
spanner,299.00,32055,1,8.361,
spanner,299.01,32056,1,7.558,
spanner,299.02,32057,1,7.183,
spanner,299.02,32058,1,6.828,
spanner,299.03,32059,1,6.290,
spanner,299.04,32060,1,6.598,
spanner,299.04,32061,1,6.064,
spanner,299.05,32062,1,8.668,
spanner,299.06,32063,1,8.573,
spanner,299.07,32064,1,8.107,
spanner,299.07,32065,1,7.959,
spanner,299.08,32066,1,6.973,
spanner,299.09,32067,1,6.059,
spanner,299.10,32068,1,6.531,
spanner,299.10,32069,1,6.202,
spanner,299.11,32070,1,6.152,
spanner,299.11,32071,1,6.649,
spanner,299.12,32072,1,7.913,
spanner,299.13,32073,1,7.359,
spanner,299.14,32074,1,7.553,
spanner,299.14,32075,1,11.003,
spanner,299.16,32076,1,11.867,
spanner,299.17,32077,1,11.074,
spanner,299.18,32078,1,9.855,
spanner,299.19,32079,1,9.558,
spanner,299.20,32080,1,12.946,
spanner,299.21,32081,1,12.324,
spanner,299.22,32082,1,8.844,
spanner,299.23,32083,1,12.344,
spanner,299.24,32084,1,12.185,
spanner,299.26,32085,1,11.837,
spanner,299.27,32086,1,11.691,
spanner,299.28,32087,1,10.435,
spanner,299.29,32088,1,10.704,
spanner,299.30,32089,1,9.861,
spanner,299.31,32090,1,7.913,
spanner,299.32,32091,1,8.606,
spanner,299.33,32092,1,8.227,
spanner,299.34,32093,1,7.439,
spanner,299.34,32094,1,7.048,
spanner,299.35,32095,1,7.178,
spanner,299.36,32096,1,6.620,
spanner,299.36,32097,1,6.836,
spanner,299.37,32098,1,8.392,
spanner,299.38,32099,1,10.260,
spanner,299.39,32100,1,10.547,
spanner,299.40,32101,1,11.788,
spanner,299.41,32102,1,11.066,
spanner,299.42,32103,1,9.192,
spanner,299.43,32104,1,10.640,
spanner,299.44,32105,1,10.550,
spanner,299.45,32106,1,9.562,
spanner,299.46,32107,1,9.090,
spanner,299.47,32108,1,7.330,
spanner,299.48,32109,1,7.202,
spanner,299.49,32110,1,8.327,
spanner,299.50,32111,1,9.018,
spanner,299.50,32112,1,10.418,
spanner,299.52,32113,1,9.831,
spanner,299.53,32114,1,11.969,
spanner,299.54,32115,1,13.667,
spanner,299.55,32116,1,10.562,
spanner,299.56,32117,1,9.577,
spanner,299.57,32118,1,10.348,
spanner,299.58,32119,1,11.232,
spanner,299.59,32120,1,10.809,
spanner,299.60,32121,1,12.253,
spanner,299.62,32122,1,11.679,
spanner,299.63,32123,1,9.534,
spanner,299.64,32124,1,8.241,
spanner,299.65,32125,1,8.348,
spanner,299.65,32126,1,10.593,
spanner,299.66,32127,1,8.156,
spanner,299.67,32128,1,8.140,
spanner,299.68,32129,1,9.725,
spanner,299.69,32130,1,10.692,
spanner,299.70,32131,1,10.983,
spanner,299.71,32132,1,9.175,
spanner,299.72,32133,1,7.964,
spanner,299.73,32134,1,8.108,
spanner,299.74,32135,1,8.534,
spanner,299.75,32136,1,8.888,
spanner,299.76,32137,1,8.282,
spanner,299.76,32138,1,7.826,
spanner,299.77,32139,1,8.800,
spanner,299.78,32140,1,9.401,
spanner,299.79,32141,1,8.672,
spanner,299.80,32142,1,8.196,
spanner,299.81,32143,1,7.549,
spanner,299.81,32144,1,7.265,
spanner,299.82,32145,1,8.966,
spanner,299.83,32146,1,9.876,
spanner,299.84,32147,1,11.314,
spanner,299.85,32148,1,10.948,
spanner,299.86,32149,1,10.241,
spanner,299.87,32150,1,9.298,
spanner,299.88,32151,1,10.518,
spanner,299.89,32152,1,8.823,
spanner,299.90,32153,1,7.964,
spanner,299.91,32154,1,7.720,
spanner,299.92,32155,1,7.943,
spanner,299.93,32156,1,8.957,
spanner,299.93,32157,1,10.631,
spanner,299.94,32158,1,13.255,
spanner,299.96,32159,1,13.923,
spanner,299.97,32160,1,12.717,
spanner,299.99,32161,1,12.774,
spanner,300.00,32162,1,14.536,
